solid OpenSCAD_Model
  facet normal 1 -0 0
    outer loop
      vertex 7.25 29.5 30
      vertex 7.25 32.5 5
      vertex 7.25 32.5 30
    endloop
  endfacet
  facet normal 1 0 0
    outer loop
      vertex 7.25 32.5 5
      vertex 7.25 29.5 30
      vertex 7.25 29.5 5
    endloop
  endfacet
  facet normal -0 0 1
    outer loop
      vertex -4.7 32.5 30
      vertex 7.25 29.5 30
      vertex 7.25 32.5 30
    endloop
  endfacet
  facet normal 0 0 1
    outer loop
      vertex 7.25 29.5 30
      vertex -4.7 32.5 30
      vertex -4.7 29.5 30
    endloop
  endfacet
  facet normal 0 0 -1
    outer loop
      vertex -57.75 29.5 0
      vertex -57.5 32.5 0
      vertex -57.5 29.5 0
    endloop
  endfacet
  facet normal -0 0 -1
    outer loop
      vertex -57.5 32.5 0
      vertex -57.75 29.5 0
      vertex -57.75 32.5 0
    endloop
  endfacet
  facet normal 0 0 -1
    outer loop
      vertex -57.5 29.5 0
      vertex -2 0 0
      vertex -57.5 0 0
    endloop
  endfacet
  facet normal 0 0 -1
    outer loop
      vertex -2 0 0
      vertex -57.5 29.5 0
      vertex -2 62.5 0
    endloop
  endfacet
  facet normal 0 0 -1
    outer loop
      vertex -57.5 32.5 0
      vertex -2 62.5 0
      vertex -57.5 29.5 0
    endloop
  endfacet
  facet normal -0 0 -1
    outer loop
      vertex -2 62.5 0
      vertex -57.5 32.5 0
      vertex -57.5 62.5 0
    endloop
  endfacet
  facet normal 0 0 -1
    outer loop
      vertex -57.5 -10.3 0
      vertex -2 -4.3 0
      vertex -2 -10.3 0
    endloop
  endfacet
  facet normal -0 0 -1
    outer loop
      vertex -2 -4.3 0
      vertex -57.5 -10.3 0
      vertex -57.5 -4.3 0
    endloop
  endfacet
  facet normal -1 0 0
    outer loop
      vertex -4.7 29.5 8
      vertex -4.7 32.5 30
      vertex -4.7 32.5 8
    endloop
  endfacet
  facet normal -1 -0 0
    outer loop
      vertex -4.7 32.5 30
      vertex -4.7 29.5 8
      vertex -4.7 29.5 30
    endloop
  endfacet
  facet normal 0 1 -0
    outer loop
      vertex -0.310007 32.5 24.6421
      vertex -4.7 32.5 30
      vertex 7.25 32.5 30
    endloop
  endfacet
  facet normal 0 1 0
    outer loop
      vertex -4.7 32.5 30
      vertex -0.528105 32.5 24.6855
      vertex -0.75 32.5 24.7
    endloop
  endfacet
  facet normal 0 1 0
    outer loop
      vertex -4.7 32.5 30
      vertex -0.310007 32.5 24.6421
      vertex -0.528105 32.5 24.6855
    endloop
  endfacet
  facet normal 0 1 0
    outer loop
      vertex 7.25 32.5 30
      vertex -0.0994377 32.5 24.5706
      vertex -0.310007 32.5 24.6421
    endloop
  endfacet
  facet normal 0 1 0
    outer loop
      vertex 7.25 32.5 30
      vertex 0.0999994 32.5 24.4722
      vertex -0.0994377 32.5 24.5706
    endloop
  endfacet
  facet normal 0 1 0
    outer loop
      vertex 7.25 32.5 30
      vertex 0.284894 32.5 24.3487
      vertex 0.0999994 32.5 24.4722
    endloop
  endfacet
  facet normal 0 1 0
    outer loop
      vertex 7.25 32.5 30
      vertex 0.452081 32.5 24.2021
      vertex 0.284894 32.5 24.3487
    endloop
  endfacet
  facet normal 0 1 0
    outer loop
      vertex 7.25 32.5 30
      vertex 0.598701 32.5 24.0349
      vertex 0.452081 32.5 24.2021
    endloop
  endfacet
  facet normal 0 1 0
    outer loop
      vertex 7.25 32.5 30
      vertex 0.722242 32.5 23.85
      vertex 0.598701 32.5 24.0349
    endloop
  endfacet
  facet normal 0 1 0
    outer loop
      vertex 7.25 32.5 30
      vertex 0.820595 32.5 23.6506
      vertex 0.722242 32.5 23.85
    endloop
  endfacet
  facet normal 0 1 0
    outer loop
      vertex 7.25 32.5 30
      vertex 0.892074 32.5 23.44
      vertex 0.820595 32.5 23.6506
    endloop
  endfacet
  facet normal 0 1 0
    outer loop
      vertex 7.25 32.5 30
      vertex 0.935455 32.5 23.2219
      vertex 0.892074 32.5 23.44
    endloop
  endfacet
  facet normal 0 1 0
    outer loop
      vertex 7.25 32.5 30
      vertex 0.95 32.5 23
      vertex 0.935455 32.5 23.2219
    endloop
  endfacet
  facet normal 0 1 0
    outer loop
      vertex 7.25 32.5 30
      vertex 0.935455 32.5 22.7781
      vertex 0.95 32.5 23
    endloop
  endfacet
  facet normal 0 1 0
    outer loop
      vertex 7.25 32.5 30
      vertex 0.892074 32.5 22.56
      vertex 0.935455 32.5 22.7781
    endloop
  endfacet
  facet normal 0 1 0
    outer loop
      vertex 7.25 32.5 30
      vertex 0.820595 32.5 22.3494
      vertex 0.892074 32.5 22.56
    endloop
  endfacet
  facet normal 0 1 0
    outer loop
      vertex 0.820595 32.5 13.6506
      vertex 0.820595 32.5 22.3494
      vertex 7.25 32.5 30
    endloop
  endfacet
  facet normal 0 1 0
    outer loop
      vertex 0.820595 32.5 22.3494
      vertex 0.820595 32.5 13.6506
      vertex 0.722242 32.5 22.15
    endloop
  endfacet
  facet normal 0 1 0
    outer loop
      vertex -0.528105 32.5 21.3145
      vertex -0.75 32.5 14.7
      vertex -0.75 32.5 21.3
    endloop
  endfacet
  facet normal 0 1 0
    outer loop
      vertex -0.528105 32.5 14.6855
      vertex -0.528105 32.5 21.3145
      vertex -0.310007 32.5 21.3579
    endloop
  endfacet
  facet normal 0 1 0
    outer loop
      vertex -0.310007 32.5 14.6421
      vertex -0.310007 32.5 21.3579
      vertex -0.0994377 32.5 21.4294
    endloop
  endfacet
  facet normal 0 1 0
    outer loop
      vertex -0.0994377 32.5 14.5706
      vertex -0.0994377 32.5 21.4294
      vertex 0.0999994 32.5 21.5278
    endloop
  endfacet
  facet normal 0 1 0
    outer loop
      vertex 0.0999994 32.5 14.4722
      vertex 0.0999994 32.5 21.5278
      vertex 0.284894 32.5 21.6513
    endloop
  endfacet
  facet normal 0 1 0
    outer loop
      vertex 0.284894 32.5 14.3487
      vertex 0.284894 32.5 21.6513
      vertex 0.452081 32.5 21.7979
    endloop
  endfacet
  facet normal 0 1 0
    outer loop
      vertex 0.452081 32.5 14.2021
      vertex 0.452081 32.5 21.7979
      vertex 0.598701 32.5 21.9651
    endloop
  endfacet
  facet normal -0 1 0
    outer loop
      vertex 0.722242 32.5 13.85
      vertex 0.722242 32.5 22.15
      vertex 0.820595 32.5 13.6506
    endloop
  endfacet
  facet normal 0 1 0
    outer loop
      vertex -0.528105 32.5 21.3145
      vertex -0.528105 32.5 14.6855
      vertex -0.75 32.5 14.7
    endloop
  endfacet
  facet normal 0 1 0
    outer loop
      vertex -0.310007 32.5 21.3579
      vertex -0.310007 32.5 14.6421
      vertex -0.528105 32.5 14.6855
    endloop
  endfacet
  facet normal 0 1 0
    outer loop
      vertex -0.0994377 32.5 21.4294
      vertex -0.0994377 32.5 14.5706
      vertex -0.310007 32.5 14.6421
    endloop
  endfacet
  facet normal 0 1 0
    outer loop
      vertex 0.0999994 32.5 21.5278
      vertex 0.0999994 32.5 14.4722
      vertex -0.0994377 32.5 14.5706
    endloop
  endfacet
  facet normal 0 1 0
    outer loop
      vertex 0.284894 32.5 21.6513
      vertex 0.284894 32.5 14.3487
      vertex 0.0999994 32.5 14.4722
    endloop
  endfacet
  facet normal 0 1 0
    outer loop
      vertex 0.452081 32.5 21.7979
      vertex 0.452081 32.5 14.2021
      vertex 0.284894 32.5 14.3487
    endloop
  endfacet
  facet normal 0 1 0
    outer loop
      vertex 0.598701 32.5 21.9651
      vertex 0.598701 32.5 14.0349
      vertex 0.452081 32.5 14.2021
    endloop
  endfacet
  facet normal 0 1 0
    outer loop
      vertex 0.598701 32.5 21.9651
      vertex 0.722242 32.5 13.85
      vertex 0.598701 32.5 14.0349
    endloop
  endfacet
  facet normal 0 1 0
    outer loop
      vertex 0.722242 32.5 22.15
      vertex 0.722242 32.5 13.85
      vertex 0.598701 32.5 21.9651
    endloop
  endfacet
  facet normal 0 1 0
    outer loop
      vertex 7.25 32.5 30
      vertex 0.892074 32.5 13.44
      vertex 0.820595 32.5 13.6506
    endloop
  endfacet
  facet normal 0 1 -0
    outer loop
      vertex 7.25 32.5 5
      vertex 0.892074 32.5 13.44
      vertex 7.25 32.5 30
    endloop
  endfacet
  facet normal 0 1 0
    outer loop
      vertex 0.892074 32.5 13.44
      vertex 7.25 32.5 5
      vertex 0.935455 32.5 13.2219
    endloop
  endfacet
  facet normal 0 1 0
    outer loop
      vertex 0.935455 32.5 13.2219
      vertex 7.25 32.5 5
      vertex 0.95 32.5 13
    endloop
  endfacet
  facet normal 0 1 0
    outer loop
      vertex 0.95 32.5 13
      vertex 7.25 32.5 5
      vertex 0.935455 32.5 12.7781
    endloop
  endfacet
  facet normal 0 1 0
    outer loop
      vertex 0.935455 32.5 12.7781
      vertex 7.25 32.5 5
      vertex 0.892074 32.5 12.56
    endloop
  endfacet
  facet normal 0 1 0
    outer loop
      vertex -2 32.5 5
      vertex -0.75 32.5 11.3
      vertex -0.528105 32.5 11.3145
    endloop
  endfacet
  facet normal 0 1 0
    outer loop
      vertex -2 32.5 5
      vertex -0.528105 32.5 11.3145
      vertex -0.310007 32.5 11.3579
    endloop
  endfacet
  facet normal 0 1 0
    outer loop
      vertex -2 32.5 5
      vertex -0.310007 32.5 11.3579
      vertex -0.0994377 32.5 11.4294
    endloop
  endfacet
  facet normal 0 1 0
    outer loop
      vertex -2 32.5 5
      vertex -0.0994377 32.5 11.4294
      vertex 0.0999994 32.5 11.5278
    endloop
  endfacet
  facet normal 0 1 0
    outer loop
      vertex 7.25 32.5 5
      vertex 0.0999994 32.5 11.5278
      vertex 0.284894 32.5 11.6513
    endloop
  endfacet
  facet normal 0 1 0
    outer loop
      vertex 0.892074 32.5 12.56
      vertex 7.25 32.5 5
      vertex 0.820595 32.5 12.3494
    endloop
  endfacet
  facet normal 0 1 0
    outer loop
      vertex 7.25 32.5 5
      vertex 0.722242 32.5 12.15
      vertex 0.820595 32.5 12.3494
    endloop
  endfacet
  facet normal 0 1 0
    outer loop
      vertex 7.25 32.5 5
      vertex 0.598701 32.5 11.9651
      vertex 0.722242 32.5 12.15
    endloop
  endfacet
  facet normal 0 1 0
    outer loop
      vertex 7.25 32.5 5
      vertex 0.452081 32.5 11.7979
      vertex 0.598701 32.5 11.9651
    endloop
  endfacet
  facet normal 0 1 0
    outer loop
      vertex 7.25 32.5 5
      vertex 0.284894 32.5 11.6513
      vertex 0.452081 32.5 11.7979
    endloop
  endfacet
  facet normal 0 1 0
    outer loop
      vertex 0.0999994 32.5 11.5278
      vertex 7.25 32.5 5
      vertex -2 32.5 5
    endloop
  endfacet
  facet normal 0 1 0
    outer loop
      vertex -0.75 32.5 11.3
      vertex -2 32.5 5
      vertex -4 32.5 8
    endloop
  endfacet
  facet normal 0 1 0
    outer loop
      vertex -4 32.5 4
      vertex -2 32.5 5
      vertex -2 32.5 4
    endloop
  endfacet
  facet normal 0 1 0
    outer loop
      vertex -2 32.5 5
      vertex -4 32.5 4
      vertex -4 32.5 8
    endloop
  endfacet
  facet normal 0 1 -0
    outer loop
      vertex -0.971894 32.5 24.6855
      vertex -4.7 32.5 30
      vertex -0.75 32.5 24.7
    endloop
  endfacet
  facet normal 0 1 -0
    outer loop
      vertex -1.18999 32.5 24.6421
      vertex -4.7 32.5 30
      vertex -0.971894 32.5 24.6855
    endloop
  endfacet
  facet normal 0 1 -0
    outer loop
      vertex -1.40056 32.5 24.5706
      vertex -4.7 32.5 30
      vertex -1.18999 32.5 24.6421
    endloop
  endfacet
  facet normal 0 1 -0
    outer loop
      vertex -1.6 32.5 24.4722
      vertex -4.7 32.5 30
      vertex -1.40056 32.5 24.5706
    endloop
  endfacet
  facet normal 0 1 -0
    outer loop
      vertex -1.78489 32.5 24.3487
      vertex -4.7 32.5 30
      vertex -1.6 32.5 24.4722
    endloop
  endfacet
  facet normal 0 1 -0
    outer loop
      vertex -1.95208 32.5 24.2021
      vertex -4.7 32.5 30
      vertex -1.78489 32.5 24.3487
    endloop
  endfacet
  facet normal 0 1 -0
    outer loop
      vertex -2.0987 32.5 24.0349
      vertex -4.7 32.5 30
      vertex -1.95208 32.5 24.2021
    endloop
  endfacet
  facet normal 0 1 -0
    outer loop
      vertex -2.22224 32.5 23.85
      vertex -4.7 32.5 30
      vertex -2.0987 32.5 24.0349
    endloop
  endfacet
  facet normal 0 1 -0
    outer loop
      vertex -2.32059 32.5 23.6506
      vertex -4.7 32.5 30
      vertex -2.22224 32.5 23.85
    endloop
  endfacet
  facet normal 0 1 -0
    outer loop
      vertex -2.39207 32.5 23.44
      vertex -4.7 32.5 30
      vertex -2.32059 32.5 23.6506
    endloop
  endfacet
  facet normal 0 1 -0
    outer loop
      vertex -2.43546 32.5 23.2219
      vertex -4.7 32.5 30
      vertex -2.39207 32.5 23.44
    endloop
  endfacet
  facet normal 0 1 -0
    outer loop
      vertex -2.45 32.5 23
      vertex -4.7 32.5 30
      vertex -2.43546 32.5 23.2219
    endloop
  endfacet
  facet normal 0 1 0
    outer loop
      vertex -2.43546 32.5 22.7781
      vertex -4.7 32.5 30
      vertex -2.45 32.5 23
    endloop
  endfacet
  facet normal 0 1 0
    outer loop
      vertex -4.7 32.5 8
      vertex -2.43546 32.5 22.7781
      vertex -2.39207 32.5 22.56
    endloop
  endfacet
  facet normal 0 1 -0
    outer loop
      vertex -0.75 32.5 14.7
      vertex -0.971894 32.5 21.3145
      vertex -0.75 32.5 21.3
    endloop
  endfacet
  facet normal 0 1 0
    outer loop
      vertex -0.971894 32.5 14.6855
      vertex -0.971894 32.5 21.3145
      vertex -0.75 32.5 14.7
    endloop
  endfacet
  facet normal 0 1 0
    outer loop
      vertex -0.971894 32.5 21.3145
      vertex -0.971894 32.5 14.6855
      vertex -1.18999 32.5 21.3579
    endloop
  endfacet
  facet normal 0 1 0
    outer loop
      vertex -1.18999 32.5 14.6421
      vertex -1.18999 32.5 21.3579
      vertex -0.971894 32.5 14.6855
    endloop
  endfacet
  facet normal 0 1 0
    outer loop
      vertex -1.18999 32.5 21.3579
      vertex -1.18999 32.5 14.6421
      vertex -1.40056 32.5 21.4294
    endloop
  endfacet
  facet normal 0 1 0
    outer loop
      vertex -1.40056 32.5 14.5706
      vertex -1.40056 32.5 21.4294
      vertex -1.18999 32.5 14.6421
    endloop
  endfacet
  facet normal 0 1 0
    outer loop
      vertex -1.40056 32.5 21.4294
      vertex -1.40056 32.5 14.5706
      vertex -1.6 32.5 21.5278
    endloop
  endfacet
  facet normal 0 1 0
    outer loop
      vertex -1.6 32.5 14.4722
      vertex -1.6 32.5 21.5278
      vertex -1.40056 32.5 14.5706
    endloop
  endfacet
  facet normal 0 1 0
    outer loop
      vertex -1.6 32.5 21.5278
      vertex -1.6 32.5 14.4722
      vertex -1.78489 32.5 21.6513
    endloop
  endfacet
  facet normal 0 1 0
    outer loop
      vertex -1.78489 32.5 14.3487
      vertex -1.78489 32.5 21.6513
      vertex -1.6 32.5 14.4722
    endloop
  endfacet
  facet normal 0 1 0
    outer loop
      vertex -1.78489 32.5 21.6513
      vertex -1.78489 32.5 14.3487
      vertex -1.95208 32.5 21.7979
    endloop
  endfacet
  facet normal 0 1 0
    outer loop
      vertex -1.95208 32.5 14.2021
      vertex -1.95208 32.5 21.7979
      vertex -1.78489 32.5 14.3487
    endloop
  endfacet
  facet normal 0 1 0
    outer loop
      vertex -1.95208 32.5 21.7979
      vertex -1.95208 32.5 14.2021
      vertex -2.0987 32.5 21.9651
    endloop
  endfacet
  facet normal 0 1 0
    outer loop
      vertex -2.0987 32.5 14.0349
      vertex -2.0987 32.5 21.9651
      vertex -1.95208 32.5 14.2021
    endloop
  endfacet
  facet normal 0 1 0
    outer loop
      vertex -2.0987 32.5 21.9651
      vertex -2.0987 32.5 14.0349
      vertex -2.22224 32.5 22.15
    endloop
  endfacet
  facet normal 0 1 0
    outer loop
      vertex -2.22224 32.5 13.85
      vertex -2.22224 32.5 22.15
      vertex -2.0987 32.5 14.0349
    endloop
  endfacet
  facet normal 0 1 0
    outer loop
      vertex -2.22224 32.5 22.15
      vertex -2.22224 32.5 13.85
      vertex -2.32059 32.5 22.3494
    endloop
  endfacet
  facet normal 0 1 0
    outer loop
      vertex -2.32059 32.5 13.6506
      vertex -2.32059 32.5 22.3494
      vertex -2.22224 32.5 13.85
    endloop
  endfacet
  facet normal 0 1 0
    outer loop
      vertex -2.32059 32.5 22.3494
      vertex -2.32059 32.5 13.6506
      vertex -2.39207 32.5 22.56
    endloop
  endfacet
  facet normal 0 1 0
    outer loop
      vertex -2.39207 32.5 13.44
      vertex -2.39207 32.5 22.56
      vertex -2.32059 32.5 13.6506
    endloop
  endfacet
  facet normal 0 1 0
    outer loop
      vertex -4.7 32.5 8
      vertex -2.39207 32.5 22.56
      vertex -2.39207 32.5 13.44
    endloop
  endfacet
  facet normal 0 1 0
    outer loop
      vertex -4.7 32.5 8
      vertex -2.39207 32.5 13.44
      vertex -2.43546 32.5 13.2219
    endloop
  endfacet
  facet normal 0 1 0
    outer loop
      vertex -4.7 32.5 8
      vertex -2.43546 32.5 13.2219
      vertex -2.45 32.5 13
    endloop
  endfacet
  facet normal 0 1 0
    outer loop
      vertex -4.7 32.5 8
      vertex -2.45 32.5 13
      vertex -2.43546 32.5 12.7781
    endloop
  endfacet
  facet normal 0 1 0
    outer loop
      vertex -4 32.5 8
      vertex -0.971894 32.5 11.3145
      vertex -0.75 32.5 11.3
    endloop
  endfacet
  facet normal 0 1 0
    outer loop
      vertex -4 32.5 8
      vertex -1.18999 32.5 11.3579
      vertex -0.971894 32.5 11.3145
    endloop
  endfacet
  facet normal 0 1 0
    outer loop
      vertex -4 32.5 8
      vertex -1.40056 32.5 11.4294
      vertex -1.18999 32.5 11.3579
    endloop
  endfacet
  facet normal 0 1 0
    outer loop
      vertex -4 32.5 8
      vertex -1.6 32.5 11.5278
      vertex -1.40056 32.5 11.4294
    endloop
  endfacet
  facet normal 0 1 0
    outer loop
      vertex -4 32.5 8
      vertex -1.78489 32.5 11.6513
      vertex -1.6 32.5 11.5278
    endloop
  endfacet
  facet normal 0 1 0
    outer loop
      vertex -4 32.5 8
      vertex -1.95208 32.5 11.7979
      vertex -1.78489 32.5 11.6513
    endloop
  endfacet
  facet normal 0 1 0
    outer loop
      vertex -4 32.5 8
      vertex -2.0987 32.5 11.9651
      vertex -1.95208 32.5 11.7979
    endloop
  endfacet
  facet normal 0 1 0
    outer loop
      vertex -4 32.5 8
      vertex -2.22224 32.5 12.15
      vertex -2.0987 32.5 11.9651
    endloop
  endfacet
  facet normal 0 1 0
    outer loop
      vertex -4.7 32.5 8
      vertex -2.22224 32.5 12.15
      vertex -4 32.5 8
    endloop
  endfacet
  facet normal 0 1 0
    outer loop
      vertex -2.22224 32.5 12.15
      vertex -4.7 32.5 8
      vertex -2.32059 32.5 12.3494
    endloop
  endfacet
  facet normal 0 1 0
    outer loop
      vertex -2.32059 32.5 12.3494
      vertex -4.7 32.5 8
      vertex -2.39207 32.5 12.56
    endloop
  endfacet
  facet normal 0 1 0
    outer loop
      vertex -2.39207 32.5 12.56
      vertex -4.7 32.5 8
      vertex -2.43546 32.5 12.7781
    endloop
  endfacet
  facet normal 0 1 0
    outer loop
      vertex -2.43546 32.5 22.7781
      vertex -4.7 32.5 8
      vertex -4.7 32.5 30
    endloop
  endfacet
  facet normal 0 -1 0
    outer loop
      vertex -4 29.5 4
      vertex -2 29.5 5
      vertex -4 29.5 8
    endloop
  endfacet
  facet normal 0 -1 -0
    outer loop
      vertex -2 29.5 5
      vertex -4 29.5 4
      vertex -2 29.5 4
    endloop
  endfacet
  facet normal 0 -1 0
    outer loop
      vertex -0.528105 29.5 24.6855
      vertex -4.7 29.5 30
      vertex -0.75 29.5 24.7
    endloop
  endfacet
  facet normal 0 -1 0
    outer loop
      vertex -4.7 29.5 30
      vertex -0.971894 29.5 24.6855
      vertex -0.75 29.5 24.7
    endloop
  endfacet
  facet normal 0 -1 0
    outer loop
      vertex -4.7 29.5 30
      vertex -1.18999 29.5 24.6421
      vertex -0.971894 29.5 24.6855
    endloop
  endfacet
  facet normal 0 -1 0
    outer loop
      vertex -4.7 29.5 30
      vertex -1.40056 29.5 24.5706
      vertex -1.18999 29.5 24.6421
    endloop
  endfacet
  facet normal 0 -1 0
    outer loop
      vertex -4.7 29.5 30
      vertex -1.6 29.5 24.4722
      vertex -1.40056 29.5 24.5706
    endloop
  endfacet
  facet normal 0 -1 0
    outer loop
      vertex -4.7 29.5 30
      vertex -1.78489 29.5 24.3487
      vertex -1.6 29.5 24.4722
    endloop
  endfacet
  facet normal 0 -1 0
    outer loop
      vertex -4.7 29.5 30
      vertex -1.95208 29.5 24.2021
      vertex -1.78489 29.5 24.3487
    endloop
  endfacet
  facet normal 0 -1 0
    outer loop
      vertex -4.7 29.5 30
      vertex -2.0987 29.5 24.0349
      vertex -1.95208 29.5 24.2021
    endloop
  endfacet
  facet normal 0 -1 0
    outer loop
      vertex -4.7 29.5 30
      vertex -2.22224 29.5 23.85
      vertex -2.0987 29.5 24.0349
    endloop
  endfacet
  facet normal 0 -1 0
    outer loop
      vertex -4.7 29.5 30
      vertex -2.32059 29.5 23.6506
      vertex -2.22224 29.5 23.85
    endloop
  endfacet
  facet normal 0 -1 0
    outer loop
      vertex -4.7 29.5 30
      vertex -2.39207 29.5 23.44
      vertex -2.32059 29.5 23.6506
    endloop
  endfacet
  facet normal 0 -1 0
    outer loop
      vertex -4.7 29.5 30
      vertex -2.43546 29.5 23.2219
      vertex -2.39207 29.5 23.44
    endloop
  endfacet
  facet normal 0 -1 0
    outer loop
      vertex -4.7 29.5 30
      vertex -2.45 29.5 23
      vertex -2.43546 29.5 23.2219
    endloop
  endfacet
  facet normal 0 -1 0
    outer loop
      vertex -4.7 29.5 30
      vertex -2.43546 29.5 22.7781
      vertex -2.45 29.5 23
    endloop
  endfacet
  facet normal 0 -1 0
    outer loop
      vertex -4.7 29.5 8
      vertex -2.43546 29.5 22.7781
      vertex -4.7 29.5 30
    endloop
  endfacet
  facet normal 0 -1 0
    outer loop
      vertex -0.971894 29.5 21.3145
      vertex -0.75 29.5 14.7
      vertex -0.75 29.5 21.3
    endloop
  endfacet
  facet normal 0 -1 0
    outer loop
      vertex -0.971894 29.5 14.6855
      vertex -0.971894 29.5 21.3145
      vertex -1.18999 29.5 21.3579
    endloop
  endfacet
  facet normal 0 -1 0
    outer loop
      vertex -1.18999 29.5 14.6421
      vertex -1.18999 29.5 21.3579
      vertex -1.40056 29.5 21.4294
    endloop
  endfacet
  facet normal 0 -1 0
    outer loop
      vertex -1.40056 29.5 14.5706
      vertex -1.40056 29.5 21.4294
      vertex -1.6 29.5 21.5278
    endloop
  endfacet
  facet normal 0 -1 0
    outer loop
      vertex -1.6 29.5 14.4722
      vertex -1.6 29.5 21.5278
      vertex -1.78489 29.5 21.6513
    endloop
  endfacet
  facet normal 0 -1 0
    outer loop
      vertex -1.78489 29.5 14.3487
      vertex -1.78489 29.5 21.6513
      vertex -1.95208 29.5 21.7979
    endloop
  endfacet
  facet normal 0 -1 0
    outer loop
      vertex -1.95208 29.5 14.2021
      vertex -1.95208 29.5 21.7979
      vertex -2.0987 29.5 21.9651
    endloop
  endfacet
  facet normal 0 -1 0
    outer loop
      vertex -2.0987 29.5 14.0349
      vertex -2.0987 29.5 21.9651
      vertex -2.22224 29.5 22.15
    endloop
  endfacet
  facet normal 0 -1 0
    outer loop
      vertex -2.22224 29.5 13.85
      vertex -2.22224 29.5 22.15
      vertex -2.32059 29.5 22.3494
    endloop
  endfacet
  facet normal 0 -1 0
    outer loop
      vertex -2.32059 29.5 13.6506
      vertex -2.32059 29.5 22.3494
      vertex -2.39207 29.5 22.56
    endloop
  endfacet
  facet normal 0 -1 -0
    outer loop
      vertex -2.43546 29.5 22.7781
      vertex -4.7 29.5 8
      vertex -2.39207 29.5 22.56
    endloop
  endfacet
  facet normal 0 -1 0
    outer loop
      vertex -0.971894 29.5 21.3145
      vertex -0.971894 29.5 14.6855
      vertex -0.75 29.5 14.7
    endloop
  endfacet
  facet normal 0 -1 0
    outer loop
      vertex -1.18999 29.5 21.3579
      vertex -1.18999 29.5 14.6421
      vertex -0.971894 29.5 14.6855
    endloop
  endfacet
  facet normal 0 -1 0
    outer loop
      vertex -1.40056 29.5 21.4294
      vertex -1.40056 29.5 14.5706
      vertex -1.18999 29.5 14.6421
    endloop
  endfacet
  facet normal 0 -1 0
    outer loop
      vertex -1.6 29.5 21.5278
      vertex -1.6 29.5 14.4722
      vertex -1.40056 29.5 14.5706
    endloop
  endfacet
  facet normal 0 -1 0
    outer loop
      vertex -1.78489 29.5 21.6513
      vertex -1.78489 29.5 14.3487
      vertex -1.6 29.5 14.4722
    endloop
  endfacet
  facet normal 0 -1 0
    outer loop
      vertex -1.95208 29.5 21.7979
      vertex -1.95208 29.5 14.2021
      vertex -1.78489 29.5 14.3487
    endloop
  endfacet
  facet normal 0 -1 0
    outer loop
      vertex -2.0987 29.5 21.9651
      vertex -2.0987 29.5 14.0349
      vertex -1.95208 29.5 14.2021
    endloop
  endfacet
  facet normal 0 -1 0
    outer loop
      vertex -2.22224 29.5 22.15
      vertex -2.22224 29.5 13.85
      vertex -2.0987 29.5 14.0349
    endloop
  endfacet
  facet normal 0 -1 0
    outer loop
      vertex -2.32059 29.5 22.3494
      vertex -2.32059 29.5 13.6506
      vertex -2.22224 29.5 13.85
    endloop
  endfacet
  facet normal 0 -1 0
    outer loop
      vertex -2.39207 29.5 22.56
      vertex -2.39207 29.5 13.44
      vertex -2.32059 29.5 13.6506
    endloop
  endfacet
  facet normal 0 -1 -0
    outer loop
      vertex -2.39207 29.5 22.56
      vertex -4.7 29.5 8
      vertex -2.39207 29.5 13.44
    endloop
  endfacet
  facet normal 0 -1 0
    outer loop
      vertex -2.39207 29.5 13.44
      vertex -4.7 29.5 8
      vertex -2.43546 29.5 13.2219
    endloop
  endfacet
  facet normal 0 -1 0
    outer loop
      vertex -2.43546 29.5 13.2219
      vertex -4.7 29.5 8
      vertex -2.45 29.5 13
    endloop
  endfacet
  facet normal 0 -1 -0
    outer loop
      vertex -1.18999 29.5 11.3579
      vertex -4 29.5 8
      vertex -0.971894 29.5 11.3145
    endloop
  endfacet
  facet normal 0 -1 -0
    outer loop
      vertex -1.40056 29.5 11.4294
      vertex -4 29.5 8
      vertex -1.18999 29.5 11.3579
    endloop
  endfacet
  facet normal 0 -1 -0
    outer loop
      vertex -1.6 29.5 11.5278
      vertex -4 29.5 8
      vertex -1.40056 29.5 11.4294
    endloop
  endfacet
  facet normal 0 -1 -0
    outer loop
      vertex -1.78489 29.5 11.6513
      vertex -4 29.5 8
      vertex -1.6 29.5 11.5278
    endloop
  endfacet
  facet normal 0 -1 -0
    outer loop
      vertex -1.95208 29.5 11.7979
      vertex -4 29.5 8
      vertex -1.78489 29.5 11.6513
    endloop
  endfacet
  facet normal 0 -1 -0
    outer loop
      vertex -2.0987 29.5 11.9651
      vertex -4 29.5 8
      vertex -1.95208 29.5 11.7979
    endloop
  endfacet
  facet normal 0 -1 0
    outer loop
      vertex -4 29.5 8
      vertex -2.0987 29.5 11.9651
      vertex -4.7 29.5 8
    endloop
  endfacet
  facet normal 0 -1 -0
    outer loop
      vertex -2.22224 29.5 12.15
      vertex -4.7 29.5 8
      vertex -2.0987 29.5 11.9651
    endloop
  endfacet
  facet normal 0 -1 -0
    outer loop
      vertex -2.32059 29.5 12.3494
      vertex -4.7 29.5 8
      vertex -2.22224 29.5 12.15
    endloop
  endfacet
  facet normal 0 -1 -0
    outer loop
      vertex -2.39207 29.5 12.56
      vertex -4.7 29.5 8
      vertex -2.32059 29.5 12.3494
    endloop
  endfacet
  facet normal 0 -1 -0
    outer loop
      vertex -2.43546 29.5 12.7781
      vertex -4.7 29.5 8
      vertex -2.39207 29.5 12.56
    endloop
  endfacet
  facet normal 0 -1 -0
    outer loop
      vertex -2.45 29.5 13
      vertex -4.7 29.5 8
      vertex -2.43546 29.5 12.7781
    endloop
  endfacet
  facet normal 0 -1 0
    outer loop
      vertex -0.310007 29.5 24.6421
      vertex -4.7 29.5 30
      vertex -0.528105 29.5 24.6855
    endloop
  endfacet
  facet normal 0 -1 0
    outer loop
      vertex -4.7 29.5 30
      vertex -0.310007 29.5 24.6421
      vertex 7.25 29.5 30
    endloop
  endfacet
  facet normal 0 -1 0
    outer loop
      vertex -0.0994377 29.5 24.5706
      vertex 7.25 29.5 30
      vertex -0.310007 29.5 24.6421
    endloop
  endfacet
  facet normal 0 -1 0
    outer loop
      vertex 0.0999994 29.5 24.4722
      vertex 7.25 29.5 30
      vertex -0.0994377 29.5 24.5706
    endloop
  endfacet
  facet normal 0 -1 0
    outer loop
      vertex 0.284894 29.5 24.3487
      vertex 7.25 29.5 30
      vertex 0.0999994 29.5 24.4722
    endloop
  endfacet
  facet normal 0 -1 0
    outer loop
      vertex 0.452081 29.5 24.2021
      vertex 7.25 29.5 30
      vertex 0.284894 29.5 24.3487
    endloop
  endfacet
  facet normal 0 -1 0
    outer loop
      vertex 0.598701 29.5 24.0349
      vertex 7.25 29.5 30
      vertex 0.452081 29.5 24.2021
    endloop
  endfacet
  facet normal 0 -1 0
    outer loop
      vertex 0.722242 29.5 23.85
      vertex 7.25 29.5 30
      vertex 0.598701 29.5 24.0349
    endloop
  endfacet
  facet normal 0 -1 0
    outer loop
      vertex 0.820595 29.5 23.6506
      vertex 7.25 29.5 30
      vertex 0.722242 29.5 23.85
    endloop
  endfacet
  facet normal 0 -1 0
    outer loop
      vertex 0.892074 29.5 23.44
      vertex 7.25 29.5 30
      vertex 0.820595 29.5 23.6506
    endloop
  endfacet
  facet normal 0 -1 0
    outer loop
      vertex 0.935455 29.5 23.2219
      vertex 7.25 29.5 30
      vertex 0.892074 29.5 23.44
    endloop
  endfacet
  facet normal 0 -1 0
    outer loop
      vertex 0.95 29.5 23
      vertex 7.25 29.5 30
      vertex 0.935455 29.5 23.2219
    endloop
  endfacet
  facet normal 0 -1 0
    outer loop
      vertex 0.935455 29.5 22.7781
      vertex 7.25 29.5 30
      vertex 0.95 29.5 23
    endloop
  endfacet
  facet normal 0 -1 0
    outer loop
      vertex 0.892074 29.5 22.56
      vertex 7.25 29.5 30
      vertex 0.935455 29.5 22.7781
    endloop
  endfacet
  facet normal 0 -1 0
    outer loop
      vertex 0.820595 29.5 22.3494
      vertex 7.25 29.5 30
      vertex 0.892074 29.5 22.56
    endloop
  endfacet
  facet normal 0 -1 0
    outer loop
      vertex 0.820595 29.5 13.6506
      vertex 0.820595 29.5 22.3494
      vertex 0.722242 29.5 22.15
    endloop
  endfacet
  facet normal 0 -1 0
    outer loop
      vertex 0.722242 29.5 13.85
      vertex 0.722242 29.5 22.15
      vertex 0.598701 29.5 21.9651
    endloop
  endfacet
  facet normal 0 -1 0
    outer loop
      vertex -0.75 29.5 14.7
      vertex -0.528105 29.5 21.3145
      vertex -0.75 29.5 21.3
    endloop
  endfacet
  facet normal 0 -1 0
    outer loop
      vertex -0.528105 29.5 14.6855
      vertex -0.528105 29.5 21.3145
      vertex -0.75 29.5 14.7
    endloop
  endfacet
  facet normal 0 -1 0
    outer loop
      vertex -0.528105 29.5 21.3145
      vertex -0.528105 29.5 14.6855
      vertex -0.310007 29.5 21.3579
    endloop
  endfacet
  facet normal 0 -1 0
    outer loop
      vertex -0.310007 29.5 14.6421
      vertex -0.310007 29.5 21.3579
      vertex -0.528105 29.5 14.6855
    endloop
  endfacet
  facet normal 0 -1 0
    outer loop
      vertex -0.310007 29.5 21.3579
      vertex -0.310007 29.5 14.6421
      vertex -0.0994377 29.5 21.4294
    endloop
  endfacet
  facet normal 0 -1 0
    outer loop
      vertex -0.0994377 29.5 14.5706
      vertex -0.0994377 29.5 21.4294
      vertex -0.310007 29.5 14.6421
    endloop
  endfacet
  facet normal 0 -1 0
    outer loop
      vertex -0.0994377 29.5 21.4294
      vertex -0.0994377 29.5 14.5706
      vertex 0.0999994 29.5 21.5278
    endloop
  endfacet
  facet normal 0 -1 0
    outer loop
      vertex 0.0999994 29.5 14.4722
      vertex 0.0999994 29.5 21.5278
      vertex -0.0994377 29.5 14.5706
    endloop
  endfacet
  facet normal 0 -1 0
    outer loop
      vertex 0.0999994 29.5 21.5278
      vertex 0.0999994 29.5 14.4722
      vertex 0.284894 29.5 21.6513
    endloop
  endfacet
  facet normal 0 -1 0
    outer loop
      vertex 0.284894 29.5 14.3487
      vertex 0.284894 29.5 21.6513
      vertex 0.0999994 29.5 14.4722
    endloop
  endfacet
  facet normal 0 -1 0
    outer loop
      vertex 0.284894 29.5 21.6513
      vertex 0.284894 29.5 14.3487
      vertex 0.452081 29.5 21.7979
    endloop
  endfacet
  facet normal 0 -1 0
    outer loop
      vertex 0.452081 29.5 14.2021
      vertex 0.452081 29.5 21.7979
      vertex 0.284894 29.5 14.3487
    endloop
  endfacet
  facet normal 0 -1 0
    outer loop
      vertex 0.452081 29.5 21.7979
      vertex 0.452081 29.5 14.2021
      vertex 0.598701 29.5 21.9651
    endloop
  endfacet
  facet normal 0 -1 0
    outer loop
      vertex 0.598701 29.5 14.0349
      vertex 0.598701 29.5 21.9651
      vertex 0.452081 29.5 14.2021
    endloop
  endfacet
  facet normal 0 -1 0
    outer loop
      vertex 0.722242 29.5 13.85
      vertex 0.598701 29.5 21.9651
      vertex 0.598701 29.5 14.0349
    endloop
  endfacet
  facet normal 0 -1 0
    outer loop
      vertex 0.722242 29.5 22.15
      vertex 0.722242 29.5 13.85
      vertex 0.820595 29.5 13.6506
    endloop
  endfacet
  facet normal 0 -1 0
    outer loop
      vertex 0.820595 29.5 22.3494
      vertex 0.820595 29.5 13.6506
      vertex 7.25 29.5 30
    endloop
  endfacet
  facet normal 0 -1 0
    outer loop
      vertex 0.892074 29.5 13.44
      vertex 7.25 29.5 30
      vertex 0.820595 29.5 13.6506
    endloop
  endfacet
  facet normal 0 -1 0
    outer loop
      vertex 7.25 29.5 5
      vertex 0.892074 29.5 13.44
      vertex 0.935455 29.5 13.2219
    endloop
  endfacet
  facet normal 0 -1 0
    outer loop
      vertex 7.25 29.5 5
      vertex 0.935455 29.5 13.2219
      vertex 0.95 29.5 13
    endloop
  endfacet
  facet normal 0 -1 0
    outer loop
      vertex 7.25 29.5 5
      vertex 0.95 29.5 13
      vertex 0.935455 29.5 12.7781
    endloop
  endfacet
  facet normal 0 -1 0
    outer loop
      vertex 7.25 29.5 5
      vertex 0.935455 29.5 12.7781
      vertex 0.892074 29.5 12.56
    endloop
  endfacet
  facet normal 0 -1 0
    outer loop
      vertex 7.25 29.5 5
      vertex 0.892074 29.5 12.56
      vertex 0.820595 29.5 12.3494
    endloop
  endfacet
  facet normal 0 -1 -0
    outer loop
      vertex -0.971894 29.5 11.3145
      vertex -4 29.5 8
      vertex -0.75 29.5 11.3
    endloop
  endfacet
  facet normal 0 -1 0
    outer loop
      vertex -2 29.5 5
      vertex -0.75 29.5 11.3
      vertex -4 29.5 8
    endloop
  endfacet
  facet normal 0 -1 -0
    outer loop
      vertex -0.75 29.5 11.3
      vertex -2 29.5 5
      vertex -0.528105 29.5 11.3145
    endloop
  endfacet
  facet normal 0 -1 -0
    outer loop
      vertex -0.528105 29.5 11.3145
      vertex -2 29.5 5
      vertex -0.310007 29.5 11.3579
    endloop
  endfacet
  facet normal 0 -1 -0
    outer loop
      vertex -0.310007 29.5 11.3579
      vertex -2 29.5 5
      vertex -0.0994377 29.5 11.4294
    endloop
  endfacet
  facet normal 0 -1 -0
    outer loop
      vertex -0.0994377 29.5 11.4294
      vertex -2 29.5 5
      vertex 0.0999994 29.5 11.5278
    endloop
  endfacet
  facet normal 0 -1 0
    outer loop
      vertex 7.25 29.5 5
      vertex 0.0999994 29.5 11.5278
      vertex -2 29.5 5
    endloop
  endfacet
  facet normal 0 -1 0
    outer loop
      vertex 0.0999994 29.5 11.5278
      vertex 7.25 29.5 5
      vertex 0.284894 29.5 11.6513
    endloop
  endfacet
  facet normal 0 -1 0
    outer loop
      vertex 0.284894 29.5 11.6513
      vertex 7.25 29.5 5
      vertex 0.452081 29.5 11.7979
    endloop
  endfacet
  facet normal 0 -1 0
    outer loop
      vertex 0.452081 29.5 11.7979
      vertex 7.25 29.5 5
      vertex 0.598701 29.5 11.9651
    endloop
  endfacet
  facet normal 0 -1 0
    outer loop
      vertex 0.598701 29.5 11.9651
      vertex 7.25 29.5 5
      vertex 0.722242 29.5 12.15
    endloop
  endfacet
  facet normal 0 -1 0
    outer loop
      vertex 0.892074 29.5 13.44
      vertex 7.25 29.5 5
      vertex 7.25 29.5 30
    endloop
  endfacet
  facet normal 0 -1 0
    outer loop
      vertex 0.722242 29.5 12.15
      vertex 7.25 29.5 5
      vertex 0.820595 29.5 12.3494
    endloop
  endfacet
  facet normal 1 -0 0
    outer loop
      vertex -45.8 29.5 30
      vertex -45.8 32.5 8
      vertex -45.8 32.5 30
    endloop
  endfacet
  facet normal 1 0 0
    outer loop
      vertex -45.8 32.5 8
      vertex -45.8 29.5 30
      vertex -45.8 29.5 8
    endloop
  endfacet
  facet normal -0 0 1
    outer loop
      vertex -57.75 32.5 30
      vertex -45.8 29.5 30
      vertex -45.8 32.5 30
    endloop
  endfacet
  facet normal 0 0 1
    outer loop
      vertex -45.8 29.5 30
      vertex -57.75 32.5 30
      vertex -57.75 29.5 30
    endloop
  endfacet
  facet normal -1 0 0
    outer loop
      vertex -57.75 29.5 0
      vertex -57.75 32.5 30
      vertex -57.75 32.5 0
    endloop
  endfacet
  facet normal -1 -0 0
    outer loop
      vertex -57.75 32.5 30
      vertex -57.75 29.5 0
      vertex -57.75 29.5 30
    endloop
  endfacet
  facet normal 0 1 0
    outer loop
      vertex -49.9719 32.5 24.6855
      vertex -45.8 32.5 30
      vertex -49.75 32.5 24.7
    endloop
  endfacet
  facet normal 0 1 0
    outer loop
      vertex -45.8 32.5 30
      vertex -49.5281 32.5 24.6855
      vertex -49.75 32.5 24.7
    endloop
  endfacet
  facet normal 0 1 0
    outer loop
      vertex -45.8 32.5 30
      vertex -49.31 32.5 24.6421
      vertex -49.5281 32.5 24.6855
    endloop
  endfacet
  facet normal 0 1 0
    outer loop
      vertex -45.8 32.5 30
      vertex -49.0994 32.5 24.5706
      vertex -49.31 32.5 24.6421
    endloop
  endfacet
  facet normal 0 1 0
    outer loop
      vertex -45.8 32.5 30
      vertex -48.9 32.5 24.4722
      vertex -49.0994 32.5 24.5706
    endloop
  endfacet
  facet normal 0 1 0
    outer loop
      vertex -45.8 32.5 30
      vertex -48.7151 32.5 24.3487
      vertex -48.9 32.5 24.4722
    endloop
  endfacet
  facet normal 0 1 0
    outer loop
      vertex -45.8 32.5 30
      vertex -48.5479 32.5 24.2021
      vertex -48.7151 32.5 24.3487
    endloop
  endfacet
  facet normal 0 1 0
    outer loop
      vertex -45.8 32.5 30
      vertex -48.4013 32.5 24.0349
      vertex -48.5479 32.5 24.2021
    endloop
  endfacet
  facet normal 0 1 0
    outer loop
      vertex -45.8 32.5 30
      vertex -48.2778 32.5 23.85
      vertex -48.4013 32.5 24.0349
    endloop
  endfacet
  facet normal 0 1 0
    outer loop
      vertex -45.8 32.5 30
      vertex -48.1794 32.5 23.6506
      vertex -48.2778 32.5 23.85
    endloop
  endfacet
  facet normal 0 1 0
    outer loop
      vertex -45.8 32.5 30
      vertex -48.1079 32.5 23.44
      vertex -48.1794 32.5 23.6506
    endloop
  endfacet
  facet normal 0 1 0
    outer loop
      vertex -45.8 32.5 30
      vertex -48.0645 32.5 23.2219
      vertex -48.1079 32.5 23.44
    endloop
  endfacet
  facet normal 0 1 0
    outer loop
      vertex -45.8 32.5 30
      vertex -48.05 32.5 23
      vertex -48.0645 32.5 23.2219
    endloop
  endfacet
  facet normal 0 1 0
    outer loop
      vertex -45.8 32.5 30
      vertex -48.0645 32.5 22.7781
      vertex -48.05 32.5 23
    endloop
  endfacet
  facet normal 0 1 -0
    outer loop
      vertex -45.8 32.5 8
      vertex -48.0645 32.5 22.7781
      vertex -45.8 32.5 30
    endloop
  endfacet
  facet normal 0 1 0
    outer loop
      vertex -49.5281 32.5 21.3145
      vertex -49.75 32.5 14.7
      vertex -49.75 32.5 21.3
    endloop
  endfacet
  facet normal 0 1 0
    outer loop
      vertex -49.5281 32.5 14.6855
      vertex -49.5281 32.5 21.3145
      vertex -49.31 32.5 21.3579
    endloop
  endfacet
  facet normal 0 1 0
    outer loop
      vertex -49.31 32.5 14.6421
      vertex -49.31 32.5 21.3579
      vertex -49.0994 32.5 21.4294
    endloop
  endfacet
  facet normal 0 1 0
    outer loop
      vertex -49.0994 32.5 14.5706
      vertex -49.0994 32.5 21.4294
      vertex -48.9 32.5 21.5278
    endloop
  endfacet
  facet normal 0 1 0
    outer loop
      vertex -48.9 32.5 14.4722
      vertex -48.9 32.5 21.5278
      vertex -48.7151 32.5 21.6513
    endloop
  endfacet
  facet normal 0 1 0
    outer loop
      vertex -48.7151 32.5 14.3487
      vertex -48.7151 32.5 21.6513
      vertex -48.5479 32.5 21.7979
    endloop
  endfacet
  facet normal 0 1 0
    outer loop
      vertex -48.5479 32.5 14.2021
      vertex -48.5479 32.5 21.7979
      vertex -48.4013 32.5 21.9651
    endloop
  endfacet
  facet normal 0 1 0
    outer loop
      vertex -48.4013 32.5 14.0349
      vertex -48.4013 32.5 21.9651
      vertex -48.2778 32.5 22.15
    endloop
  endfacet
  facet normal 0 1 0
    outer loop
      vertex -48.2778 32.5 13.85
      vertex -48.2778 32.5 22.15
      vertex -48.1794 32.5 22.3494
    endloop
  endfacet
  facet normal 0 1 0
    outer loop
      vertex -48.1794 32.5 13.6506
      vertex -48.1794 32.5 22.3494
      vertex -48.1079 32.5 22.56
    endloop
  endfacet
  facet normal 0 1 0
    outer loop
      vertex -48.0645 32.5 22.7781
      vertex -45.8 32.5 8
      vertex -48.1079 32.5 22.56
    endloop
  endfacet
  facet normal 0 1 0
    outer loop
      vertex -49.5281 32.5 21.3145
      vertex -49.5281 32.5 14.6855
      vertex -49.75 32.5 14.7
    endloop
  endfacet
  facet normal 0 1 0
    outer loop
      vertex -49.31 32.5 21.3579
      vertex -49.31 32.5 14.6421
      vertex -49.5281 32.5 14.6855
    endloop
  endfacet
  facet normal 0 1 0
    outer loop
      vertex -49.0994 32.5 21.4294
      vertex -49.0994 32.5 14.5706
      vertex -49.31 32.5 14.6421
    endloop
  endfacet
  facet normal 0 1 0
    outer loop
      vertex -48.9 32.5 21.5278
      vertex -48.9 32.5 14.4722
      vertex -49.0994 32.5 14.5706
    endloop
  endfacet
  facet normal 0 1 0
    outer loop
      vertex -48.7151 32.5 21.6513
      vertex -48.7151 32.5 14.3487
      vertex -48.9 32.5 14.4722
    endloop
  endfacet
  facet normal 0 1 0
    outer loop
      vertex -48.5479 32.5 21.7979
      vertex -48.5479 32.5 14.2021
      vertex -48.7151 32.5 14.3487
    endloop
  endfacet
  facet normal 0 1 0
    outer loop
      vertex -48.4013 32.5 21.9651
      vertex -48.4013 32.5 14.0349
      vertex -48.5479 32.5 14.2021
    endloop
  endfacet
  facet normal 0 1 0
    outer loop
      vertex -48.2778 32.5 22.15
      vertex -48.2778 32.5 13.85
      vertex -48.4013 32.5 14.0349
    endloop
  endfacet
  facet normal 0 1 0
    outer loop
      vertex -48.1794 32.5 22.3494
      vertex -48.1794 32.5 13.6506
      vertex -48.2778 32.5 13.85
    endloop
  endfacet
  facet normal 0 1 0
    outer loop
      vertex -48.1079 32.5 22.56
      vertex -48.1079 32.5 13.44
      vertex -48.1794 32.5 13.6506
    endloop
  endfacet
  facet normal 0 1 0
    outer loop
      vertex -48.1079 32.5 22.56
      vertex -45.8 32.5 8
      vertex -48.1079 32.5 13.44
    endloop
  endfacet
  facet normal 0 1 0
    outer loop
      vertex -48.1079 32.5 13.44
      vertex -45.8 32.5 8
      vertex -48.0645 32.5 13.2219
    endloop
  endfacet
  facet normal 0 1 0
    outer loop
      vertex -48.0645 32.5 13.2219
      vertex -45.8 32.5 8
      vertex -48.05 32.5 13
    endloop
  endfacet
  facet normal 0 1 0
    outer loop
      vertex -49.31 32.5 11.3579
      vertex -46.5 32.5 8
      vertex -49.5281 32.5 11.3145
    endloop
  endfacet
  facet normal 0 1 0
    outer loop
      vertex -49.0994 32.5 11.4294
      vertex -46.5 32.5 8
      vertex -49.31 32.5 11.3579
    endloop
  endfacet
  facet normal 0 1 0
    outer loop
      vertex -48.9 32.5 11.5278
      vertex -46.5 32.5 8
      vertex -49.0994 32.5 11.4294
    endloop
  endfacet
  facet normal 0 1 0
    outer loop
      vertex -48.7151 32.5 11.6513
      vertex -46.5 32.5 8
      vertex -48.9 32.5 11.5278
    endloop
  endfacet
  facet normal 0 1 0
    outer loop
      vertex -48.5479 32.5 11.7979
      vertex -46.5 32.5 8
      vertex -48.7151 32.5 11.6513
    endloop
  endfacet
  facet normal 0 1 0
    outer loop
      vertex -48.4013 32.5 11.9651
      vertex -46.5 32.5 8
      vertex -48.5479 32.5 11.7979
    endloop
  endfacet
  facet normal 0 1 -0
    outer loop
      vertex -46.5 32.5 8
      vertex -48.4013 32.5 11.9651
      vertex -45.8 32.5 8
    endloop
  endfacet
  facet normal 0 1 0
    outer loop
      vertex -48.2778 32.5 12.15
      vertex -45.8 32.5 8
      vertex -48.4013 32.5 11.9651
    endloop
  endfacet
  facet normal 0 1 0
    outer loop
      vertex -48.1794 32.5 12.3494
      vertex -45.8 32.5 8
      vertex -48.2778 32.5 12.15
    endloop
  endfacet
  facet normal 0 1 0
    outer loop
      vertex -48.1079 32.5 12.56
      vertex -45.8 32.5 8
      vertex -48.1794 32.5 12.3494
    endloop
  endfacet
  facet normal 0 1 0
    outer loop
      vertex -48.0645 32.5 12.7781
      vertex -45.8 32.5 8
      vertex -48.1079 32.5 12.56
    endloop
  endfacet
  facet normal 0 1 0
    outer loop
      vertex -48.05 32.5 13
      vertex -45.8 32.5 8
      vertex -48.0645 32.5 12.7781
    endloop
  endfacet
  facet normal 0 1 0
    outer loop
      vertex -50.19 32.5 24.6421
      vertex -45.8 32.5 30
      vertex -49.9719 32.5 24.6855
    endloop
  endfacet
  facet normal 0 1 0
    outer loop
      vertex -45.8 32.5 30
      vertex -50.19 32.5 24.6421
      vertex -57.75 32.5 30
    endloop
  endfacet
  facet normal 0 1 -0
    outer loop
      vertex -50.4006 32.5 24.5706
      vertex -57.75 32.5 30
      vertex -50.19 32.5 24.6421
    endloop
  endfacet
  facet normal 0 1 -0
    outer loop
      vertex -50.6 32.5 24.4722
      vertex -57.75 32.5 30
      vertex -50.4006 32.5 24.5706
    endloop
  endfacet
  facet normal 0 1 -0
    outer loop
      vertex -50.7849 32.5 24.3487
      vertex -57.75 32.5 30
      vertex -50.6 32.5 24.4722
    endloop
  endfacet
  facet normal 0 1 -0
    outer loop
      vertex -50.9521 32.5 24.2021
      vertex -57.75 32.5 30
      vertex -50.7849 32.5 24.3487
    endloop
  endfacet
  facet normal 0 1 -0
    outer loop
      vertex -51.0987 32.5 24.0349
      vertex -57.75 32.5 30
      vertex -50.9521 32.5 24.2021
    endloop
  endfacet
  facet normal 0 1 -0
    outer loop
      vertex -51.2222 32.5 23.85
      vertex -57.75 32.5 30
      vertex -51.0987 32.5 24.0349
    endloop
  endfacet
  facet normal 0 1 -0
    outer loop
      vertex -51.3206 32.5 23.6506
      vertex -57.75 32.5 30
      vertex -51.2222 32.5 23.85
    endloop
  endfacet
  facet normal 0 1 -0
    outer loop
      vertex -51.3921 32.5 23.44
      vertex -57.75 32.5 30
      vertex -51.3206 32.5 23.6506
    endloop
  endfacet
  facet normal 0 1 -0
    outer loop
      vertex -51.4355 32.5 23.2219
      vertex -57.75 32.5 30
      vertex -51.3921 32.5 23.44
    endloop
  endfacet
  facet normal 0 1 -0
    outer loop
      vertex -51.45 32.5 23
      vertex -57.75 32.5 30
      vertex -51.4355 32.5 23.2219
    endloop
  endfacet
  facet normal 0 1 0
    outer loop
      vertex -51.4355 32.5 22.7781
      vertex -57.75 32.5 30
      vertex -51.45 32.5 23
    endloop
  endfacet
  facet normal 0 1 0
    outer loop
      vertex -51.3921 32.5 22.56
      vertex -57.75 32.5 30
      vertex -51.4355 32.5 22.7781
    endloop
  endfacet
  facet normal 0 1 0
    outer loop
      vertex -51.3206 32.5 22.3494
      vertex -57.75 32.5 30
      vertex -51.3921 32.5 22.56
    endloop
  endfacet
  facet normal 0 1 0
    outer loop
      vertex -51.3206 32.5 13.6506
      vertex -51.3206 32.5 22.3494
      vertex -51.2222 32.5 22.15
    endloop
  endfacet
  facet normal 0 1 0
    outer loop
      vertex -51.2222 32.5 13.85
      vertex -51.2222 32.5 22.15
      vertex -51.0987 32.5 21.9651
    endloop
  endfacet
  facet normal 0 1 -0
    outer loop
      vertex -49.75 32.5 14.7
      vertex -49.9719 32.5 21.3145
      vertex -49.75 32.5 21.3
    endloop
  endfacet
  facet normal 0 1 0
    outer loop
      vertex -49.9719 32.5 14.6855
      vertex -49.9719 32.5 21.3145
      vertex -49.75 32.5 14.7
    endloop
  endfacet
  facet normal 0 1 0
    outer loop
      vertex -49.9719 32.5 21.3145
      vertex -49.9719 32.5 14.6855
      vertex -50.19 32.5 21.3579
    endloop
  endfacet
  facet normal 0 1 0
    outer loop
      vertex -50.19 32.5 14.6421
      vertex -50.19 32.5 21.3579
      vertex -49.9719 32.5 14.6855
    endloop
  endfacet
  facet normal 0 1 0
    outer loop
      vertex -50.19 32.5 21.3579
      vertex -50.19 32.5 14.6421
      vertex -50.4006 32.5 21.4294
    endloop
  endfacet
  facet normal 0 1 0
    outer loop
      vertex -50.4006 32.5 14.5706
      vertex -50.4006 32.5 21.4294
      vertex -50.19 32.5 14.6421
    endloop
  endfacet
  facet normal 0 1 0
    outer loop
      vertex -50.4006 32.5 21.4294
      vertex -50.4006 32.5 14.5706
      vertex -50.6 32.5 21.5278
    endloop
  endfacet
  facet normal 0 1 0
    outer loop
      vertex -50.6 32.5 14.4722
      vertex -50.6 32.5 21.5278
      vertex -50.4006 32.5 14.5706
    endloop
  endfacet
  facet normal 0 1 0
    outer loop
      vertex -50.6 32.5 21.5278
      vertex -50.6 32.5 14.4722
      vertex -50.7849 32.5 21.6513
    endloop
  endfacet
  facet normal 0 1 0
    outer loop
      vertex -50.7849 32.5 14.3487
      vertex -50.7849 32.5 21.6513
      vertex -50.6 32.5 14.4722
    endloop
  endfacet
  facet normal 0 1 0
    outer loop
      vertex -50.7849 32.5 21.6513
      vertex -50.7849 32.5 14.3487
      vertex -50.9521 32.5 21.7979
    endloop
  endfacet
  facet normal 0 1 0
    outer loop
      vertex -50.9521 32.5 14.2021
      vertex -50.9521 32.5 21.7979
      vertex -50.7849 32.5 14.3487
    endloop
  endfacet
  facet normal 0 1 0
    outer loop
      vertex -50.9521 32.5 21.7979
      vertex -50.9521 32.5 14.2021
      vertex -51.0987 32.5 21.9651
    endloop
  endfacet
  facet normal 0 1 0
    outer loop
      vertex -51.0987 32.5 14.0349
      vertex -51.0987 32.5 21.9651
      vertex -50.9521 32.5 14.2021
    endloop
  endfacet
  facet normal 0 1 0
    outer loop
      vertex -51.2222 32.5 13.85
      vertex -51.0987 32.5 21.9651
      vertex -51.0987 32.5 14.0349
    endloop
  endfacet
  facet normal 0 1 0
    outer loop
      vertex -51.2222 32.5 22.15
      vertex -51.2222 32.5 13.85
      vertex -51.3206 32.5 13.6506
    endloop
  endfacet
  facet normal 0 1 0
    outer loop
      vertex -51.3206 32.5 22.3494
      vertex -51.3206 32.5 13.6506
      vertex -57.75 32.5 30
    endloop
  endfacet
  facet normal 0 1 -0
    outer loop
      vertex -51.3921 32.5 13.44
      vertex -57.75 32.5 30
      vertex -51.3206 32.5 13.6506
    endloop
  endfacet
  facet normal 0 1 0
    outer loop
      vertex -57.5 32.5 4
      vertex -51.3921 32.5 13.44
      vertex -51.4355 32.5 13.2219
    endloop
  endfacet
  facet normal 0 1 0
    outer loop
      vertex -57.5 32.5 4
      vertex -51.4355 32.5 13.2219
      vertex -51.45 32.5 13
    endloop
  endfacet
  facet normal 0 1 0
    outer loop
      vertex -57.5 32.5 4
      vertex -51.45 32.5 13
      vertex -51.4355 32.5 12.7781
    endloop
  endfacet
  facet normal 0 1 0
    outer loop
      vertex -57.5 32.5 4
      vertex -51.4355 32.5 12.7781
      vertex -51.3921 32.5 12.56
    endloop
  endfacet
  facet normal 0 1 0
    outer loop
      vertex -57.5 32.5 4
      vertex -51.3921 32.5 12.56
      vertex -51.3206 32.5 12.3494
    endloop
  endfacet
  facet normal 0 1 0
    outer loop
      vertex -49.5281 32.5 11.3145
      vertex -46.5 32.5 8
      vertex -49.75 32.5 11.3
    endloop
  endfacet
  facet normal 0 1 0
    outer loop
      vertex -49.75 32.5 11.3
      vertex -46.5 32.5 8
      vertex -49.9719 32.5 11.3145
    endloop
  endfacet
  facet normal 0 1 0
    outer loop
      vertex -49.9719 32.5 11.3145
      vertex -46.5 32.5 8
      vertex -50.19 32.5 11.3579
    endloop
  endfacet
  facet normal 0 1 -0
    outer loop
      vertex -46.5 32.5 4
      vertex -50.19 32.5 11.3579
      vertex -46.5 32.5 8
    endloop
  endfacet
  facet normal 0 1 0
    outer loop
      vertex -57.5 32.5 4
      vertex -50.19 32.5 11.3579
      vertex -46.5 32.5 4
    endloop
  endfacet
  facet normal 0 1 0
    outer loop
      vertex -50.19 32.5 11.3579
      vertex -57.5 32.5 4
      vertex -50.4006 32.5 11.4294
    endloop
  endfacet
  facet normal 0 1 0
    outer loop
      vertex -50.4006 32.5 11.4294
      vertex -57.5 32.5 4
      vertex -50.6 32.5 11.5278
    endloop
  endfacet
  facet normal 0 1 0
    outer loop
      vertex -50.6 32.5 11.5278
      vertex -57.5 32.5 4
      vertex -50.7849 32.5 11.6513
    endloop
  endfacet
  facet normal 0 1 0
    outer loop
      vertex -50.7849 32.5 11.6513
      vertex -57.5 32.5 4
      vertex -50.9521 32.5 11.7979
    endloop
  endfacet
  facet normal 0 1 0
    outer loop
      vertex -50.9521 32.5 11.7979
      vertex -57.5 32.5 4
      vertex -51.0987 32.5 11.9651
    endloop
  endfacet
  facet normal 0 1 0
    outer loop
      vertex -51.0987 32.5 11.9651
      vertex -57.5 32.5 4
      vertex -51.2222 32.5 12.15
    endloop
  endfacet
  facet normal 0 1 0
    outer loop
      vertex -57.5 32.5 4
      vertex -51.3206 32.5 12.3494
      vertex -51.2222 32.5 12.15
    endloop
  endfacet
  facet normal 0 1 0
    outer loop
      vertex -51.3921 32.5 13.44
      vertex -57.5 32.5 4
      vertex -57.75 32.5 30
    endloop
  endfacet
  facet normal 0 1 0
    outer loop
      vertex -57.75 32.5 0
      vertex -57.5 32.5 4
      vertex -57.5 32.5 0
    endloop
  endfacet
  facet normal 0 1 0
    outer loop
      vertex -57.5 32.5 4
      vertex -57.75 32.5 0
      vertex -57.75 32.5 30
    endloop
  endfacet
  facet normal 0 -1 0
    outer loop
      vertex -50.19 29.5 24.6421
      vertex -45.8 29.5 30
      vertex -57.75 29.5 30
    endloop
  endfacet
  facet normal 0 -1 0
    outer loop
      vertex -45.8 29.5 30
      vertex -49.9719 29.5 24.6855
      vertex -49.75 29.5 24.7
    endloop
  endfacet
  facet normal 0 -1 0
    outer loop
      vertex -45.8 29.5 30
      vertex -50.19 29.5 24.6421
      vertex -49.9719 29.5 24.6855
    endloop
  endfacet
  facet normal 0 -1 0
    outer loop
      vertex -57.75 29.5 30
      vertex -50.4006 29.5 24.5706
      vertex -50.19 29.5 24.6421
    endloop
  endfacet
  facet normal 0 -1 0
    outer loop
      vertex -57.75 29.5 30
      vertex -50.6 29.5 24.4722
      vertex -50.4006 29.5 24.5706
    endloop
  endfacet
  facet normal 0 -1 0
    outer loop
      vertex -57.75 29.5 30
      vertex -50.7849 29.5 24.3487
      vertex -50.6 29.5 24.4722
    endloop
  endfacet
  facet normal 0 -1 0
    outer loop
      vertex -57.75 29.5 30
      vertex -50.9521 29.5 24.2021
      vertex -50.7849 29.5 24.3487
    endloop
  endfacet
  facet normal 0 -1 0
    outer loop
      vertex -57.75 29.5 30
      vertex -51.0987 29.5 24.0349
      vertex -50.9521 29.5 24.2021
    endloop
  endfacet
  facet normal 0 -1 0
    outer loop
      vertex -57.75 29.5 30
      vertex -51.2222 29.5 23.85
      vertex -51.0987 29.5 24.0349
    endloop
  endfacet
  facet normal 0 -1 0
    outer loop
      vertex -57.75 29.5 30
      vertex -51.3206 29.5 23.6506
      vertex -51.2222 29.5 23.85
    endloop
  endfacet
  facet normal 0 -1 0
    outer loop
      vertex -57.75 29.5 30
      vertex -51.3921 29.5 23.44
      vertex -51.3206 29.5 23.6506
    endloop
  endfacet
  facet normal 0 -1 0
    outer loop
      vertex -57.75 29.5 30
      vertex -51.4355 29.5 23.2219
      vertex -51.3921 29.5 23.44
    endloop
  endfacet
  facet normal 0 -1 0
    outer loop
      vertex -57.75 29.5 30
      vertex -51.45 29.5 23
      vertex -51.4355 29.5 23.2219
    endloop
  endfacet
  facet normal 0 -1 0
    outer loop
      vertex -57.75 29.5 30
      vertex -51.4355 29.5 22.7781
      vertex -51.45 29.5 23
    endloop
  endfacet
  facet normal 0 -1 0
    outer loop
      vertex -57.75 29.5 30
      vertex -51.3921 29.5 22.56
      vertex -51.4355 29.5 22.7781
    endloop
  endfacet
  facet normal 0 -1 0
    outer loop
      vertex -57.75 29.5 30
      vertex -51.3206 29.5 22.3494
      vertex -51.3921 29.5 22.56
    endloop
  endfacet
  facet normal 0 -1 0
    outer loop
      vertex -51.3206 29.5 13.6506
      vertex -51.3206 29.5 22.3494
      vertex -57.75 29.5 30
    endloop
  endfacet
  facet normal 0 -1 0
    outer loop
      vertex -51.3206 29.5 22.3494
      vertex -51.3206 29.5 13.6506
      vertex -51.2222 29.5 22.15
    endloop
  endfacet
  facet normal 0 -1 0
    outer loop
      vertex -49.9719 29.5 21.3145
      vertex -49.75 29.5 14.7
      vertex -49.75 29.5 21.3
    endloop
  endfacet
  facet normal 0 -1 0
    outer loop
      vertex -49.9719 29.5 14.6855
      vertex -49.9719 29.5 21.3145
      vertex -50.19 29.5 21.3579
    endloop
  endfacet
  facet normal 0 -1 0
    outer loop
      vertex -50.19 29.5 14.6421
      vertex -50.19 29.5 21.3579
      vertex -50.4006 29.5 21.4294
    endloop
  endfacet
  facet normal 0 -1 0
    outer loop
      vertex -50.4006 29.5 14.5706
      vertex -50.4006 29.5 21.4294
      vertex -50.6 29.5 21.5278
    endloop
  endfacet
  facet normal 0 -1 0
    outer loop
      vertex -50.6 29.5 14.4722
      vertex -50.6 29.5 21.5278
      vertex -50.7849 29.5 21.6513
    endloop
  endfacet
  facet normal 0 -1 0
    outer loop
      vertex -50.7849 29.5 14.3487
      vertex -50.7849 29.5 21.6513
      vertex -50.9521 29.5 21.7979
    endloop
  endfacet
  facet normal 0 -1 0
    outer loop
      vertex -50.9521 29.5 14.2021
      vertex -50.9521 29.5 21.7979
      vertex -51.0987 29.5 21.9651
    endloop
  endfacet
  facet normal -0 -1 0
    outer loop
      vertex -51.2222 29.5 13.85
      vertex -51.2222 29.5 22.15
      vertex -51.3206 29.5 13.6506
    endloop
  endfacet
  facet normal 0 -1 0
    outer loop
      vertex -49.9719 29.5 21.3145
      vertex -49.9719 29.5 14.6855
      vertex -49.75 29.5 14.7
    endloop
  endfacet
  facet normal 0 -1 0
    outer loop
      vertex -50.19 29.5 21.3579
      vertex -50.19 29.5 14.6421
      vertex -49.9719 29.5 14.6855
    endloop
  endfacet
  facet normal 0 -1 0
    outer loop
      vertex -50.4006 29.5 21.4294
      vertex -50.4006 29.5 14.5706
      vertex -50.19 29.5 14.6421
    endloop
  endfacet
  facet normal 0 -1 0
    outer loop
      vertex -50.6 29.5 21.5278
      vertex -50.6 29.5 14.4722
      vertex -50.4006 29.5 14.5706
    endloop
  endfacet
  facet normal 0 -1 0
    outer loop
      vertex -50.7849 29.5 21.6513
      vertex -50.7849 29.5 14.3487
      vertex -50.6 29.5 14.4722
    endloop
  endfacet
  facet normal 0 -1 0
    outer loop
      vertex -50.9521 29.5 21.7979
      vertex -50.9521 29.5 14.2021
      vertex -50.7849 29.5 14.3487
    endloop
  endfacet
  facet normal 0 -1 0
    outer loop
      vertex -51.0987 29.5 21.9651
      vertex -51.0987 29.5 14.0349
      vertex -50.9521 29.5 14.2021
    endloop
  endfacet
  facet normal 0 -1 -0
    outer loop
      vertex -51.0987 29.5 21.9651
      vertex -51.2222 29.5 13.85
      vertex -51.0987 29.5 14.0349
    endloop
  endfacet
  facet normal 0 -1 0
    outer loop
      vertex -51.2222 29.5 22.15
      vertex -51.2222 29.5 13.85
      vertex -51.0987 29.5 21.9651
    endloop
  endfacet
  facet normal 0 -1 0
    outer loop
      vertex -57.75 29.5 30
      vertex -51.3921 29.5 13.44
      vertex -51.3206 29.5 13.6506
    endloop
  endfacet
  facet normal 0 -1 0
    outer loop
      vertex -57.5 29.5 4
      vertex -51.3921 29.5 13.44
      vertex -57.75 29.5 30
    endloop
  endfacet
  facet normal 0 -1 0
    outer loop
      vertex -51.3921 29.5 13.44
      vertex -57.5 29.5 4
      vertex -51.4355 29.5 13.2219
    endloop
  endfacet
  facet normal 0 -1 0
    outer loop
      vertex -51.4355 29.5 13.2219
      vertex -57.5 29.5 4
      vertex -51.45 29.5 13
    endloop
  endfacet
  facet normal 0 -1 -0
    outer loop
      vertex -51.45 29.5 13
      vertex -57.5 29.5 4
      vertex -51.4355 29.5 12.7781
    endloop
  endfacet
  facet normal 0 -1 -0
    outer loop
      vertex -51.4355 29.5 12.7781
      vertex -57.5 29.5 4
      vertex -51.3921 29.5 12.56
    endloop
  endfacet
  facet normal 0 -1 0
    outer loop
      vertex -49.9719 29.5 11.3145
      vertex -46.5 29.5 8
      vertex -49.75 29.5 11.3
    endloop
  endfacet
  facet normal 0 -1 0
    outer loop
      vertex -50.19 29.5 11.3579
      vertex -46.5 29.5 8
      vertex -49.9719 29.5 11.3145
    endloop
  endfacet
  facet normal 0 -1 0
    outer loop
      vertex -57.5 29.5 4
      vertex -50.19 29.5 11.3579
      vertex -50.4006 29.5 11.4294
    endloop
  endfacet
  facet normal 0 -1 0
    outer loop
      vertex -57.5 29.5 4
      vertex -50.4006 29.5 11.4294
      vertex -50.6 29.5 11.5278
    endloop
  endfacet
  facet normal 0 -1 0
    outer loop
      vertex -57.5 29.5 4
      vertex -50.6 29.5 11.5278
      vertex -50.7849 29.5 11.6513
    endloop
  endfacet
  facet normal 0 -1 -0
    outer loop
      vertex -50.19 29.5 11.3579
      vertex -57.5 29.5 4
      vertex -46.5 29.5 4
    endloop
  endfacet
  facet normal 0 -1 -0
    outer loop
      vertex -50.9521 29.5 11.7979
      vertex -57.5 29.5 4
      vertex -50.7849 29.5 11.6513
    endloop
  endfacet
  facet normal 0 -1 -0
    outer loop
      vertex -51.0987 29.5 11.9651
      vertex -57.5 29.5 4
      vertex -50.9521 29.5 11.7979
    endloop
  endfacet
  facet normal 0 -1 -0
    outer loop
      vertex -51.2222 29.5 12.15
      vertex -57.5 29.5 4
      vertex -51.0987 29.5 11.9651
    endloop
  endfacet
  facet normal 0 -1 -0
    outer loop
      vertex -51.3206 29.5 12.3494
      vertex -57.5 29.5 4
      vertex -51.2222 29.5 12.15
    endloop
  endfacet
  facet normal 0 -1 -0
    outer loop
      vertex -51.3921 29.5 12.56
      vertex -57.5 29.5 4
      vertex -51.3206 29.5 12.3494
    endloop
  endfacet
  facet normal 0 -1 0
    outer loop
      vertex -57.75 29.5 0
      vertex -57.5 29.5 4
      vertex -57.75 29.5 30
    endloop
  endfacet
  facet normal 0 -1 -0
    outer loop
      vertex -57.5 29.5 4
      vertex -57.75 29.5 0
      vertex -57.5 29.5 0
    endloop
  endfacet
  facet normal 0 -1 0
    outer loop
      vertex -49.5281 29.5 24.6855
      vertex -45.8 29.5 30
      vertex -49.75 29.5 24.7
    endloop
  endfacet
  facet normal 0 -1 0
    outer loop
      vertex -49.31 29.5 24.6421
      vertex -45.8 29.5 30
      vertex -49.5281 29.5 24.6855
    endloop
  endfacet
  facet normal 0 -1 0
    outer loop
      vertex -49.0994 29.5 24.5706
      vertex -45.8 29.5 30
      vertex -49.31 29.5 24.6421
    endloop
  endfacet
  facet normal 0 -1 0
    outer loop
      vertex -48.9 29.5 24.4722
      vertex -45.8 29.5 30
      vertex -49.0994 29.5 24.5706
    endloop
  endfacet
  facet normal 0 -1 0
    outer loop
      vertex -48.7151 29.5 24.3487
      vertex -45.8 29.5 30
      vertex -48.9 29.5 24.4722
    endloop
  endfacet
  facet normal 0 -1 0
    outer loop
      vertex -48.5479 29.5 24.2021
      vertex -45.8 29.5 30
      vertex -48.7151 29.5 24.3487
    endloop
  endfacet
  facet normal 0 -1 0
    outer loop
      vertex -48.4013 29.5 24.0349
      vertex -45.8 29.5 30
      vertex -48.5479 29.5 24.2021
    endloop
  endfacet
  facet normal 0 -1 0
    outer loop
      vertex -48.2778 29.5 23.85
      vertex -45.8 29.5 30
      vertex -48.4013 29.5 24.0349
    endloop
  endfacet
  facet normal 0 -1 0
    outer loop
      vertex -48.1794 29.5 23.6506
      vertex -45.8 29.5 30
      vertex -48.2778 29.5 23.85
    endloop
  endfacet
  facet normal 0 -1 0
    outer loop
      vertex -48.1079 29.5 23.44
      vertex -45.8 29.5 30
      vertex -48.1794 29.5 23.6506
    endloop
  endfacet
  facet normal 0 -1 0
    outer loop
      vertex -48.0645 29.5 23.2219
      vertex -45.8 29.5 30
      vertex -48.1079 29.5 23.44
    endloop
  endfacet
  facet normal 0 -1 0
    outer loop
      vertex -48.05 29.5 23
      vertex -45.8 29.5 30
      vertex -48.0645 29.5 23.2219
    endloop
  endfacet
  facet normal 0 -1 0
    outer loop
      vertex -48.0645 29.5 22.7781
      vertex -45.8 29.5 30
      vertex -48.05 29.5 23
    endloop
  endfacet
  facet normal 0 -1 0
    outer loop
      vertex -45.8 29.5 8
      vertex -48.0645 29.5 22.7781
      vertex -48.1079 29.5 22.56
    endloop
  endfacet
  facet normal 0 -1 0
    outer loop
      vertex -49.75 29.5 14.7
      vertex -49.5281 29.5 21.3145
      vertex -49.75 29.5 21.3
    endloop
  endfacet
  facet normal 0 -1 0
    outer loop
      vertex -49.5281 29.5 14.6855
      vertex -49.5281 29.5 21.3145
      vertex -49.75 29.5 14.7
    endloop
  endfacet
  facet normal 0 -1 0
    outer loop
      vertex -49.5281 29.5 21.3145
      vertex -49.5281 29.5 14.6855
      vertex -49.31 29.5 21.3579
    endloop
  endfacet
  facet normal 0 -1 0
    outer loop
      vertex -49.31 29.5 14.6421
      vertex -49.31 29.5 21.3579
      vertex -49.5281 29.5 14.6855
    endloop
  endfacet
  facet normal 0 -1 0
    outer loop
      vertex -49.31 29.5 21.3579
      vertex -49.31 29.5 14.6421
      vertex -49.0994 29.5 21.4294
    endloop
  endfacet
  facet normal 0 -1 0
    outer loop
      vertex -49.0994 29.5 14.5706
      vertex -49.0994 29.5 21.4294
      vertex -49.31 29.5 14.6421
    endloop
  endfacet
  facet normal 0 -1 0
    outer loop
      vertex -49.0994 29.5 21.4294
      vertex -49.0994 29.5 14.5706
      vertex -48.9 29.5 21.5278
    endloop
  endfacet
  facet normal 0 -1 0
    outer loop
      vertex -48.9 29.5 14.4722
      vertex -48.9 29.5 21.5278
      vertex -49.0994 29.5 14.5706
    endloop
  endfacet
  facet normal 0 -1 0
    outer loop
      vertex -48.9 29.5 21.5278
      vertex -48.9 29.5 14.4722
      vertex -48.7151 29.5 21.6513
    endloop
  endfacet
  facet normal 0 -1 0
    outer loop
      vertex -48.7151 29.5 14.3487
      vertex -48.7151 29.5 21.6513
      vertex -48.9 29.5 14.4722
    endloop
  endfacet
  facet normal 0 -1 0
    outer loop
      vertex -48.7151 29.5 21.6513
      vertex -48.7151 29.5 14.3487
      vertex -48.5479 29.5 21.7979
    endloop
  endfacet
  facet normal 0 -1 0
    outer loop
      vertex -48.5479 29.5 14.2021
      vertex -48.5479 29.5 21.7979
      vertex -48.7151 29.5 14.3487
    endloop
  endfacet
  facet normal 0 -1 0
    outer loop
      vertex -48.5479 29.5 21.7979
      vertex -48.5479 29.5 14.2021
      vertex -48.4013 29.5 21.9651
    endloop
  endfacet
  facet normal 0 -1 0
    outer loop
      vertex -48.4013 29.5 14.0349
      vertex -48.4013 29.5 21.9651
      vertex -48.5479 29.5 14.2021
    endloop
  endfacet
  facet normal 0 -1 0
    outer loop
      vertex -48.4013 29.5 21.9651
      vertex -48.4013 29.5 14.0349
      vertex -48.2778 29.5 22.15
    endloop
  endfacet
  facet normal 0 -1 0
    outer loop
      vertex -48.2778 29.5 13.85
      vertex -48.2778 29.5 22.15
      vertex -48.4013 29.5 14.0349
    endloop
  endfacet
  facet normal 0 -1 0
    outer loop
      vertex -48.2778 29.5 22.15
      vertex -48.2778 29.5 13.85
      vertex -48.1794 29.5 22.3494
    endloop
  endfacet
  facet normal 0 -1 0
    outer loop
      vertex -48.1794 29.5 13.6506
      vertex -48.1794 29.5 22.3494
      vertex -48.2778 29.5 13.85
    endloop
  endfacet
  facet normal 0 -1 0
    outer loop
      vertex -48.1794 29.5 22.3494
      vertex -48.1794 29.5 13.6506
      vertex -48.1079 29.5 22.56
    endloop
  endfacet
  facet normal 0 -1 0
    outer loop
      vertex -48.1079 29.5 13.44
      vertex -48.1079 29.5 22.56
      vertex -48.1794 29.5 13.6506
    endloop
  endfacet
  facet normal 0 -1 0
    outer loop
      vertex -45.8 29.5 8
      vertex -48.1079 29.5 22.56
      vertex -48.1079 29.5 13.44
    endloop
  endfacet
  facet normal 0 -1 0
    outer loop
      vertex -45.8 29.5 8
      vertex -48.1079 29.5 13.44
      vertex -48.0645 29.5 13.2219
    endloop
  endfacet
  facet normal 0 -1 0
    outer loop
      vertex -45.8 29.5 8
      vertex -48.0645 29.5 13.2219
      vertex -48.05 29.5 13
    endloop
  endfacet
  facet normal 0 -1 0
    outer loop
      vertex -45.8 29.5 8
      vertex -48.05 29.5 13
      vertex -48.0645 29.5 12.7781
    endloop
  endfacet
  facet normal 0 -1 0
    outer loop
      vertex -46.5 29.5 8
      vertex -49.5281 29.5 11.3145
      vertex -49.75 29.5 11.3
    endloop
  endfacet
  facet normal 0 -1 0
    outer loop
      vertex -46.5 29.5 8
      vertex -49.31 29.5 11.3579
      vertex -49.5281 29.5 11.3145
    endloop
  endfacet
  facet normal 0 -1 0
    outer loop
      vertex -46.5 29.5 8
      vertex -49.0994 29.5 11.4294
      vertex -49.31 29.5 11.3579
    endloop
  endfacet
  facet normal 0 -1 0
    outer loop
      vertex -46.5 29.5 8
      vertex -48.9 29.5 11.5278
      vertex -49.0994 29.5 11.4294
    endloop
  endfacet
  facet normal 0 -1 0
    outer loop
      vertex -46.5 29.5 8
      vertex -48.7151 29.5 11.6513
      vertex -48.9 29.5 11.5278
    endloop
  endfacet
  facet normal 0 -1 0
    outer loop
      vertex -46.5 29.5 8
      vertex -48.5479 29.5 11.7979
      vertex -48.7151 29.5 11.6513
    endloop
  endfacet
  facet normal 0 -1 0
    outer loop
      vertex -46.5 29.5 8
      vertex -48.4013 29.5 11.9651
      vertex -48.5479 29.5 11.7979
    endloop
  endfacet
  facet normal 0 -1 0
    outer loop
      vertex -46.5 29.5 8
      vertex -48.2778 29.5 12.15
      vertex -48.4013 29.5 11.9651
    endloop
  endfacet
  facet normal 0 -1 0
    outer loop
      vertex -45.8 29.5 8
      vertex -48.2778 29.5 12.15
      vertex -46.5 29.5 8
    endloop
  endfacet
  facet normal 0 -1 0
    outer loop
      vertex -48.2778 29.5 12.15
      vertex -45.8 29.5 8
      vertex -48.1794 29.5 12.3494
    endloop
  endfacet
  facet normal 0 -1 0
    outer loop
      vertex -48.1794 29.5 12.3494
      vertex -45.8 29.5 8
      vertex -48.1079 29.5 12.56
    endloop
  endfacet
  facet normal 0 -1 0
    outer loop
      vertex -48.1079 29.5 12.56
      vertex -45.8 29.5 8
      vertex -48.0645 29.5 12.7781
    endloop
  endfacet
  facet normal 0 -1 0
    outer loop
      vertex -48.0645 29.5 22.7781
      vertex -45.8 29.5 8
      vertex -45.8 29.5 30
    endloop
  endfacet
  facet normal 0 -1 0
    outer loop
      vertex -50.19 29.5 11.3579
      vertex -46.5 29.5 4
      vertex -46.5 29.5 8
    endloop
  endfacet
  facet normal 1 0 0
    outer loop
      vertex -2 4 5
      vertex -2 0 5
      vertex -2 4 4
    endloop
  endfacet
  facet normal 1 0 0
    outer loop
      vertex -2 16.5 5
      vertex -2 10.5 5
      vertex -2 16.5 4
    endloop
  endfacet
  facet normal 1 0 0
    outer loop
      vertex -2 32.5 5
      vertex -2 29.5 5
      vertex -2 32.5 4
    endloop
  endfacet
  facet normal 1 -0 0
    outer loop
      vertex -2 32.5 4
      vertex -2 62.5 0
      vertex -2 62.5 4
    endloop
  endfacet
  facet normal 1 0 0
    outer loop
      vertex -2 29.5 4
      vertex -2 32.5 4
      vertex -2 29.5 5
    endloop
  endfacet
  facet normal 1 -0 0
    outer loop
      vertex -2 29.5 4
      vertex -2 62.5 0
      vertex -2 32.5 4
    endloop
  endfacet
  facet normal 1 0 0
    outer loop
      vertex -2 0 0
      vertex -2 29.5 4
      vertex -2 16.5 4
    endloop
  endfacet
  facet normal 1 0 0
    outer loop
      vertex -2 10.5 4
      vertex -2 16.5 4
      vertex -2 10.5 5
    endloop
  endfacet
  facet normal 1 0 0
    outer loop
      vertex -2 0 0
      vertex -2 16.5 4
      vertex -2 10.5 4
    endloop
  endfacet
  facet normal 1 0 0
    outer loop
      vertex -2 0 0
      vertex -2 10.5 4
      vertex -2 4 4
    endloop
  endfacet
  facet normal 1 0 0
    outer loop
      vertex -2 29.5 4
      vertex -2 0 0
      vertex -2 62.5 0
    endloop
  endfacet
  facet normal 1 0 0
    outer loop
      vertex -2 0 0
      vertex -2 4 4
      vertex -2 0 5
    endloop
  endfacet
  facet normal 1 -0 0
    outer loop
      vertex -2 -10.3 5
      vertex -2 -4.3 0
      vertex -2 -4.3 5
    endloop
  endfacet
  facet normal 1 0 0
    outer loop
      vertex -2 -4.3 0
      vertex -2 -10.3 5
      vertex -2 -10.3 0
    endloop
  endfacet
  facet normal 1 0 0
    outer loop
      vertex -2 4 13
      vertex -2 0 10.5
      vertex -2 4 5
    endloop
  endfacet
  facet normal 1 0 0
    outer loop
      vertex -2 4 13
      vertex -2 -4.3 10.5
      vertex -2 0 10.5
    endloop
  endfacet
  facet normal 1 -0 0
    outer loop
      vertex -2 -10.3 13
      vertex -2 -4.3 10.5
      vertex -2 4 13
    endloop
  endfacet
  facet normal 1 0 0
    outer loop
      vertex -2 -10.3 5
      vertex -2 -4.3 10.5
      vertex -2 -10.3 13
    endloop
  endfacet
  facet normal 1 0 0
    outer loop
      vertex -2 -4.3 10.5
      vertex -2 -10.3 5
      vertex -2 -4.3 5
    endloop
  endfacet
  facet normal 1 0 0
    outer loop
      vertex -2 4 5
      vertex -2 0 10.5
      vertex -2 0 5
    endloop
  endfacet
  facet normal 0 0 1
    outer loop
      vertex -2 62.5 4
      vertex -4 58.5 4
      vertex -2 32.5 4
    endloop
  endfacet
  facet normal 0 0 1
    outer loop
      vertex -2 62.5 4
      vertex -5 60.5 4
      vertex -4 58.5 4
    endloop
  endfacet
  facet normal 0 0 1
    outer loop
      vertex -2 62.5 4
      vertex -45.5 60.5 4
      vertex -5 60.5 4
    endloop
  endfacet
  facet normal 0 0 1
    outer loop
      vertex -45.5 60.5 4
      vertex -46.5 58.5 4
      vertex -45.5 58.5 4
    endloop
  endfacet
  facet normal -0 0 1
    outer loop
      vertex -57.5 62.5 4
      vertex -45.5 60.5 4
      vertex -2 62.5 4
    endloop
  endfacet
  facet normal 0 0 1
    outer loop
      vertex -57.5 62.5 4
      vertex -46.5 58.5 4
      vertex -45.5 60.5 4
    endloop
  endfacet
  facet normal 0 0 1
    outer loop
      vertex -57.5 32.5 4
      vertex -46.5 58.5 4
      vertex -57.5 62.5 4
    endloop
  endfacet
  facet normal 0 0 1
    outer loop
      vertex -46.5 58.5 4
      vertex -57.5 32.5 4
      vertex -46.5 32.5 4
    endloop
  endfacet
  facet normal 0 0 1
    outer loop
      vertex -2 32.5 4
      vertex -4 58.5 4
      vertex -4 32.5 4
    endloop
  endfacet
  facet normal 0 0 1
    outer loop
      vertex -4 58.5 4
      vertex -5 60.5 4
      vertex -5 58.5 4
    endloop
  endfacet
  facet normal 0 0 1
    outer loop
      vertex -46.5 29.5 4
      vertex -57.5 29.5 4
      vertex -46.5 18.5 4
    endloop
  endfacet
  facet normal 0 0 1
    outer loop
      vertex -4 18.5 4
      vertex -2 29.5 4
      vertex -4 29.5 4
    endloop
  endfacet
  facet normal 0 0 1
    outer loop
      vertex -2 29.5 4
      vertex -4 18.5 4
      vertex -2 16.5 4
    endloop
  endfacet
  facet normal 0 0 1
    outer loop
      vertex -4 18.5 4
      vertex -6 16.5 4
      vertex -2 16.5 4
    endloop
  endfacet
  facet normal 0 0 1
    outer loop
      vertex -6 16.5 4
      vertex -24.4675 8.7 4
      vertex -6 10.5 4
    endloop
  endfacet
  facet normal -0 0 1
    outer loop
      vertex -46.5 18.5 4
      vertex -6 16.5 4
      vertex -4 18.5 4
    endloop
  endfacet
  facet normal 0 0 1
    outer loop
      vertex -6 16.5 4
      vertex -26.0325 8.7 4
      vertex -24.4675 8.7 4
    endloop
  endfacet
  facet normal 0 0 1
    outer loop
      vertex -6 16.5 4
      vertex -46.5 18.5 4
      vertex -26.0325 8.7 4
    endloop
  endfacet
  facet normal 0 0 1
    outer loop
      vertex -46.5 18.5 4
      vertex -26.0325 4 4
      vertex -26.0325 8.7 4
    endloop
  endfacet
  facet normal 0 0 1
    outer loop
      vertex -46.5 18.5 4
      vertex -57.5 4 4
      vertex -26.0325 4 4
    endloop
  endfacet
  facet normal 0 0 1
    outer loop
      vertex -57.5 4 4
      vertex -46.5 18.5 4
      vertex -57.5 29.5 4
    endloop
  endfacet
  facet normal -0 0 1
    outer loop
      vertex -6 10.5 4
      vertex -2 4 4
      vertex -2 10.5 4
    endloop
  endfacet
  facet normal 0 0 1
    outer loop
      vertex -24.4675 4 4
      vertex -6 10.5 4
      vertex -24.4675 8.7 4
    endloop
  endfacet
  facet normal 0 0 1
    outer loop
      vertex -6 10.5 4
      vertex -24.4675 4 4
      vertex -2 4 4
    endloop
  endfacet
  facet normal -1 0 0
    outer loop
      vertex -57.5 32.5 0
      vertex -57.5 62.5 4
      vertex -57.5 62.5 0
    endloop
  endfacet
  facet normal -1 -0 0
    outer loop
      vertex -57.5 62.5 4
      vertex -57.5 32.5 0
      vertex -57.5 32.5 4
    endloop
  endfacet
  facet normal -1 0 0
    outer loop
      vertex -57.5 -4.3 0
      vertex -57.5 -10.3 0
      vertex -57.5 -4.3 10.5
    endloop
  endfacet
  facet normal -1 0 0
    outer loop
      vertex -57.5 29.5 0
      vertex -57.5 4 4
      vertex -57.5 29.5 4
    endloop
  endfacet
  facet normal -1 0 0
    outer loop
      vertex -57.5 0 0
      vertex -57.5 4 4
      vertex -57.5 29.5 0
    endloop
  endfacet
  facet normal -1 0 0
    outer loop
      vertex -57.5 0 10.5
      vertex -57.5 4 4
      vertex -57.5 0 0
    endloop
  endfacet
  facet normal -1 0 0
    outer loop
      vertex -57.5 4 4
      vertex -57.5 0 10.5
      vertex -57.5 4 13
    endloop
  endfacet
  facet normal -1 0 0
    outer loop
      vertex -57.5 -4.3 10.5
      vertex -57.5 4 13
      vertex -57.5 0 10.5
    endloop
  endfacet
  facet normal -1 0 0
    outer loop
      vertex -57.5 -4.3 10.5
      vertex -57.5 -10.3 13
      vertex -57.5 4 13
    endloop
  endfacet
  facet normal -1 0 0
    outer loop
      vertex -57.5 -10.3 13
      vertex -57.5 -4.3 10.5
      vertex -57.5 -10.3 0
    endloop
  endfacet
  facet normal 0 1 -0
    outer loop
      vertex -2 62.5 0
      vertex -57.5 62.5 4
      vertex -2 62.5 4
    endloop
  endfacet
  facet normal 0 1 0
    outer loop
      vertex -57.5 62.5 4
      vertex -2 62.5 0
      vertex -57.5 62.5 0
    endloop
  endfacet
  facet normal 0 -1 0
    outer loop
      vertex -57.5 -10.3 13
      vertex -25.25 -10.3 8.15
      vertex -2 -10.3 13
    endloop
  endfacet
  facet normal 0 -1 0
    outer loop
      vertex -57.5 -10.3 13
      vertex -25.5306 -10.3 8.13161
      vertex -25.25 -10.3 8.15
    endloop
  endfacet
  facet normal 0 -1 0
    outer loop
      vertex -57.5 -10.3 13
      vertex -25.8065 -10.3 8.07674
      vertex -25.5306 -10.3 8.13161
    endloop
  endfacet
  facet normal 0 -1 0
    outer loop
      vertex -57.5 -10.3 13
      vertex -26.0728 -10.3 7.98634
      vertex -25.8065 -10.3 8.07674
    endloop
  endfacet
  facet normal 0 -1 0
    outer loop
      vertex -57.5 -10.3 13
      vertex -26.325 -10.3 7.86195
      vertex -26.0728 -10.3 7.98634
    endloop
  endfacet
  facet normal 0 -1 0
    outer loop
      vertex -57.5 -10.3 13
      vertex -26.5588 -10.3 7.70571
      vertex -26.325 -10.3 7.86195
    endloop
  endfacet
  facet normal 0 -1 0
    outer loop
      vertex -57.5 -10.3 13
      vertex -26.7703 -10.3 7.52028
      vertex -26.5588 -10.3 7.70571
    endloop
  endfacet
  facet normal 0 -1 0
    outer loop
      vertex -57.5 -10.3 13
      vertex -26.9557 -10.3 7.30884
      vertex -26.7703 -10.3 7.52028
    endloop
  endfacet
  facet normal 0 -1 0
    outer loop
      vertex -57.5 -10.3 13
      vertex -27.112 -10.3 7.075
      vertex -26.9557 -10.3 7.30884
    endloop
  endfacet
  facet normal 0 -1 0
    outer loop
      vertex -57.5 -10.3 13
      vertex -27.2363 -10.3 6.82277
      vertex -27.112 -10.3 7.075
    endloop
  endfacet
  facet normal 0 -1 0
    outer loop
      vertex -57.5 -10.3 13
      vertex -27.3267 -10.3 6.55646
      vertex -27.2363 -10.3 6.82277
    endloop
  endfacet
  facet normal 0 -1 0
    outer loop
      vertex -57.5 -10.3 13
      vertex -27.3816 -10.3 6.28063
      vertex -27.3267 -10.3 6.55646
    endloop
  endfacet
  facet normal 0 -1 0
    outer loop
      vertex -57.5 -10.3 13
      vertex -27.4 -10.3 6
      vertex -27.3816 -10.3 6.28063
    endloop
  endfacet
  facet normal 0 -1 0
    outer loop
      vertex -57.5 -10.3 0
      vertex -27.4 -10.3 6
      vertex -57.5 -10.3 13
    endloop
  endfacet
  facet normal 0 -1 -0
    outer loop
      vertex -27.4 -10.3 6
      vertex -57.5 -10.3 0
      vertex -27.3816 -10.3 5.71937
    endloop
  endfacet
  facet normal 0 -1 -0
    outer loop
      vertex -27.3816 -10.3 5.71937
      vertex -57.5 -10.3 0
      vertex -27.3267 -10.3 5.44354
    endloop
  endfacet
  facet normal 0 -1 -0
    outer loop
      vertex -27.3267 -10.3 5.44354
      vertex -57.5 -10.3 0
      vertex -27.2363 -10.3 5.17723
    endloop
  endfacet
  facet normal 0 -1 -0
    outer loop
      vertex -27.2363 -10.3 5.17723
      vertex -57.5 -10.3 0
      vertex -27.112 -10.3 4.925
    endloop
  endfacet
  facet normal 0 -1 -0
    outer loop
      vertex -27.112 -10.3 4.925
      vertex -57.5 -10.3 0
      vertex -26.9557 -10.3 4.69116
    endloop
  endfacet
  facet normal 0 -1 -0
    outer loop
      vertex -26.9557 -10.3 4.69116
      vertex -57.5 -10.3 0
      vertex -26.7703 -10.3 4.47972
    endloop
  endfacet
  facet normal 0 -1 -0
    outer loop
      vertex -26.7703 -10.3 4.47972
      vertex -57.5 -10.3 0
      vertex -26.5588 -10.3 4.29429
    endloop
  endfacet
  facet normal 0 -1 -0
    outer loop
      vertex -26.5588 -10.3 4.29429
      vertex -57.5 -10.3 0
      vertex -26.325 -10.3 4.13805
    endloop
  endfacet
  facet normal 0 -1 -0
    outer loop
      vertex -26.325 -10.3 4.13805
      vertex -57.5 -10.3 0
      vertex -26.0728 -10.3 4.01366
    endloop
  endfacet
  facet normal 0 -1 -0
    outer loop
      vertex -25.5306 -10.3 3.86839
      vertex -57.5 -10.3 0
      vertex -25.25 -10.3 3.85
    endloop
  endfacet
  facet normal 0 -1 -0
    outer loop
      vertex -25.8065 -10.3 3.92326
      vertex -57.5 -10.3 0
      vertex -25.5306 -10.3 3.86839
    endloop
  endfacet
  facet normal 0 -1 -0
    outer loop
      vertex -26.0728 -10.3 4.01366
      vertex -57.5 -10.3 0
      vertex -25.8065 -10.3 3.92326
    endloop
  endfacet
  facet normal 0 -1 0
    outer loop
      vertex -24.9694 -10.3 8.13161
      vertex -2 -10.3 13
      vertex -25.25 -10.3 8.15
    endloop
  endfacet
  facet normal 0 -1 0
    outer loop
      vertex -24.6935 -10.3 8.07674
      vertex -2 -10.3 13
      vertex -24.9694 -10.3 8.13161
    endloop
  endfacet
  facet normal 0 -1 0
    outer loop
      vertex -24.4272 -10.3 7.98634
      vertex -2 -10.3 13
      vertex -24.6935 -10.3 8.07674
    endloop
  endfacet
  facet normal 0 -1 0
    outer loop
      vertex -24.175 -10.3 7.86195
      vertex -2 -10.3 13
      vertex -24.4272 -10.3 7.98634
    endloop
  endfacet
  facet normal 0 -1 0
    outer loop
      vertex -23.9412 -10.3 7.70571
      vertex -2 -10.3 13
      vertex -24.175 -10.3 7.86195
    endloop
  endfacet
  facet normal 0 -1 0
    outer loop
      vertex -23.7297 -10.3 7.52028
      vertex -2 -10.3 13
      vertex -23.9412 -10.3 7.70571
    endloop
  endfacet
  facet normal 0 -1 0
    outer loop
      vertex -23.5443 -10.3 7.30884
      vertex -2 -10.3 13
      vertex -23.7297 -10.3 7.52028
    endloop
  endfacet
  facet normal 0 -1 0
    outer loop
      vertex -23.388 -10.3 7.075
      vertex -2 -10.3 13
      vertex -23.5443 -10.3 7.30884
    endloop
  endfacet
  facet normal 0 -1 0
    outer loop
      vertex -23.2637 -10.3 6.82277
      vertex -2 -10.3 13
      vertex -23.388 -10.3 7.075
    endloop
  endfacet
  facet normal 0 -1 0
    outer loop
      vertex -23.1733 -10.3 6.55646
      vertex -2 -10.3 13
      vertex -23.2637 -10.3 6.82277
    endloop
  endfacet
  facet normal 0 -1 0
    outer loop
      vertex -2 -10.3 5
      vertex -23.1733 -10.3 6.55646
      vertex -23.1184 -10.3 6.28063
    endloop
  endfacet
  facet normal 0 -1 0
    outer loop
      vertex -2 -10.3 5
      vertex -23.1184 -10.3 6.28063
      vertex -23.1 -10.3 6
    endloop
  endfacet
  facet normal 0 -1 0
    outer loop
      vertex -2 -10.3 5
      vertex -23.1 -10.3 6
      vertex -23.1184 -10.3 5.71937
    endloop
  endfacet
  facet normal 0 -1 0
    outer loop
      vertex -2 -10.3 5
      vertex -23.1184 -10.3 5.71937
      vertex -23.1733 -10.3 5.44354
    endloop
  endfacet
  facet normal 0 -1 0
    outer loop
      vertex -2 -10.3 0
      vertex -23.1733 -10.3 5.44354
      vertex -23.2637 -10.3 5.17723
    endloop
  endfacet
  facet normal 0 -1 0
    outer loop
      vertex -23.1733 -10.3 6.55646
      vertex -2 -10.3 5
      vertex -2 -10.3 13
    endloop
  endfacet
  facet normal 0 -1 0
    outer loop
      vertex -2 -10.3 0
      vertex -23.2637 -10.3 5.17723
      vertex -23.388 -10.3 4.925
    endloop
  endfacet
  facet normal 0 -1 0
    outer loop
      vertex -2 -10.3 0
      vertex -23.388 -10.3 4.925
      vertex -23.5443 -10.3 4.69116
    endloop
  endfacet
  facet normal 0 -1 0
    outer loop
      vertex -2 -10.3 0
      vertex -23.5443 -10.3 4.69116
      vertex -23.7297 -10.3 4.47972
    endloop
  endfacet
  facet normal 0 -1 0
    outer loop
      vertex -2 -10.3 0
      vertex -23.7297 -10.3 4.47972
      vertex -23.9412 -10.3 4.29429
    endloop
  endfacet
  facet normal 0 -1 0
    outer loop
      vertex -2 -10.3 0
      vertex -23.9412 -10.3 4.29429
      vertex -24.175 -10.3 4.13805
    endloop
  endfacet
  facet normal 0 -1 0
    outer loop
      vertex -2 -10.3 0
      vertex -24.175 -10.3 4.13805
      vertex -24.4272 -10.3 4.01366
    endloop
  endfacet
  facet normal 0 -1 0
    outer loop
      vertex -2 -10.3 0
      vertex -24.4272 -10.3 4.01366
      vertex -24.6935 -10.3 3.92326
    endloop
  endfacet
  facet normal 0 -1 0
    outer loop
      vertex -2 -10.3 0
      vertex -24.6935 -10.3 3.92326
      vertex -24.9694 -10.3 3.86839
    endloop
  endfacet
  facet normal 0 -1 0
    outer loop
      vertex -2 -10.3 0
      vertex -24.9694 -10.3 3.86839
      vertex -25.25 -10.3 3.85
    endloop
  endfacet
  facet normal 0 -1 0
    outer loop
      vertex -2 -10.3 0
      vertex -25.25 -10.3 3.85
      vertex -57.5 -10.3 0
    endloop
  endfacet
  facet normal 0 -1 0
    outer loop
      vertex -23.1733 -10.3 5.44354
      vertex -2 -10.3 0
      vertex -2 -10.3 5
    endloop
  endfacet
  facet normal 0 0 1
    outer loop
      vertex -2 4 13
      vertex -21.55 -6.4 13
      vertex -2 -10.3 13
    endloop
  endfacet
  facet normal 0 0 1
    outer loop
      vertex -2 4 13
      vertex -28.95 -6.4 13
      vertex -21.55 -6.4 13
    endloop
  endfacet
  facet normal 0 0 1
    outer loop
      vertex -57.5 -10.3 13
      vertex -28.95 -6.4 13
      vertex -57.5 4 13
    endloop
  endfacet
  facet normal -0 0 1
    outer loop
      vertex -57.5 4 13
      vertex -28.95 -6.4 13
      vertex -2 4 13
    endloop
  endfacet
  facet normal -0 0 1
    outer loop
      vertex -21.55 -9.8 13
      vertex -2 -10.3 13
      vertex -21.55 -6.4 13
    endloop
  endfacet
  facet normal -0 0 1
    outer loop
      vertex -28.95 -9.8 13
      vertex -2 -10.3 13
      vertex -21.55 -9.8 13
    endloop
  endfacet
  facet normal 0 0 1
    outer loop
      vertex -28.95 -9.8 13
      vertex -57.5 -10.3 13
      vertex -2 -10.3 13
    endloop
  endfacet
  facet normal 0 0 1
    outer loop
      vertex -28.95 -6.4 13
      vertex -57.5 -10.3 13
      vertex -28.95 -9.8 13
    endloop
  endfacet
  facet normal 0 1 0
    outer loop
      vertex -2 4 13
      vertex -25.25 4 8.15
      vertex -57.5 4 13
    endloop
  endfacet
  facet normal 0 1 0
    outer loop
      vertex -2 4 13
      vertex -24.9694 4 8.13161
      vertex -25.25 4 8.15
    endloop
  endfacet
  facet normal 0 1 0
    outer loop
      vertex -2 4 13
      vertex -24.6935 4 8.07674
      vertex -24.9694 4 8.13161
    endloop
  endfacet
  facet normal 0 1 0
    outer loop
      vertex -2 4 13
      vertex -24.4272 4 7.98634
      vertex -24.6935 4 8.07674
    endloop
  endfacet
  facet normal 0 1 0
    outer loop
      vertex -2 4 13
      vertex -24.175 4 7.86195
      vertex -24.4272 4 7.98634
    endloop
  endfacet
  facet normal 0 1 0
    outer loop
      vertex -2 4 13
      vertex -23.9412 4 7.70571
      vertex -24.175 4 7.86195
    endloop
  endfacet
  facet normal 0 1 0
    outer loop
      vertex -2 4 13
      vertex -23.7297 4 7.52028
      vertex -23.9412 4 7.70571
    endloop
  endfacet
  facet normal 0 1 0
    outer loop
      vertex -2 4 13
      vertex -23.5443 4 7.30884
      vertex -23.7297 4 7.52028
    endloop
  endfacet
  facet normal 0 1 0
    outer loop
      vertex -2 4 13
      vertex -23.388 4 7.075
      vertex -23.5443 4 7.30884
    endloop
  endfacet
  facet normal 0 1 0
    outer loop
      vertex -2 4 13
      vertex -23.2637 4 6.82277
      vertex -23.388 4 7.075
    endloop
  endfacet
  facet normal 0 1 0
    outer loop
      vertex -2 4 13
      vertex -23.1733 4 6.55646
      vertex -23.2637 4 6.82277
    endloop
  endfacet
  facet normal 0 1 -0
    outer loop
      vertex -2 4 5
      vertex -23.1733 4 6.55646
      vertex -2 4 13
    endloop
  endfacet
  facet normal 0 1 0
    outer loop
      vertex -23.1733 4 6.55646
      vertex -2 4 5
      vertex -23.1184 4 6.28063
    endloop
  endfacet
  facet normal 0 1 0
    outer loop
      vertex -23.1184 4 6.28063
      vertex -2 4 5
      vertex -23.1 4 6
    endloop
  endfacet
  facet normal 0 1 0
    outer loop
      vertex -23.1 4 6
      vertex -2 4 5
      vertex -23.1184 4 5.71937
    endloop
  endfacet
  facet normal 0 1 -0
    outer loop
      vertex -2 4 4
      vertex -23.1184 4 5.71937
      vertex -2 4 5
    endloop
  endfacet
  facet normal 0 1 0
    outer loop
      vertex -23.1184 4 5.71937
      vertex -2 4 4
      vertex -23.1733 4 5.44354
    endloop
  endfacet
  facet normal 0 1 0
    outer loop
      vertex -23.1733 4 5.44354
      vertex -2 4 4
      vertex -23.2637 4 5.17723
    endloop
  endfacet
  facet normal 0 1 0
    outer loop
      vertex -23.2637 4 5.17723
      vertex -2 4 4
      vertex -23.388 4 4.925
    endloop
  endfacet
  facet normal 0 1 0
    outer loop
      vertex -23.388 4 4.925
      vertex -2 4 4
      vertex -23.5443 4 4.69116
    endloop
  endfacet
  facet normal 0 1 0
    outer loop
      vertex -23.5443 4 4.69116
      vertex -2 4 4
      vertex -23.7297 4 4.47972
    endloop
  endfacet
  facet normal 0 1 0
    outer loop
      vertex -23.7297 4 4.47972
      vertex -2 4 4
      vertex -23.9412 4 4.29429
    endloop
  endfacet
  facet normal 0 1 0
    outer loop
      vertex -23.9412 4 4.29429
      vertex -2 4 4
      vertex -24.175 4 4.13805
    endloop
  endfacet
  facet normal 0 1 0
    outer loop
      vertex -24.175 4 4.13805
      vertex -2 4 4
      vertex -24.4272 4 4.01366
    endloop
  endfacet
  facet normal 0 1 0
    outer loop
      vertex -24.4272 4 4.01366
      vertex -2 4 4
      vertex -24.4675 4 4
    endloop
  endfacet
  facet normal 0 1 -0
    outer loop
      vertex -25.5306 4 8.13161
      vertex -57.5 4 13
      vertex -25.25 4 8.15
    endloop
  endfacet
  facet normal 0 1 -0
    outer loop
      vertex -25.8065 4 8.07674
      vertex -57.5 4 13
      vertex -25.5306 4 8.13161
    endloop
  endfacet
  facet normal 0 1 -0
    outer loop
      vertex -26.0728 4 7.98634
      vertex -57.5 4 13
      vertex -25.8065 4 8.07674
    endloop
  endfacet
  facet normal 0 1 -0
    outer loop
      vertex -26.325 4 7.86195
      vertex -57.5 4 13
      vertex -26.0728 4 7.98634
    endloop
  endfacet
  facet normal 0 1 -0
    outer loop
      vertex -26.5588 4 7.70571
      vertex -57.5 4 13
      vertex -26.325 4 7.86195
    endloop
  endfacet
  facet normal 0 1 -0
    outer loop
      vertex -26.7703 4 7.52028
      vertex -57.5 4 13
      vertex -26.5588 4 7.70571
    endloop
  endfacet
  facet normal 0 1 -0
    outer loop
      vertex -26.9557 4 7.30884
      vertex -57.5 4 13
      vertex -26.7703 4 7.52028
    endloop
  endfacet
  facet normal 0 1 -0
    outer loop
      vertex -27.112 4 7.075
      vertex -57.5 4 13
      vertex -26.9557 4 7.30884
    endloop
  endfacet
  facet normal 0 1 -0
    outer loop
      vertex -27.2363 4 6.82277
      vertex -57.5 4 13
      vertex -27.112 4 7.075
    endloop
  endfacet
  facet normal 0 1 -0
    outer loop
      vertex -27.3267 4 6.55646
      vertex -57.5 4 13
      vertex -27.2363 4 6.82277
    endloop
  endfacet
  facet normal 0 1 -0
    outer loop
      vertex -27.3816 4 6.28063
      vertex -57.5 4 13
      vertex -27.3267 4 6.55646
    endloop
  endfacet
  facet normal 0 1 0
    outer loop
      vertex -57.5 4 4
      vertex -27.3816 4 6.28063
      vertex -27.4 4 6
    endloop
  endfacet
  facet normal 0 1 0
    outer loop
      vertex -57.5 4 4
      vertex -27.4 4 6
      vertex -27.3816 4 5.71937
    endloop
  endfacet
  facet normal 0 1 0
    outer loop
      vertex -57.5 4 4
      vertex -27.3816 4 5.71937
      vertex -27.3267 4 5.44354
    endloop
  endfacet
  facet normal 0 1 0
    outer loop
      vertex -57.5 4 4
      vertex -27.3267 4 5.44354
      vertex -27.2363 4 5.17723
    endloop
  endfacet
  facet normal 0 1 0
    outer loop
      vertex -57.5 4 4
      vertex -27.2363 4 5.17723
      vertex -27.112 4 4.925
    endloop
  endfacet
  facet normal 0 1 0
    outer loop
      vertex -57.5 4 4
      vertex -27.112 4 4.925
      vertex -26.9557 4 4.69116
    endloop
  endfacet
  facet normal 0 1 0
    outer loop
      vertex -57.5 4 4
      vertex -26.9557 4 4.69116
      vertex -26.7703 4 4.47972
    endloop
  endfacet
  facet normal 0 1 0
    outer loop
      vertex -57.5 4 4
      vertex -26.7703 4 4.47972
      vertex -26.5588 4 4.29429
    endloop
  endfacet
  facet normal 0 1 0
    outer loop
      vertex -57.5 4 4
      vertex -26.5588 4 4.29429
      vertex -26.325 4 4.13805
    endloop
  endfacet
  facet normal 0 1 0
    outer loop
      vertex -57.5 4 4
      vertex -26.325 4 4.13805
      vertex -26.0728 4 4.01366
    endloop
  endfacet
  facet normal 0 1 0
    outer loop
      vertex -57.5 4 4
      vertex -26.0728 4 4.01366
      vertex -26.0325 4 4
    endloop
  endfacet
  facet normal 0 1 0
    outer loop
      vertex -27.3816 4 6.28063
      vertex -57.5 4 4
      vertex -57.5 4 13
    endloop
  endfacet
  facet normal 1 -0 0
    outer loop
      vertex -4 32.5 8
      vertex -4 58.5 4
      vertex -4 58.5 8
    endloop
  endfacet
  facet normal 1 0 0
    outer loop
      vertex -4 58.5 4
      vertex -4 32.5 8
      vertex -4 32.5 4
    endloop
  endfacet
  facet normal 1 -0 0
    outer loop
      vertex -4 18.5 8
      vertex -4 29.5 4
      vertex -4 29.5 8
    endloop
  endfacet
  facet normal 1 0 0
    outer loop
      vertex -4 29.5 4
      vertex -4 18.5 8
      vertex -4 18.5 4
    endloop
  endfacet
  facet normal -0 0 1
    outer loop
      vertex -46.5 58.5 8
      vertex -45.5 57.5 8
      vertex -45.5 58.5 8
    endloop
  endfacet
  facet normal 0 0 1
    outer loop
      vertex -46.5 32.5 8
      vertex -45.5 57.5 8
      vertex -46.5 58.5 8
    endloop
  endfacet
  facet normal 0 0 1
    outer loop
      vertex -45.5 57.5 8
      vertex -46.5 32.5 8
      vertex -45.8 32.5 8
    endloop
  endfacet
  facet normal -0 0 1
    outer loop
      vertex -5 57.5 8
      vertex -4 32.5 8
      vertex -4 58.5 8
    endloop
  endfacet
  facet normal 0 0 1
    outer loop
      vertex -4 32.5 8
      vertex -5 57.5 8
      vertex -4.7 32.5 8
    endloop
  endfacet
  facet normal 0 0 1
    outer loop
      vertex -5 57.5 8
      vertex -4 58.5 8
      vertex -5 58.5 8
    endloop
  endfacet
  facet normal -0 0 1
    outer loop
      vertex -4.7 29.5 8
      vertex -4 18.5 8
      vertex -4 29.5 8
    endloop
  endfacet
  facet normal 0 0 1
    outer loop
      vertex -45.8 32.5 8
      vertex -4.7 32.5 8
      vertex -5 57.5 8
    endloop
  endfacet
  facet normal 0 0 1
    outer loop
      vertex -45.8 32.5 8
      vertex -5 57.5 8
      vertex -45.5 57.5 8
    endloop
  endfacet
  facet normal 0 0 1
    outer loop
      vertex -4.7 32.5 8
      vertex -45.8 32.5 8
      vertex -4.7 29.5 8
    endloop
  endfacet
  facet normal 0 0 1
    outer loop
      vertex -45.8 29.5 8
      vertex -4.7 29.5 8
      vertex -45.8 32.5 8
    endloop
  endfacet
  facet normal 0 0 1
    outer loop
      vertex -4.7 29.5 8
      vertex -45.8 29.5 8
      vertex -4 18.5 8
    endloop
  endfacet
  facet normal 0 0 1
    outer loop
      vertex -46.5 18.5 8
      vertex -45.8 29.5 8
      vertex -46.5 29.5 8
    endloop
  endfacet
  facet normal 0 0 1
    outer loop
      vertex -45.8 29.5 8
      vertex -46.5 18.5 8
      vertex -4 18.5 8
    endloop
  endfacet
  facet normal -1 0 0
    outer loop
      vertex -46.5 32.5 4
      vertex -46.5 58.5 8
      vertex -46.5 58.5 4
    endloop
  endfacet
  facet normal -1 -0 0
    outer loop
      vertex -46.5 58.5 8
      vertex -46.5 32.5 4
      vertex -46.5 32.5 8
    endloop
  endfacet
  facet normal -1 0 0
    outer loop
      vertex -46.5 18.5 4
      vertex -46.5 29.5 8
      vertex -46.5 29.5 4
    endloop
  endfacet
  facet normal -1 -0 0
    outer loop
      vertex -46.5 29.5 8
      vertex -46.5 18.5 4
      vertex -46.5 18.5 8
    endloop
  endfacet
  facet normal 0 1 -0
    outer loop
      vertex -45.5 58.5 4
      vertex -46.5 58.5 8
      vertex -45.5 58.5 8
    endloop
  endfacet
  facet normal 0 1 0
    outer loop
      vertex -46.5 58.5 8
      vertex -45.5 58.5 4
      vertex -46.5 58.5 4
    endloop
  endfacet
  facet normal 0 1 -0
    outer loop
      vertex -4 58.5 4
      vertex -5 58.5 8
      vertex -4 58.5 8
    endloop
  endfacet
  facet normal 0 1 0
    outer loop
      vertex -5 58.5 8
      vertex -4 58.5 4
      vertex -5 58.5 4
    endloop
  endfacet
  facet normal 0 -1 0
    outer loop
      vertex -46.5 18.5 4
      vertex -4 18.5 8
      vertex -46.5 18.5 8
    endloop
  endfacet
  facet normal 0 -1 -0
    outer loop
      vertex -4 18.5 8
      vertex -46.5 18.5 4
      vertex -4 18.5 4
    endloop
  endfacet
  facet normal 1 0 0
    outer loop
      vertex -5 60.5 20
      vertex -5 58.5 8
      vertex -5 60.5 4
    endloop
  endfacet
  facet normal 1 -0 0
    outer loop
      vertex -5 57.5 20
      vertex -5 58.5 8
      vertex -5 60.5 20
    endloop
  endfacet
  facet normal 1 0 0
    outer loop
      vertex -5 58.5 8
      vertex -5 57.5 20
      vertex -5 57.5 8
    endloop
  endfacet
  facet normal 1 0 0
    outer loop
      vertex -5 60.5 4
      vertex -5 58.5 8
      vertex -5 58.5 4
    endloop
  endfacet
  facet normal -0 0 1
    outer loop
      vertex -45.5 60.5 20
      vertex -5 57.5 20
      vertex -5 60.5 20
    endloop
  endfacet
  facet normal 0 0 1
    outer loop
      vertex -5 57.5 20
      vertex -45.5 60.5 20
      vertex -45.5 57.5 20
    endloop
  endfacet
  facet normal -1 0 0
    outer loop
      vertex -45.5 58.5 8
      vertex -45.5 60.5 4
      vertex -45.5 58.5 4
    endloop
  endfacet
  facet normal -1 0 0
    outer loop
      vertex -45.5 60.5 4
      vertex -45.5 58.5 8
      vertex -45.5 60.5 20
    endloop
  endfacet
  facet normal -1 0 0
    outer loop
      vertex -45.5 57.5 20
      vertex -45.5 58.5 8
      vertex -45.5 57.5 8
    endloop
  endfacet
  facet normal -1 0 0
    outer loop
      vertex -45.5 58.5 8
      vertex -45.5 57.5 20
      vertex -45.5 60.5 20
    endloop
  endfacet
  facet normal 0 1 -0
    outer loop
      vertex -5 60.5 4
      vertex -45.5 60.5 20
      vertex -5 60.5 20
    endloop
  endfacet
  facet normal 0 1 0
    outer loop
      vertex -45.5 60.5 20
      vertex -5 60.5 4
      vertex -45.5 60.5 4
    endloop
  endfacet
  facet normal 0 -1 0
    outer loop
      vertex -45.5 57.5 8
      vertex -5 57.5 20
      vertex -45.5 57.5 20
    endloop
  endfacet
  facet normal 0 -1 -0
    outer loop
      vertex -5 57.5 20
      vertex -45.5 57.5 8
      vertex -5 57.5 8
    endloop
  endfacet
  facet normal 1 -0 0
    outer loop
      vertex 0 10.5 8
      vertex 0 16.5 5
      vertex 0 16.5 8
    endloop
  endfacet
  facet normal 1 0 0
    outer loop
      vertex 0 16.5 5
      vertex 0 10.5 8
      vertex 0 10.5 5
    endloop
  endfacet
  facet normal -0 0 1
    outer loop
      vertex -6 16.5 8
      vertex 0 10.5 8
      vertex 0 16.5 8
    endloop
  endfacet
  facet normal 0 0 1
    outer loop
      vertex 0 10.5 8
      vertex -6 16.5 8
      vertex -6 10.5 8
    endloop
  endfacet
  facet normal -1 0 0
    outer loop
      vertex -6 10.5 4
      vertex -6 16.5 8
      vertex -6 16.5 4
    endloop
  endfacet
  facet normal -1 -0 0
    outer loop
      vertex -6 16.5 8
      vertex -6 10.5 4
      vertex -6 10.5 8
    endloop
  endfacet
  facet normal 0 1 0
    outer loop
      vertex -2 16.5 5
      vertex 0 16.5 8
      vertex 0 16.5 5
    endloop
  endfacet
  facet normal 0 1 0
    outer loop
      vertex 0 16.5 8
      vertex -2 16.5 5
      vertex -6 16.5 8
    endloop
  endfacet
  facet normal 0 1 0
    outer loop
      vertex -6 16.5 4
      vertex -2 16.5 5
      vertex -2 16.5 4
    endloop
  endfacet
  facet normal 0 1 0
    outer loop
      vertex -2 16.5 5
      vertex -6 16.5 4
      vertex -6 16.5 8
    endloop
  endfacet
  facet normal 0 -1 0
    outer loop
      vertex -6 10.5 8
      vertex -2 10.5 5
      vertex 0 10.5 8
    endloop
  endfacet
  facet normal 0 -1 0
    outer loop
      vertex -6 10.5 4
      vertex -2 10.5 5
      vertex -6 10.5 8
    endloop
  endfacet
  facet normal 0 -1 -0
    outer loop
      vertex -2 10.5 5
      vertex -6 10.5 4
      vertex -2 10.5 4
    endloop
  endfacet
  facet normal 0 -1 -0
    outer loop
      vertex 0 10.5 8
      vertex -2 10.5 5
      vertex 0 10.5 5
    endloop
  endfacet
  facet normal -0.659244 0 0.751929
    outer loop
      vertex -23.9412 -9.8 4.29429
      vertex -23.7297 -10.3 4.47972
      vertex -23.7297 -9.8 4.47972
    endloop
  endfacet
  facet normal -0.659244 0 0.751929
    outer loop
      vertex -23.7297 -10.3 4.47972
      vertex -23.9412 -9.8 4.29429
      vertex -23.9412 -10.3 4.29429
    endloop
  endfacet
  facet normal -0.659244 0 0.751929
    outer loop
      vertex -23.9412 -4.3 4.29429
      vertex -23.7297 -6.4 4.47972
      vertex -23.7297 -4.3 4.47972
    endloop
  endfacet
  facet normal -0.659244 0 0.751929
    outer loop
      vertex -23.7297 -6.4 4.47972
      vertex -23.9412 -4.3 4.29429
      vertex -23.9412 -6.4 4.29429
    endloop
  endfacet
  facet normal -0.659244 0 0.751929
    outer loop
      vertex -23.9412 4 4.29429
      vertex -23.7297 0 4.47972
      vertex -23.7297 4 4.47972
    endloop
  endfacet
  facet normal -0.659244 0 0.751929
    outer loop
      vertex -23.7297 0 4.47972
      vertex -23.9412 4 4.29429
      vertex -23.9412 0 4.29429
    endloop
  endfacet
  facet normal -0.32145 0 -0.946927
    outer loop
      vertex -24.6935 -6.4 8.07674
      vertex -24.4272 -4.3 7.98634
      vertex -24.4272 -6.4 7.98634
    endloop
  endfacet
  facet normal -0.32145 0 -0.946927
    outer loop
      vertex -24.4272 -4.3 7.98634
      vertex -24.6935 -6.4 8.07674
      vertex -24.6935 -4.3 8.07674
    endloop
  endfacet
  facet normal -0.32145 0 -0.946927
    outer loop
      vertex -24.6935 0 8.07674
      vertex -24.4272 4 7.98634
      vertex -24.4272 0 7.98634
    endloop
  endfacet
  facet normal -0.32145 0 -0.946927
    outer loop
      vertex -24.4272 4 7.98634
      vertex -24.6935 0 8.07674
      vertex -24.6935 4 8.07674
    endloop
  endfacet
  facet normal -0.32145 0 -0.946927
    outer loop
      vertex -24.6935 -10.3 8.07674
      vertex -24.4272 -9.8 7.98634
      vertex -24.4272 -10.3 7.98634
    endloop
  endfacet
  facet normal -0.32145 0 -0.946927
    outer loop
      vertex -24.4272 -9.8 7.98634
      vertex -24.6935 -10.3 8.07674
      vertex -24.6935 -9.8 8.07674
    endloop
  endfacet
  facet normal -0.980762 0 0.195207
    outer loop
      vertex -23.1733 -10.3 5.44354
      vertex -23.1184 -9.8 5.71937
      vertex -23.1733 -9.8 5.44354
    endloop
  endfacet
  facet normal -0.980762 0 0.195207
    outer loop
      vertex -23.1184 -9.8 5.71937
      vertex -23.1733 -10.3 5.44354
      vertex -23.1184 -10.3 5.71937
    endloop
  endfacet
  facet normal -0.980762 0 0.195207
    outer loop
      vertex -23.1733 -6.4 5.44354
      vertex -23.1184 -4.3 5.71937
      vertex -23.1733 -4.3 5.44354
    endloop
  endfacet
  facet normal -0.980762 0 0.195207
    outer loop
      vertex -23.1184 -4.3 5.71937
      vertex -23.1733 -6.4 5.44354
      vertex -23.1184 -6.4 5.71937
    endloop
  endfacet
  facet normal -0.980762 0 0.195207
    outer loop
      vertex -23.1733 0 5.44354
      vertex -23.1184 4 5.71937
      vertex -23.1733 4 5.44354
    endloop
  endfacet
  facet normal -0.980762 0 0.195207
    outer loop
      vertex -23.1184 4 5.71937
      vertex -23.1733 0 5.44354
      vertex -23.1184 0 5.71937
    endloop
  endfacet
  facet normal -0.997857 0 0.0654263
    outer loop
      vertex -23.1184 -10.3 5.71937
      vertex -23.1 -9.8 6
      vertex -23.1184 -9.8 5.71937
    endloop
  endfacet
  facet normal -0.997857 0 0.0654263
    outer loop
      vertex -23.1 -9.8 6
      vertex -23.1184 -10.3 5.71937
      vertex -23.1 -10.3 6
    endloop
  endfacet
  facet normal -0.997857 0 0.0654263
    outer loop
      vertex -23.1184 -6.4 5.71937
      vertex -23.1 -4.3 6
      vertex -23.1184 -4.3 5.71937
    endloop
  endfacet
  facet normal -0.997857 0 0.0654263
    outer loop
      vertex -23.1 -4.3 6
      vertex -23.1184 -6.4 5.71937
      vertex -23.1 -6.4 6
    endloop
  endfacet
  facet normal -0.997857 0 0.0654263
    outer loop
      vertex -23.1184 0 5.71937
      vertex -23.1 4 6
      vertex -23.1184 4 5.71937
    endloop
  endfacet
  facet normal -0.997857 0 0.0654263
    outer loop
      vertex -23.1 4 6
      vertex -23.1184 0 5.71937
      vertex -23.1 0 6
    endloop
  endfacet
  facet normal -0.94693 0 0.321439
    outer loop
      vertex -23.2637 -10.3 5.17723
      vertex -23.1733 -9.8 5.44354
      vertex -23.2637 -9.8 5.17723
    endloop
  endfacet
  facet normal -0.94693 0 0.321439
    outer loop
      vertex -23.1733 -9.8 5.44354
      vertex -23.2637 -10.3 5.17723
      vertex -23.1733 -10.3 5.44354
    endloop
  endfacet
  facet normal -0.94693 0 0.321439
    outer loop
      vertex -23.2637 -6.4 5.17723
      vertex -23.1733 -4.3 5.44354
      vertex -23.2637 -4.3 5.17723
    endloop
  endfacet
  facet normal -0.94693 0 0.321439
    outer loop
      vertex -23.1733 -4.3 5.44354
      vertex -23.2637 -6.4 5.17723
      vertex -23.1733 -6.4 5.44354
    endloop
  endfacet
  facet normal -0.94693 0 0.321439
    outer loop
      vertex -23.2637 0 5.17723
      vertex -23.1733 4 5.44354
      vertex -23.2637 4 5.17723
    endloop
  endfacet
  facet normal -0.94693 0 0.321439
    outer loop
      vertex -23.1733 4 5.44354
      vertex -23.2637 0 5.17723
      vertex -23.1733 0 5.44354
    endloop
  endfacet
  facet normal -0.831382 0 0.555701
    outer loop
      vertex -23.5443 -10.3 4.69116
      vertex -23.388 -9.8 4.925
      vertex -23.5443 -9.8 4.69116
    endloop
  endfacet
  facet normal -0.831382 0 0.555701
    outer loop
      vertex -23.388 -9.8 4.925
      vertex -23.5443 -10.3 4.69116
      vertex -23.388 -10.3 4.925
    endloop
  endfacet
  facet normal -0.831382 0 0.555701
    outer loop
      vertex -23.5443 -6.4 4.69116
      vertex -23.388 -4.3 4.925
      vertex -23.5443 -4.3 4.69116
    endloop
  endfacet
  facet normal -0.831382 0 0.555701
    outer loop
      vertex -23.388 -4.3 4.925
      vertex -23.5443 -6.4 4.69116
      vertex -23.388 -6.4 4.925
    endloop
  endfacet
  facet normal -0.831382 0 0.555701
    outer loop
      vertex -23.5443 0 4.69116
      vertex -23.388 4 4.925
      vertex -23.5443 4 4.69116
    endloop
  endfacet
  facet normal -0.831382 0 0.555701
    outer loop
      vertex -23.388 4 4.925
      vertex -23.5443 0 4.69116
      vertex -23.388 0 4.925
    endloop
  endfacet
  facet normal -0.321527 0 0.9469
    outer loop
      vertex -24.4675 8.7 4
      vertex -24.6935 8.7 3.92326
      vertex -24.4675 4 4
    endloop
  endfacet
  facet normal -0.321018 0 0.947073
    outer loop
      vertex -24.4675 4 4
      vertex -24.4272 0 4.01366
      vertex -24.4272 4 4.01366
    endloop
  endfacet
  facet normal -0.321527 0 0.9469
    outer loop
      vertex -24.6935 0 3.92326
      vertex -24.4675 4 4
      vertex -24.6935 8.7 3.92326
    endloop
  endfacet
  facet normal -0.32145 -4.85553e-06 0.946927
    outer loop
      vertex -24.4675 4 4
      vertex -24.6935 0 3.92326
      vertex -24.4272 0 4.01366
    endloop
  endfacet
  facet normal -0.32145 0 0.946927
    outer loop
      vertex -24.6935 -4.3 3.92326
      vertex -24.4272 -6.4 4.01366
      vertex -24.4272 -4.3 4.01366
    endloop
  endfacet
  facet normal -0.32145 0 0.946927
    outer loop
      vertex -24.4272 -6.4 4.01366
      vertex -24.6935 -4.3 3.92326
      vertex -24.6935 -6.4 3.92326
    endloop
  endfacet
  facet normal -0.32145 0 0.946927
    outer loop
      vertex -24.6935 -9.8 3.92326
      vertex -24.4272 -10.3 4.01366
      vertex -24.4272 -9.8 4.01366
    endloop
  endfacet
  facet normal -0.32145 0 0.946927
    outer loop
      vertex -24.4272 -10.3 4.01366
      vertex -24.6935 -9.8 3.92326
      vertex -24.6935 -10.3 3.92326
    endloop
  endfacet
  facet normal -0.831382 0 -0.555701
    outer loop
      vertex -23.388 -6.4 7.075
      vertex -23.5443 -4.3 7.30884
      vertex -23.388 -4.3 7.075
    endloop
  endfacet
  facet normal -0.831382 -0 -0.555701
    outer loop
      vertex -23.5443 -4.3 7.30884
      vertex -23.388 -6.4 7.075
      vertex -23.5443 -6.4 7.30884
    endloop
  endfacet
  facet normal -0.831382 0 -0.555701
    outer loop
      vertex -23.388 0 7.075
      vertex -23.5443 4 7.30884
      vertex -23.388 4 7.075
    endloop
  endfacet
  facet normal -0.831382 -0 -0.555701
    outer loop
      vertex -23.5443 4 7.30884
      vertex -23.388 0 7.075
      vertex -23.5443 0 7.30884
    endloop
  endfacet
  facet normal -0.831382 0 -0.555701
    outer loop
      vertex -23.388 -10.3 7.075
      vertex -23.5443 -9.8 7.30884
      vertex -23.388 -9.8 7.075
    endloop
  endfacet
  facet normal -0.831382 -0 -0.555701
    outer loop
      vertex -23.5443 -9.8 7.30884
      vertex -23.388 -10.3 7.075
      vertex -23.5443 -10.3 7.30884
    endloop
  endfacet
  facet normal 0.659244 0 0.751929
    outer loop
      vertex -26.7703 -9.8 4.47972
      vertex -26.5588 -10.3 4.29429
      vertex -26.5588 -9.8 4.29429
    endloop
  endfacet
  facet normal 0.659244 0 0.751929
    outer loop
      vertex -26.5588 -10.3 4.29429
      vertex -26.7703 -9.8 4.47972
      vertex -26.7703 -10.3 4.47972
    endloop
  endfacet
  facet normal 0.659244 0 0.751929
    outer loop
      vertex -26.7703 -4.3 4.47972
      vertex -26.5588 -6.4 4.29429
      vertex -26.5588 -4.3 4.29429
    endloop
  endfacet
  facet normal 0.659244 0 0.751929
    outer loop
      vertex -26.5588 -6.4 4.29429
      vertex -26.7703 -4.3 4.47972
      vertex -26.7703 -6.4 4.47972
    endloop
  endfacet
  facet normal 0.659244 0 0.751929
    outer loop
      vertex -26.7703 4 4.47972
      vertex -26.5588 0 4.29429
      vertex -26.5588 4 4.29429
    endloop
  endfacet
  facet normal 0.659244 0 0.751929
    outer loop
      vertex -26.5588 0 4.29429
      vertex -26.7703 4 4.47972
      vertex -26.7703 0 4.47972
    endloop
  endfacet
  facet normal -0.980762 0 -0.195207
    outer loop
      vertex -23.1184 -10.3 6.28063
      vertex -23.1733 -9.8 6.55646
      vertex -23.1184 -9.8 6.28063
    endloop
  endfacet
  facet normal -0.980762 -0 -0.195207
    outer loop
      vertex -23.1733 -9.8 6.55646
      vertex -23.1184 -10.3 6.28063
      vertex -23.1733 -10.3 6.55646
    endloop
  endfacet
  facet normal -0.980762 0 -0.195207
    outer loop
      vertex -23.1184 -6.4 6.28063
      vertex -23.1733 -4.3 6.55646
      vertex -23.1184 -4.3 6.28063
    endloop
  endfacet
  facet normal -0.980762 -0 -0.195207
    outer loop
      vertex -23.1733 -4.3 6.55646
      vertex -23.1184 -6.4 6.28063
      vertex -23.1733 -6.4 6.55646
    endloop
  endfacet
  facet normal -0.980762 0 -0.195207
    outer loop
      vertex -23.1184 0 6.28063
      vertex -23.1733 4 6.55646
      vertex -23.1184 4 6.28063
    endloop
  endfacet
  facet normal -0.980762 -0 -0.195207
    outer loop
      vertex -23.1733 4 6.55646
      vertex -23.1184 0 6.28063
      vertex -23.1733 0 6.55646
    endloop
  endfacet
  facet normal -0.442342 0 0.896846
    outer loop
      vertex -24.4272 -4.3 4.01366
      vertex -24.175 -6.4 4.13805
      vertex -24.175 -4.3 4.13805
    endloop
  endfacet
  facet normal -0.442342 0 0.896846
    outer loop
      vertex -24.175 -6.4 4.13805
      vertex -24.4272 -4.3 4.01366
      vertex -24.4272 -6.4 4.01366
    endloop
  endfacet
  facet normal -0.442342 0 0.896846
    outer loop
      vertex -24.4272 4 4.01366
      vertex -24.175 0 4.13805
      vertex -24.175 4 4.13805
    endloop
  endfacet
  facet normal -0.442342 0 0.896846
    outer loop
      vertex -24.175 0 4.13805
      vertex -24.4272 4 4.01366
      vertex -24.4272 0 4.01366
    endloop
  endfacet
  facet normal -0.442342 0 0.896846
    outer loop
      vertex -24.4272 -9.8 4.01366
      vertex -24.175 -10.3 4.13805
      vertex -24.175 -9.8 4.13805
    endloop
  endfacet
  facet normal -0.442342 0 0.896846
    outer loop
      vertex -24.175 -10.3 4.13805
      vertex -24.4272 -9.8 4.01366
      vertex -24.4272 -10.3 4.01366
    endloop
  endfacet
  facet normal -0.94693 0 -0.321439
    outer loop
      vertex -23.1733 -10.3 6.55646
      vertex -23.2637 -9.8 6.82277
      vertex -23.1733 -9.8 6.55646
    endloop
  endfacet
  facet normal -0.94693 -0 -0.321439
    outer loop
      vertex -23.2637 -9.8 6.82277
      vertex -23.1733 -10.3 6.55646
      vertex -23.2637 -10.3 6.82277
    endloop
  endfacet
  facet normal -0.94693 0 -0.321439
    outer loop
      vertex -23.1733 -6.4 6.55646
      vertex -23.2637 -4.3 6.82277
      vertex -23.1733 -4.3 6.55646
    endloop
  endfacet
  facet normal -0.94693 -0 -0.321439
    outer loop
      vertex -23.2637 -4.3 6.82277
      vertex -23.1733 -6.4 6.55646
      vertex -23.2637 -6.4 6.82277
    endloop
  endfacet
  facet normal -0.94693 0 -0.321439
    outer loop
      vertex -23.1733 0 6.55646
      vertex -23.2637 4 6.82277
      vertex -23.1733 4 6.55646
    endloop
  endfacet
  facet normal -0.94693 -0 -0.321439
    outer loop
      vertex -23.2637 4 6.82277
      vertex -23.1733 0 6.55646
      vertex -23.2637 0 6.82277
    endloop
  endfacet
  facet normal -0.997857 0 -0.0654263
    outer loop
      vertex -23.1 -10.3 6
      vertex -23.1184 -9.8 6.28063
      vertex -23.1 -9.8 6
    endloop
  endfacet
  facet normal -0.997857 -0 -0.0654263
    outer loop
      vertex -23.1184 -9.8 6.28063
      vertex -23.1 -10.3 6
      vertex -23.1184 -10.3 6.28063
    endloop
  endfacet
  facet normal -0.997857 0 -0.0654263
    outer loop
      vertex -23.1 -6.4 6
      vertex -23.1184 -4.3 6.28063
      vertex -23.1 -4.3 6
    endloop
  endfacet
  facet normal -0.997857 -0 -0.0654263
    outer loop
      vertex -23.1184 -4.3 6.28063
      vertex -23.1 -6.4 6
      vertex -23.1184 -6.4 6.28063
    endloop
  endfacet
  facet normal -0.997857 0 -0.0654263
    outer loop
      vertex -23.1 0 6
      vertex -23.1184 4 6.28063
      vertex -23.1 4 6
    endloop
  endfacet
  facet normal -0.997857 -0 -0.0654263
    outer loop
      vertex -23.1184 4 6.28063
      vertex -23.1 0 6
      vertex -23.1184 0 6.28063
    endloop
  endfacet
  facet normal 0.32145 0 -0.946927
    outer loop
      vertex -26.0728 -10.3 7.98634
      vertex -25.8065 -9.8 8.07674
      vertex -25.8065 -10.3 8.07674
    endloop
  endfacet
  facet normal 0.32145 0 -0.946927
    outer loop
      vertex -25.8065 -9.8 8.07674
      vertex -26.0728 -10.3 7.98634
      vertex -26.0728 -9.8 7.98634
    endloop
  endfacet
  facet normal 0.32145 0 -0.946927
    outer loop
      vertex -26.0728 -6.4 7.98634
      vertex -25.8065 -4.3 8.07674
      vertex -25.8065 -6.4 8.07674
    endloop
  endfacet
  facet normal 0.32145 0 -0.946927
    outer loop
      vertex -25.8065 -4.3 8.07674
      vertex -26.0728 -6.4 7.98634
      vertex -26.0728 -4.3 7.98634
    endloop
  endfacet
  facet normal 0.32145 0 -0.946927
    outer loop
      vertex -26.0728 0 7.98634
      vertex -25.8065 4 8.07674
      vertex -25.8065 0 8.07674
    endloop
  endfacet
  facet normal 0.32145 0 -0.946927
    outer loop
      vertex -25.8065 4 8.07674
      vertex -26.0728 0 7.98634
      vertex -26.0728 4 7.98634
    endloop
  endfacet
  facet normal -0.896994 0 0.442042
    outer loop
      vertex -23.388 -10.3 4.925
      vertex -23.2637 -9.8 5.17723
      vertex -23.388 -9.8 4.925
    endloop
  endfacet
  facet normal -0.896994 0 0.442042
    outer loop
      vertex -23.2637 -9.8 5.17723
      vertex -23.388 -10.3 4.925
      vertex -23.2637 -10.3 5.17723
    endloop
  endfacet
  facet normal -0.896994 0 0.442042
    outer loop
      vertex -23.388 -6.4 4.925
      vertex -23.2637 -4.3 5.17723
      vertex -23.388 -4.3 4.925
    endloop
  endfacet
  facet normal -0.896994 0 0.442042
    outer loop
      vertex -23.2637 -4.3 5.17723
      vertex -23.388 -6.4 4.925
      vertex -23.2637 -6.4 5.17723
    endloop
  endfacet
  facet normal -0.896994 0 0.442042
    outer loop
      vertex -23.388 0 4.925
      vertex -23.2637 4 5.17723
      vertex -23.388 4 4.925
    endloop
  endfacet
  facet normal -0.896994 0 0.442042
    outer loop
      vertex -23.2637 4 5.17723
      vertex -23.388 0 4.925
      vertex -23.2637 0 5.17723
    endloop
  endfacet
  facet normal 0.896994 -0 0.442042
    outer loop
      vertex -27.2363 -6.4 5.17723
      vertex -27.112 -4.3 4.925
      vertex -27.2363 -4.3 5.17723
    endloop
  endfacet
  facet normal 0.896994 0 0.442042
    outer loop
      vertex -27.112 -4.3 4.925
      vertex -27.2363 -6.4 5.17723
      vertex -27.112 -6.4 4.925
    endloop
  endfacet
  facet normal 0.896994 -0 0.442042
    outer loop
      vertex -27.2363 0 5.17723
      vertex -27.112 4 4.925
      vertex -27.2363 4 5.17723
    endloop
  endfacet
  facet normal 0.896994 0 0.442042
    outer loop
      vertex -27.112 4 4.925
      vertex -27.2363 0 5.17723
      vertex -27.112 0 4.925
    endloop
  endfacet
  facet normal 0.896994 -0 0.442042
    outer loop
      vertex -27.2363 -10.3 5.17723
      vertex -27.112 -9.8 4.925
      vertex -27.2363 -9.8 5.17723
    endloop
  endfacet
  facet normal 0.896994 0 0.442042
    outer loop
      vertex -27.112 -9.8 4.925
      vertex -27.2363 -10.3 5.17723
      vertex -27.112 -10.3 4.925
    endloop
  endfacet
  facet normal 0.751889 0 -0.65929
    outer loop
      vertex -26.7703 -10.3 7.52028
      vertex -26.9557 -9.8 7.30884
      vertex -26.7703 -9.8 7.52028
    endloop
  endfacet
  facet normal 0.751889 0 -0.65929
    outer loop
      vertex -26.9557 -9.8 7.30884
      vertex -26.7703 -10.3 7.52028
      vertex -26.9557 -10.3 7.30884
    endloop
  endfacet
  facet normal 0.751889 0 -0.65929
    outer loop
      vertex -26.7703 -6.4 7.52028
      vertex -26.9557 -4.3 7.30884
      vertex -26.7703 -4.3 7.52028
    endloop
  endfacet
  facet normal 0.751889 0 -0.65929
    outer loop
      vertex -26.9557 -4.3 7.30884
      vertex -26.7703 -6.4 7.52028
      vertex -26.9557 -6.4 7.30884
    endloop
  endfacet
  facet normal 0.751889 0 -0.65929
    outer loop
      vertex -26.7703 0 7.52028
      vertex -26.9557 4 7.30884
      vertex -26.7703 4 7.52028
    endloop
  endfacet
  facet normal 0.751889 0 -0.65929
    outer loop
      vertex -26.9557 4 7.30884
      vertex -26.7703 0 7.52028
      vertex -26.9557 0 7.30884
    endloop
  endfacet
  facet normal 0.896994 0 -0.442042
    outer loop
      vertex -27.112 -6.4 7.075
      vertex -27.2363 -4.3 6.82277
      vertex -27.112 -4.3 7.075
    endloop
  endfacet
  facet normal 0.896994 0 -0.442042
    outer loop
      vertex -27.2363 -4.3 6.82277
      vertex -27.112 -6.4 7.075
      vertex -27.2363 -6.4 6.82277
    endloop
  endfacet
  facet normal 0.896994 0 -0.442042
    outer loop
      vertex -27.112 0 7.075
      vertex -27.2363 4 6.82277
      vertex -27.112 4 7.075
    endloop
  endfacet
  facet normal 0.896994 0 -0.442042
    outer loop
      vertex -27.2363 4 6.82277
      vertex -27.112 0 7.075
      vertex -27.2363 0 6.82277
    endloop
  endfacet
  facet normal 0.896994 0 -0.442042
    outer loop
      vertex -27.112 -10.3 7.075
      vertex -27.2363 -9.8 6.82277
      vertex -27.112 -9.8 7.075
    endloop
  endfacet
  facet normal 0.896994 0 -0.442042
    outer loop
      vertex -27.2363 -9.8 6.82277
      vertex -27.112 -10.3 7.075
      vertex -27.2363 -10.3 6.82277
    endloop
  endfacet
  facet normal 0.442342 0 0.896846
    outer loop
      vertex -26.325 -4.3 4.13805
      vertex -26.0728 -6.4 4.01366
      vertex -26.0728 -4.3 4.01366
    endloop
  endfacet
  facet normal 0.442342 0 0.896846
    outer loop
      vertex -26.0728 -6.4 4.01366
      vertex -26.325 -4.3 4.13805
      vertex -26.325 -6.4 4.13805
    endloop
  endfacet
  facet normal 0.442342 0 0.896846
    outer loop
      vertex -26.325 4 4.13805
      vertex -26.0728 0 4.01366
      vertex -26.0728 4 4.01366
    endloop
  endfacet
  facet normal 0.442342 0 0.896846
    outer loop
      vertex -26.0728 0 4.01366
      vertex -26.325 4 4.13805
      vertex -26.325 0 4.13805
    endloop
  endfacet
  facet normal 0.442342 0 0.896846
    outer loop
      vertex -26.325 -9.8 4.13805
      vertex -26.0728 -10.3 4.01366
      vertex -26.0728 -9.8 4.01366
    endloop
  endfacet
  facet normal 0.442342 0 0.896846
    outer loop
      vertex -26.0728 -10.3 4.01366
      vertex -26.325 -9.8 4.13805
      vertex -26.325 -10.3 4.13805
    endloop
  endfacet
  facet normal 0.555619 0 -0.831437
    outer loop
      vertex -26.5588 -10.3 7.70571
      vertex -26.325 -9.8 7.86195
      vertex -26.325 -10.3 7.86195
    endloop
  endfacet
  facet normal 0.555619 0 -0.831437
    outer loop
      vertex -26.325 -9.8 7.86195
      vertex -26.5588 -10.3 7.70571
      vertex -26.5588 -9.8 7.70571
    endloop
  endfacet
  facet normal 0.555619 0 -0.831437
    outer loop
      vertex -26.5588 -6.4 7.70571
      vertex -26.325 -4.3 7.86195
      vertex -26.325 -6.4 7.86195
    endloop
  endfacet
  facet normal 0.555619 0 -0.831437
    outer loop
      vertex -26.325 -4.3 7.86195
      vertex -26.5588 -6.4 7.70571
      vertex -26.5588 -4.3 7.70571
    endloop
  endfacet
  facet normal 0.555619 0 -0.831437
    outer loop
      vertex -26.5588 0 7.70571
      vertex -26.325 4 7.86195
      vertex -26.325 0 7.86195
    endloop
  endfacet
  facet normal 0.555619 0 -0.831437
    outer loop
      vertex -26.325 4 7.86195
      vertex -26.5588 0 7.70571
      vertex -26.5588 4 7.70571
    endloop
  endfacet
  facet normal 0.980762 0 -0.195207
    outer loop
      vertex -27.3267 -10.3 6.55646
      vertex -27.3816 -9.8 6.28063
      vertex -27.3267 -9.8 6.55646
    endloop
  endfacet
  facet normal 0.980762 0 -0.195207
    outer loop
      vertex -27.3816 -9.8 6.28063
      vertex -27.3267 -10.3 6.55646
      vertex -27.3816 -10.3 6.28063
    endloop
  endfacet
  facet normal 0.980762 0 -0.195207
    outer loop
      vertex -27.3267 -6.4 6.55646
      vertex -27.3816 -4.3 6.28063
      vertex -27.3267 -4.3 6.55646
    endloop
  endfacet
  facet normal 0.980762 0 -0.195207
    outer loop
      vertex -27.3816 -4.3 6.28063
      vertex -27.3267 -6.4 6.55646
      vertex -27.3816 -6.4 6.28063
    endloop
  endfacet
  facet normal 0.980762 0 -0.195207
    outer loop
      vertex -27.3267 0 6.55646
      vertex -27.3816 4 6.28063
      vertex -27.3267 4 6.55646
    endloop
  endfacet
  facet normal 0.980762 0 -0.195207
    outer loop
      vertex -27.3816 4 6.28063
      vertex -27.3267 0 6.55646
      vertex -27.3816 0 6.28063
    endloop
  endfacet
  facet normal 0.980762 -0 0.195207
    outer loop
      vertex -27.3816 -10.3 5.71937
      vertex -27.3267 -9.8 5.44354
      vertex -27.3816 -9.8 5.71937
    endloop
  endfacet
  facet normal 0.980762 0 0.195207
    outer loop
      vertex -27.3267 -9.8 5.44354
      vertex -27.3816 -10.3 5.71937
      vertex -27.3267 -10.3 5.44354
    endloop
  endfacet
  facet normal 0.980762 -0 0.195207
    outer loop
      vertex -27.3816 -6.4 5.71937
      vertex -27.3267 -4.3 5.44354
      vertex -27.3816 -4.3 5.71937
    endloop
  endfacet
  facet normal 0.980762 0 0.195207
    outer loop
      vertex -27.3267 -4.3 5.44354
      vertex -27.3816 -6.4 5.71937
      vertex -27.3267 -6.4 5.44354
    endloop
  endfacet
  facet normal 0.980762 -0 0.195207
    outer loop
      vertex -27.3816 0 5.71937
      vertex -27.3267 4 5.44354
      vertex -27.3816 4 5.71937
    endloop
  endfacet
  facet normal 0.980762 0 0.195207
    outer loop
      vertex -27.3267 4 5.44354
      vertex -27.3816 0 5.71937
      vertex -27.3267 0 5.44354
    endloop
  endfacet
  facet normal -0.195056 0 -0.980792
    outer loop
      vertex -24.9694 -6.4 8.13161
      vertex -24.6935 -4.3 8.07674
      vertex -24.6935 -6.4 8.07674
    endloop
  endfacet
  facet normal -0.195056 0 -0.980792
    outer loop
      vertex -24.6935 -4.3 8.07674
      vertex -24.9694 -6.4 8.13161
      vertex -24.9694 -4.3 8.13161
    endloop
  endfacet
  facet normal -0.195056 0 -0.980792
    outer loop
      vertex -24.9694 0 8.13161
      vertex -24.6935 4 8.07674
      vertex -24.6935 0 8.07674
    endloop
  endfacet
  facet normal -0.195056 0 -0.980792
    outer loop
      vertex -24.6935 4 8.07674
      vertex -24.9694 0 8.13161
      vertex -24.9694 4 8.13161
    endloop
  endfacet
  facet normal -0.195056 0 -0.980792
    outer loop
      vertex -24.9694 -10.3 8.13161
      vertex -24.6935 -9.8 8.07674
      vertex -24.6935 -10.3 8.07674
    endloop
  endfacet
  facet normal -0.195056 0 -0.980792
    outer loop
      vertex -24.6935 -9.8 8.07674
      vertex -24.9694 -10.3 8.13161
      vertex -24.9694 -9.8 8.13161
    endloop
  endfacet
  facet normal -0.751889 0 0.65929
    outer loop
      vertex -23.7297 -10.3 4.47972
      vertex -23.5443 -9.8 4.69116
      vertex -23.7297 -9.8 4.47972
    endloop
  endfacet
  facet normal -0.751889 0 0.65929
    outer loop
      vertex -23.5443 -9.8 4.69116
      vertex -23.7297 -10.3 4.47972
      vertex -23.5443 -10.3 4.69116
    endloop
  endfacet
  facet normal -0.751889 0 0.65929
    outer loop
      vertex -23.7297 -6.4 4.47972
      vertex -23.5443 -4.3 4.69116
      vertex -23.7297 -4.3 4.47972
    endloop
  endfacet
  facet normal -0.751889 0 0.65929
    outer loop
      vertex -23.5443 -4.3 4.69116
      vertex -23.7297 -6.4 4.47972
      vertex -23.5443 -6.4 4.69116
    endloop
  endfacet
  facet normal -0.751889 0 0.65929
    outer loop
      vertex -23.7297 0 4.47972
      vertex -23.5443 4 4.69116
      vertex -23.7297 4 4.47972
    endloop
  endfacet
  facet normal -0.751889 0 0.65929
    outer loop
      vertex -23.5443 4 4.69116
      vertex -23.7297 0 4.47972
      vertex -23.5443 0 4.69116
    endloop
  endfacet
  facet normal 0.555619 0 0.831437
    outer loop
      vertex -26.5588 -4.3 4.29429
      vertex -26.325 -6.4 4.13805
      vertex -26.325 -4.3 4.13805
    endloop
  endfacet
  facet normal 0.555619 0 0.831437
    outer loop
      vertex -26.325 -6.4 4.13805
      vertex -26.5588 -4.3 4.29429
      vertex -26.5588 -6.4 4.29429
    endloop
  endfacet
  facet normal 0.555619 0 0.831437
    outer loop
      vertex -26.5588 4 4.29429
      vertex -26.325 0 4.13805
      vertex -26.325 4 4.13805
    endloop
  endfacet
  facet normal 0.555619 0 0.831437
    outer loop
      vertex -26.325 0 4.13805
      vertex -26.5588 4 4.29429
      vertex -26.5588 0 4.29429
    endloop
  endfacet
  facet normal 0.555619 0 0.831437
    outer loop
      vertex -26.5588 -9.8 4.29429
      vertex -26.325 -10.3 4.13805
      vertex -26.325 -9.8 4.13805
    endloop
  endfacet
  facet normal 0.555619 0 0.831437
    outer loop
      vertex -26.325 -10.3 4.13805
      vertex -26.5588 -9.8 4.29429
      vertex -26.5588 -10.3 4.29429
    endloop
  endfacet
  facet normal -0.555619 0 -0.831437
    outer loop
      vertex -24.175 -6.4 7.86195
      vertex -23.9412 -4.3 7.70571
      vertex -23.9412 -6.4 7.70571
    endloop
  endfacet
  facet normal -0.555619 0 -0.831437
    outer loop
      vertex -23.9412 -4.3 7.70571
      vertex -24.175 -6.4 7.86195
      vertex -24.175 -4.3 7.86195
    endloop
  endfacet
  facet normal -0.555619 0 -0.831437
    outer loop
      vertex -24.175 0 7.86195
      vertex -23.9412 4 7.70571
      vertex -23.9412 0 7.70571
    endloop
  endfacet
  facet normal -0.555619 0 -0.831437
    outer loop
      vertex -23.9412 4 7.70571
      vertex -24.175 0 7.86195
      vertex -24.175 4 7.86195
    endloop
  endfacet
  facet normal -0.555619 0 -0.831437
    outer loop
      vertex -24.175 -10.3 7.86195
      vertex -23.9412 -9.8 7.70571
      vertex -23.9412 -10.3 7.70571
    endloop
  endfacet
  facet normal -0.555619 0 -0.831437
    outer loop
      vertex -23.9412 -9.8 7.70571
      vertex -24.175 -10.3 7.86195
      vertex -24.175 -9.8 7.86195
    endloop
  endfacet
  facet normal 0.195056 0 -0.980792
    outer loop
      vertex -25.8065 -6.4 8.07674
      vertex -25.5306 -4.3 8.13161
      vertex -25.5306 -6.4 8.13161
    endloop
  endfacet
  facet normal 0.195056 0 -0.980792
    outer loop
      vertex -25.5306 -4.3 8.13161
      vertex -25.8065 -6.4 8.07674
      vertex -25.8065 -4.3 8.07674
    endloop
  endfacet
  facet normal 0.195056 0 -0.980792
    outer loop
      vertex -25.8065 0 8.07674
      vertex -25.5306 4 8.13161
      vertex -25.5306 0 8.13161
    endloop
  endfacet
  facet normal 0.195056 0 -0.980792
    outer loop
      vertex -25.5306 4 8.13161
      vertex -25.8065 0 8.07674
      vertex -25.8065 4 8.07674
    endloop
  endfacet
  facet normal 0.195056 0 -0.980792
    outer loop
      vertex -25.8065 -10.3 8.07674
      vertex -25.5306 -9.8 8.13161
      vertex -25.5306 -10.3 8.13161
    endloop
  endfacet
  facet normal 0.195056 0 -0.980792
    outer loop
      vertex -25.5306 -9.8 8.13161
      vertex -25.8065 -10.3 8.07674
      vertex -25.8065 -9.8 8.07674
    endloop
  endfacet
  facet normal 0.32145 0 0.946927
    outer loop
      vertex -26.0728 -9.8 4.01366
      vertex -25.8065 -10.3 3.92326
      vertex -25.8065 -9.8 3.92326
    endloop
  endfacet
  facet normal 0.32145 0 0.946927
    outer loop
      vertex -25.8065 -10.3 3.92326
      vertex -26.0728 -9.8 4.01366
      vertex -26.0728 -10.3 4.01366
    endloop
  endfacet
  facet normal 0.321527 -0 0.9469
    outer loop
      vertex -26.0325 4 4
      vertex -25.8065 8.7 3.92326
      vertex -26.0325 8.7 4
    endloop
  endfacet
  facet normal 0.321527 0 0.9469
    outer loop
      vertex -25.8065 8.7 3.92326
      vertex -26.0325 4 4
      vertex -25.8065 0 3.92326
    endloop
  endfacet
  facet normal 0.321018 -0 0.947073
    outer loop
      vertex -26.0728 0 4.01366
      vertex -26.0325 4 4
      vertex -26.0728 4 4.01366
    endloop
  endfacet
  facet normal 0.32145 -4.85553e-06 0.946927
    outer loop
      vertex -26.0325 4 4
      vertex -26.0728 0 4.01366
      vertex -25.8065 0 3.92326
    endloop
  endfacet
  facet normal 0.32145 0 0.946927
    outer loop
      vertex -26.0728 -4.3 4.01366
      vertex -25.8065 -6.4 3.92326
      vertex -25.8065 -4.3 3.92326
    endloop
  endfacet
  facet normal 0.32145 0 0.946927
    outer loop
      vertex -25.8065 -6.4 3.92326
      vertex -26.0728 -4.3 4.01366
      vertex -26.0728 -6.4 4.01366
    endloop
  endfacet
  facet normal 0.997857 0 -0.0654263
    outer loop
      vertex -27.3816 -6.4 6.28063
      vertex -27.4 -4.3 6
      vertex -27.3816 -4.3 6.28063
    endloop
  endfacet
  facet normal 0.997857 0 -0.0654263
    outer loop
      vertex -27.4 -4.3 6
      vertex -27.3816 -6.4 6.28063
      vertex -27.4 -6.4 6
    endloop
  endfacet
  facet normal 0.997857 0 -0.0654263
    outer loop
      vertex -27.3816 0 6.28063
      vertex -27.4 4 6
      vertex -27.3816 4 6.28063
    endloop
  endfacet
  facet normal 0.997857 0 -0.0654263
    outer loop
      vertex -27.4 4 6
      vertex -27.3816 0 6.28063
      vertex -27.4 0 6
    endloop
  endfacet
  facet normal 0.997857 0 -0.0654263
    outer loop
      vertex -27.3816 -10.3 6.28063
      vertex -27.4 -9.8 6
      vertex -27.3816 -9.8 6.28063
    endloop
  endfacet
  facet normal 0.997857 0 -0.0654263
    outer loop
      vertex -27.4 -9.8 6
      vertex -27.3816 -10.3 6.28063
      vertex -27.4 -10.3 6
    endloop
  endfacet
  facet normal 0.442342 0 -0.896846
    outer loop
      vertex -26.325 -10.3 7.86195
      vertex -26.0728 -9.8 7.98634
      vertex -26.0728 -10.3 7.98634
    endloop
  endfacet
  facet normal 0.442342 0 -0.896846
    outer loop
      vertex -26.0728 -9.8 7.98634
      vertex -26.325 -10.3 7.86195
      vertex -26.325 -9.8 7.86195
    endloop
  endfacet
  facet normal 0.442342 0 -0.896846
    outer loop
      vertex -26.325 -6.4 7.86195
      vertex -26.0728 -4.3 7.98634
      vertex -26.0728 -6.4 7.98634
    endloop
  endfacet
  facet normal 0.442342 0 -0.896846
    outer loop
      vertex -26.0728 -4.3 7.98634
      vertex -26.325 -6.4 7.86195
      vertex -26.325 -4.3 7.86195
    endloop
  endfacet
  facet normal 0.442342 0 -0.896846
    outer loop
      vertex -26.325 0 7.86195
      vertex -26.0728 4 7.98634
      vertex -26.0728 0 7.98634
    endloop
  endfacet
  facet normal 0.442342 0 -0.896846
    outer loop
      vertex -26.0728 4 7.98634
      vertex -26.325 0 7.86195
      vertex -26.325 4 7.86195
    endloop
  endfacet
  facet normal 0.0653978 0 0.997859
    outer loop
      vertex -25.5306 8.7 3.86839
      vertex -25.25 0 3.85
      vertex -25.25 8.7 3.85
    endloop
  endfacet
  facet normal 0.0653978 0 0.997859
    outer loop
      vertex -25.25 0 3.85
      vertex -25.5306 8.7 3.86839
      vertex -25.5306 0 3.86839
    endloop
  endfacet
  facet normal 0.0653978 0 0.997859
    outer loop
      vertex -25.5306 -4.3 3.86839
      vertex -25.25 -6.4 3.85
      vertex -25.25 -4.3 3.85
    endloop
  endfacet
  facet normal 0.0653978 0 0.997859
    outer loop
      vertex -25.25 -6.4 3.85
      vertex -25.5306 -4.3 3.86839
      vertex -25.5306 -6.4 3.86839
    endloop
  endfacet
  facet normal 0.0653978 0 0.997859
    outer loop
      vertex -25.5306 -9.8 3.86839
      vertex -25.25 -10.3 3.85
      vertex -25.25 -9.8 3.85
    endloop
  endfacet
  facet normal 0.0653978 0 0.997859
    outer loop
      vertex -25.25 -10.3 3.85
      vertex -25.5306 -9.8 3.86839
      vertex -25.5306 -10.3 3.86839
    endloop
  endfacet
  facet normal 0.195056 0 0.980792
    outer loop
      vertex -25.8065 8.7 3.92326
      vertex -25.5306 0 3.86839
      vertex -25.5306 8.7 3.86839
    endloop
  endfacet
  facet normal 0.195056 0 0.980792
    outer loop
      vertex -25.5306 0 3.86839
      vertex -25.8065 8.7 3.92326
      vertex -25.8065 0 3.92326
    endloop
  endfacet
  facet normal 0.195056 0 0.980792
    outer loop
      vertex -25.8065 -4.3 3.92326
      vertex -25.5306 -6.4 3.86839
      vertex -25.5306 -4.3 3.86839
    endloop
  endfacet
  facet normal 0.195056 0 0.980792
    outer loop
      vertex -25.5306 -6.4 3.86839
      vertex -25.8065 -4.3 3.92326
      vertex -25.8065 -6.4 3.92326
    endloop
  endfacet
  facet normal 0.195056 0 0.980792
    outer loop
      vertex -25.8065 -9.8 3.92326
      vertex -25.5306 -10.3 3.86839
      vertex -25.5306 -9.8 3.86839
    endloop
  endfacet
  facet normal 0.195056 0 0.980792
    outer loop
      vertex -25.5306 -10.3 3.86839
      vertex -25.8065 -9.8 3.92326
      vertex -25.8065 -10.3 3.92326
    endloop
  endfacet
  facet normal -0.751889 0 -0.65929
    outer loop
      vertex -23.5443 -6.4 7.30884
      vertex -23.7297 -4.3 7.52028
      vertex -23.5443 -4.3 7.30884
    endloop
  endfacet
  facet normal -0.751889 -0 -0.65929
    outer loop
      vertex -23.7297 -4.3 7.52028
      vertex -23.5443 -6.4 7.30884
      vertex -23.7297 -6.4 7.52028
    endloop
  endfacet
  facet normal -0.751889 0 -0.65929
    outer loop
      vertex -23.5443 0 7.30884
      vertex -23.7297 4 7.52028
      vertex -23.5443 4 7.30884
    endloop
  endfacet
  facet normal -0.751889 -0 -0.65929
    outer loop
      vertex -23.7297 4 7.52028
      vertex -23.5443 0 7.30884
      vertex -23.7297 0 7.52028
    endloop
  endfacet
  facet normal -0.751889 0 -0.65929
    outer loop
      vertex -23.5443 -10.3 7.30884
      vertex -23.7297 -9.8 7.52028
      vertex -23.5443 -9.8 7.30884
    endloop
  endfacet
  facet normal -0.751889 -0 -0.65929
    outer loop
      vertex -23.7297 -9.8 7.52028
      vertex -23.5443 -10.3 7.30884
      vertex -23.7297 -10.3 7.52028
    endloop
  endfacet
  facet normal -0.195056 0 0.980792
    outer loop
      vertex -24.9694 8.7 3.86839
      vertex -24.6935 0 3.92326
      vertex -24.6935 8.7 3.92326
    endloop
  endfacet
  facet normal -0.195056 0 0.980792
    outer loop
      vertex -24.6935 0 3.92326
      vertex -24.9694 8.7 3.86839
      vertex -24.9694 0 3.86839
    endloop
  endfacet
  facet normal -0.195056 0 0.980792
    outer loop
      vertex -24.9694 -4.3 3.86839
      vertex -24.6935 -6.4 3.92326
      vertex -24.6935 -4.3 3.92326
    endloop
  endfacet
  facet normal -0.195056 0 0.980792
    outer loop
      vertex -24.6935 -6.4 3.92326
      vertex -24.9694 -4.3 3.86839
      vertex -24.9694 -6.4 3.86839
    endloop
  endfacet
  facet normal -0.195056 0 0.980792
    outer loop
      vertex -24.9694 -9.8 3.86839
      vertex -24.6935 -10.3 3.92326
      vertex -24.6935 -9.8 3.92326
    endloop
  endfacet
  facet normal -0.195056 0 0.980792
    outer loop
      vertex -24.6935 -10.3 3.92326
      vertex -24.9694 -9.8 3.86839
      vertex -24.9694 -10.3 3.86839
    endloop
  endfacet
  facet normal -0.442342 0 -0.896846
    outer loop
      vertex -24.4272 -6.4 7.98634
      vertex -24.175 -4.3 7.86195
      vertex -24.175 -6.4 7.86195
    endloop
  endfacet
  facet normal -0.442342 0 -0.896846
    outer loop
      vertex -24.175 -4.3 7.86195
      vertex -24.4272 -6.4 7.98634
      vertex -24.4272 -4.3 7.98634
    endloop
  endfacet
  facet normal -0.442342 0 -0.896846
    outer loop
      vertex -24.4272 0 7.98634
      vertex -24.175 4 7.86195
      vertex -24.175 0 7.86195
    endloop
  endfacet
  facet normal -0.442342 0 -0.896846
    outer loop
      vertex -24.175 4 7.86195
      vertex -24.4272 0 7.98634
      vertex -24.4272 4 7.98634
    endloop
  endfacet
  facet normal -0.442342 0 -0.896846
    outer loop
      vertex -24.4272 -10.3 7.98634
      vertex -24.175 -9.8 7.86195
      vertex -24.175 -10.3 7.86195
    endloop
  endfacet
  facet normal -0.442342 0 -0.896846
    outer loop
      vertex -24.175 -9.8 7.86195
      vertex -24.4272 -10.3 7.98634
      vertex -24.4272 -9.8 7.98634
    endloop
  endfacet
  facet normal -0.896994 0 -0.442042
    outer loop
      vertex -23.2637 -10.3 6.82277
      vertex -23.388 -9.8 7.075
      vertex -23.2637 -9.8 6.82277
    endloop
  endfacet
  facet normal -0.896994 -0 -0.442042
    outer loop
      vertex -23.388 -9.8 7.075
      vertex -23.2637 -10.3 6.82277
      vertex -23.388 -10.3 7.075
    endloop
  endfacet
  facet normal -0.896994 0 -0.442042
    outer loop
      vertex -23.2637 -6.4 6.82277
      vertex -23.388 -4.3 7.075
      vertex -23.2637 -4.3 6.82277
    endloop
  endfacet
  facet normal -0.896994 -0 -0.442042
    outer loop
      vertex -23.388 -4.3 7.075
      vertex -23.2637 -6.4 6.82277
      vertex -23.388 -6.4 7.075
    endloop
  endfacet
  facet normal -0.896994 0 -0.442042
    outer loop
      vertex -23.2637 0 6.82277
      vertex -23.388 4 7.075
      vertex -23.2637 4 6.82277
    endloop
  endfacet
  facet normal -0.896994 -0 -0.442042
    outer loop
      vertex -23.388 4 7.075
      vertex -23.2637 0 6.82277
      vertex -23.388 0 7.075
    endloop
  endfacet
  facet normal 0.0653978 0 -0.997859
    outer loop
      vertex -25.5306 -6.4 8.13161
      vertex -25.25 -4.3 8.15
      vertex -25.25 -6.4 8.15
    endloop
  endfacet
  facet normal 0.0653978 0 -0.997859
    outer loop
      vertex -25.25 -4.3 8.15
      vertex -25.5306 -6.4 8.13161
      vertex -25.5306 -4.3 8.13161
    endloop
  endfacet
  facet normal 0.0653978 0 -0.997859
    outer loop
      vertex -25.5306 0 8.13161
      vertex -25.25 4 8.15
      vertex -25.25 0 8.15
    endloop
  endfacet
  facet normal 0.0653978 0 -0.997859
    outer loop
      vertex -25.25 4 8.15
      vertex -25.5306 0 8.13161
      vertex -25.5306 4 8.13161
    endloop
  endfacet
  facet normal 0.0653978 0 -0.997859
    outer loop
      vertex -25.5306 -10.3 8.13161
      vertex -25.25 -9.8 8.15
      vertex -25.25 -10.3 8.15
    endloop
  endfacet
  facet normal 0.0653978 0 -0.997859
    outer loop
      vertex -25.25 -9.8 8.15
      vertex -25.5306 -10.3 8.13161
      vertex -25.5306 -9.8 8.13161
    endloop
  endfacet
  facet normal -0.0653978 0 0.997859
    outer loop
      vertex -25.25 8.7 3.85
      vertex -24.9694 0 3.86839
      vertex -24.9694 8.7 3.86839
    endloop
  endfacet
  facet normal -0.0653978 0 0.997859
    outer loop
      vertex -24.9694 0 3.86839
      vertex -25.25 8.7 3.85
      vertex -25.25 0 3.85
    endloop
  endfacet
  facet normal -0.0653978 0 0.997859
    outer loop
      vertex -25.25 -4.3 3.85
      vertex -24.9694 -6.4 3.86839
      vertex -24.9694 -4.3 3.86839
    endloop
  endfacet
  facet normal -0.0653978 0 0.997859
    outer loop
      vertex -24.9694 -6.4 3.86839
      vertex -25.25 -4.3 3.85
      vertex -25.25 -6.4 3.85
    endloop
  endfacet
  facet normal -0.0653978 0 0.997859
    outer loop
      vertex -25.25 -9.8 3.85
      vertex -24.9694 -10.3 3.86839
      vertex -24.9694 -9.8 3.86839
    endloop
  endfacet
  facet normal -0.0653978 0 0.997859
    outer loop
      vertex -24.9694 -10.3 3.86839
      vertex -25.25 -9.8 3.85
      vertex -25.25 -10.3 3.85
    endloop
  endfacet
  facet normal 0.659244 0 -0.751929
    outer loop
      vertex -26.7703 -6.4 7.52028
      vertex -26.5588 -4.3 7.70571
      vertex -26.5588 -6.4 7.70571
    endloop
  endfacet
  facet normal 0.659244 0 -0.751929
    outer loop
      vertex -26.5588 -4.3 7.70571
      vertex -26.7703 -6.4 7.52028
      vertex -26.7703 -4.3 7.52028
    endloop
  endfacet
  facet normal 0.659244 0 -0.751929
    outer loop
      vertex -26.7703 0 7.52028
      vertex -26.5588 4 7.70571
      vertex -26.5588 0 7.70571
    endloop
  endfacet
  facet normal 0.659244 0 -0.751929
    outer loop
      vertex -26.5588 4 7.70571
      vertex -26.7703 0 7.52028
      vertex -26.7703 4 7.52028
    endloop
  endfacet
  facet normal 0.659244 0 -0.751929
    outer loop
      vertex -26.7703 -10.3 7.52028
      vertex -26.5588 -9.8 7.70571
      vertex -26.5588 -10.3 7.70571
    endloop
  endfacet
  facet normal 0.659244 0 -0.751929
    outer loop
      vertex -26.5588 -9.8 7.70571
      vertex -26.7703 -10.3 7.52028
      vertex -26.7703 -9.8 7.52028
    endloop
  endfacet
  facet normal -0.555619 0 0.831437
    outer loop
      vertex -24.175 -9.8 4.13805
      vertex -23.9412 -10.3 4.29429
      vertex -23.9412 -9.8 4.29429
    endloop
  endfacet
  facet normal -0.555619 0 0.831437
    outer loop
      vertex -23.9412 -10.3 4.29429
      vertex -24.175 -9.8 4.13805
      vertex -24.175 -10.3 4.13805
    endloop
  endfacet
  facet normal -0.555619 0 0.831437
    outer loop
      vertex -24.175 -4.3 4.13805
      vertex -23.9412 -6.4 4.29429
      vertex -23.9412 -4.3 4.29429
    endloop
  endfacet
  facet normal -0.555619 0 0.831437
    outer loop
      vertex -23.9412 -6.4 4.29429
      vertex -24.175 -4.3 4.13805
      vertex -24.175 -6.4 4.13805
    endloop
  endfacet
  facet normal -0.555619 0 0.831437
    outer loop
      vertex -24.175 4 4.13805
      vertex -23.9412 0 4.29429
      vertex -23.9412 4 4.29429
    endloop
  endfacet
  facet normal -0.555619 0 0.831437
    outer loop
      vertex -23.9412 0 4.29429
      vertex -24.175 4 4.13805
      vertex -24.175 0 4.13805
    endloop
  endfacet
  facet normal 0.751889 -0 0.65929
    outer loop
      vertex -26.9557 -10.3 4.69116
      vertex -26.7703 -9.8 4.47972
      vertex -26.9557 -9.8 4.69116
    endloop
  endfacet
  facet normal 0.751889 0 0.65929
    outer loop
      vertex -26.7703 -9.8 4.47972
      vertex -26.9557 -10.3 4.69116
      vertex -26.7703 -10.3 4.47972
    endloop
  endfacet
  facet normal 0.751889 -0 0.65929
    outer loop
      vertex -26.9557 -6.4 4.69116
      vertex -26.7703 -4.3 4.47972
      vertex -26.9557 -4.3 4.69116
    endloop
  endfacet
  facet normal 0.751889 0 0.65929
    outer loop
      vertex -26.7703 -4.3 4.47972
      vertex -26.9557 -6.4 4.69116
      vertex -26.7703 -6.4 4.47972
    endloop
  endfacet
  facet normal 0.751889 -0 0.65929
    outer loop
      vertex -26.9557 0 4.69116
      vertex -26.7703 4 4.47972
      vertex -26.9557 4 4.69116
    endloop
  endfacet
  facet normal 0.751889 0 0.65929
    outer loop
      vertex -26.7703 4 4.47972
      vertex -26.9557 0 4.69116
      vertex -26.7703 0 4.47972
    endloop
  endfacet
  facet normal -0.0653978 0 -0.997859
    outer loop
      vertex -25.25 -6.4 8.15
      vertex -24.9694 -4.3 8.13161
      vertex -24.9694 -6.4 8.13161
    endloop
  endfacet
  facet normal -0.0653978 0 -0.997859
    outer loop
      vertex -24.9694 -4.3 8.13161
      vertex -25.25 -6.4 8.15
      vertex -25.25 -4.3 8.15
    endloop
  endfacet
  facet normal -0.0653978 0 -0.997859
    outer loop
      vertex -25.25 0 8.15
      vertex -24.9694 4 8.13161
      vertex -24.9694 0 8.13161
    endloop
  endfacet
  facet normal -0.0653978 0 -0.997859
    outer loop
      vertex -24.9694 4 8.13161
      vertex -25.25 0 8.15
      vertex -25.25 4 8.15
    endloop
  endfacet
  facet normal -0.0653978 0 -0.997859
    outer loop
      vertex -25.25 -10.3 8.15
      vertex -24.9694 -9.8 8.13161
      vertex -24.9694 -10.3 8.13161
    endloop
  endfacet
  facet normal -0.0653978 0 -0.997859
    outer loop
      vertex -24.9694 -9.8 8.13161
      vertex -25.25 -10.3 8.15
      vertex -25.25 -9.8 8.15
    endloop
  endfacet
  facet normal 0.997857 -0 0.0654263
    outer loop
      vertex -27.4 -10.3 6
      vertex -27.3816 -9.8 5.71937
      vertex -27.4 -9.8 6
    endloop
  endfacet
  facet normal 0.997857 0 0.0654263
    outer loop
      vertex -27.3816 -9.8 5.71937
      vertex -27.4 -10.3 6
      vertex -27.3816 -10.3 5.71937
    endloop
  endfacet
  facet normal 0.997857 -0 0.0654263
    outer loop
      vertex -27.4 -6.4 6
      vertex -27.3816 -4.3 5.71937
      vertex -27.4 -4.3 6
    endloop
  endfacet
  facet normal 0.997857 0 0.0654263
    outer loop
      vertex -27.3816 -4.3 5.71937
      vertex -27.4 -6.4 6
      vertex -27.3816 -6.4 5.71937
    endloop
  endfacet
  facet normal 0.997857 -0 0.0654263
    outer loop
      vertex -27.4 0 6
      vertex -27.3816 4 5.71937
      vertex -27.4 4 6
    endloop
  endfacet
  facet normal 0.997857 0 0.0654263
    outer loop
      vertex -27.3816 4 5.71937
      vertex -27.4 0 6
      vertex -27.3816 0 5.71937
    endloop
  endfacet
  facet normal 0.94693 0 -0.321439
    outer loop
      vertex -27.2363 -10.3 6.82277
      vertex -27.3267 -9.8 6.55646
      vertex -27.2363 -9.8 6.82277
    endloop
  endfacet
  facet normal 0.94693 0 -0.321439
    outer loop
      vertex -27.3267 -9.8 6.55646
      vertex -27.2363 -10.3 6.82277
      vertex -27.3267 -10.3 6.55646
    endloop
  endfacet
  facet normal 0.94693 0 -0.321439
    outer loop
      vertex -27.2363 -6.4 6.82277
      vertex -27.3267 -4.3 6.55646
      vertex -27.2363 -4.3 6.82277
    endloop
  endfacet
  facet normal 0.94693 0 -0.321439
    outer loop
      vertex -27.3267 -4.3 6.55646
      vertex -27.2363 -6.4 6.82277
      vertex -27.3267 -6.4 6.55646
    endloop
  endfacet
  facet normal 0.94693 0 -0.321439
    outer loop
      vertex -27.2363 0 6.82277
      vertex -27.3267 4 6.55646
      vertex -27.2363 4 6.82277
    endloop
  endfacet
  facet normal 0.94693 0 -0.321439
    outer loop
      vertex -27.3267 4 6.55646
      vertex -27.2363 0 6.82277
      vertex -27.3267 0 6.55646
    endloop
  endfacet
  facet normal -0.659244 0 -0.751929
    outer loop
      vertex -23.9412 -6.4 7.70571
      vertex -23.7297 -4.3 7.52028
      vertex -23.7297 -6.4 7.52028
    endloop
  endfacet
  facet normal -0.659244 0 -0.751929
    outer loop
      vertex -23.7297 -4.3 7.52028
      vertex -23.9412 -6.4 7.70571
      vertex -23.9412 -4.3 7.70571
    endloop
  endfacet
  facet normal -0.659244 0 -0.751929
    outer loop
      vertex -23.9412 0 7.70571
      vertex -23.7297 4 7.52028
      vertex -23.7297 0 7.52028
    endloop
  endfacet
  facet normal -0.659244 0 -0.751929
    outer loop
      vertex -23.7297 4 7.52028
      vertex -23.9412 0 7.70571
      vertex -23.9412 4 7.70571
    endloop
  endfacet
  facet normal -0.659244 0 -0.751929
    outer loop
      vertex -23.9412 -10.3 7.70571
      vertex -23.7297 -9.8 7.52028
      vertex -23.7297 -10.3 7.52028
    endloop
  endfacet
  facet normal -0.659244 0 -0.751929
    outer loop
      vertex -23.7297 -9.8 7.52028
      vertex -23.9412 -10.3 7.70571
      vertex -23.9412 -9.8 7.70571
    endloop
  endfacet
  facet normal 0.94693 -0 0.321439
    outer loop
      vertex -27.3267 -6.4 5.44354
      vertex -27.2363 -4.3 5.17723
      vertex -27.3267 -4.3 5.44354
    endloop
  endfacet
  facet normal 0.94693 0 0.321439
    outer loop
      vertex -27.2363 -4.3 5.17723
      vertex -27.3267 -6.4 5.44354
      vertex -27.2363 -6.4 5.17723
    endloop
  endfacet
  facet normal 0.94693 -0 0.321439
    outer loop
      vertex -27.3267 0 5.44354
      vertex -27.2363 4 5.17723
      vertex -27.3267 4 5.44354
    endloop
  endfacet
  facet normal 0.94693 0 0.321439
    outer loop
      vertex -27.2363 4 5.17723
      vertex -27.3267 0 5.44354
      vertex -27.2363 0 5.17723
    endloop
  endfacet
  facet normal 0.94693 -0 0.321439
    outer loop
      vertex -27.3267 -10.3 5.44354
      vertex -27.2363 -9.8 5.17723
      vertex -27.3267 -9.8 5.44354
    endloop
  endfacet
  facet normal 0.94693 0 0.321439
    outer loop
      vertex -27.2363 -9.8 5.17723
      vertex -27.3267 -10.3 5.44354
      vertex -27.2363 -10.3 5.17723
    endloop
  endfacet
  facet normal 0.831382 0 -0.555701
    outer loop
      vertex -26.9557 -10.3 7.30884
      vertex -27.112 -9.8 7.075
      vertex -26.9557 -9.8 7.30884
    endloop
  endfacet
  facet normal 0.831382 0 -0.555701
    outer loop
      vertex -27.112 -9.8 7.075
      vertex -26.9557 -10.3 7.30884
      vertex -27.112 -10.3 7.075
    endloop
  endfacet
  facet normal 0.831382 0 -0.555701
    outer loop
      vertex -26.9557 -6.4 7.30884
      vertex -27.112 -4.3 7.075
      vertex -26.9557 -4.3 7.30884
    endloop
  endfacet
  facet normal 0.831382 0 -0.555701
    outer loop
      vertex -27.112 -4.3 7.075
      vertex -26.9557 -6.4 7.30884
      vertex -27.112 -6.4 7.075
    endloop
  endfacet
  facet normal 0.831382 0 -0.555701
    outer loop
      vertex -26.9557 0 7.30884
      vertex -27.112 4 7.075
      vertex -26.9557 4 7.30884
    endloop
  endfacet
  facet normal 0.831382 0 -0.555701
    outer loop
      vertex -27.112 4 7.075
      vertex -26.9557 0 7.30884
      vertex -27.112 0 7.075
    endloop
  endfacet
  facet normal 0 -1 0
    outer loop
      vertex -25.8065 8.7 3.92326
      vertex -24.4675 8.7 4
      vertex -26.0325 8.7 4
    endloop
  endfacet
  facet normal 0 -1 0
    outer loop
      vertex -25.8065 8.7 3.92326
      vertex -24.6935 8.7 3.92326
      vertex -24.4675 8.7 4
    endloop
  endfacet
  facet normal 0 -1 0
    outer loop
      vertex -25.5306 8.7 3.86839
      vertex -24.6935 8.7 3.92326
      vertex -25.8065 8.7 3.92326
    endloop
  endfacet
  facet normal 0 -1 0
    outer loop
      vertex -25.5306 8.7 3.86839
      vertex -24.9694 8.7 3.86839
      vertex -24.6935 8.7 3.92326
    endloop
  endfacet
  facet normal -0 -1 0
    outer loop
      vertex -24.9694 8.7 3.86839
      vertex -25.5306 8.7 3.86839
      vertex -25.25 8.7 3.85
    endloop
  endfacet
  facet normal 0.831382 -0 0.555701
    outer loop
      vertex -27.112 -6.4 4.925
      vertex -26.9557 -4.3 4.69116
      vertex -27.112 -4.3 4.925
    endloop
  endfacet
  facet normal 0.831382 0 0.555701
    outer loop
      vertex -26.9557 -4.3 4.69116
      vertex -27.112 -6.4 4.925
      vertex -26.9557 -6.4 4.69116
    endloop
  endfacet
  facet normal 0.831382 -0 0.555701
    outer loop
      vertex -27.112 0 4.925
      vertex -26.9557 4 4.69116
      vertex -27.112 4 4.925
    endloop
  endfacet
  facet normal 0.831382 0 0.555701
    outer loop
      vertex -26.9557 4 4.69116
      vertex -27.112 0 4.925
      vertex -26.9557 0 4.69116
    endloop
  endfacet
  facet normal 0.831382 -0 0.555701
    outer loop
      vertex -27.112 -10.3 4.925
      vertex -26.9557 -9.8 4.69116
      vertex -27.112 -9.8 4.925
    endloop
  endfacet
  facet normal 0.831382 0 0.555701
    outer loop
      vertex -26.9557 -9.8 4.69116
      vertex -27.112 -10.3 4.925
      vertex -26.9557 -10.3 4.69116
    endloop
  endfacet
  facet normal -1 0 0
    outer loop
      vertex -21.55 -9.8 6
      vertex -21.55 -6.4 13
      vertex -21.55 -6.4 6
    endloop
  endfacet
  facet normal -1 -0 0
    outer loop
      vertex -21.55 -6.4 13
      vertex -21.55 -9.8 6
      vertex -21.55 -9.8 13
    endloop
  endfacet
  facet normal 0 1 0
    outer loop
      vertex -21.55 -9.8 13
      vertex -25.25 -9.8 8.15
      vertex -28.95 -9.8 13
    endloop
  endfacet
  facet normal 0 1 0
    outer loop
      vertex -21.55 -9.8 13
      vertex -24.9694 -9.8 8.13161
      vertex -25.25 -9.8 8.15
    endloop
  endfacet
  facet normal 0 1 0
    outer loop
      vertex -21.55 -9.8 13
      vertex -24.6935 -9.8 8.07674
      vertex -24.9694 -9.8 8.13161
    endloop
  endfacet
  facet normal 0 1 0
    outer loop
      vertex -21.55 -9.8 13
      vertex -24.4272 -9.8 7.98634
      vertex -24.6935 -9.8 8.07674
    endloop
  endfacet
  facet normal 0 1 0
    outer loop
      vertex -21.55 -9.8 13
      vertex -24.175 -9.8 7.86195
      vertex -24.4272 -9.8 7.98634
    endloop
  endfacet
  facet normal 0 1 0
    outer loop
      vertex -21.55 -9.8 13
      vertex -23.9412 -9.8 7.70571
      vertex -24.175 -9.8 7.86195
    endloop
  endfacet
  facet normal 0 1 0
    outer loop
      vertex -21.55 -9.8 13
      vertex -23.7297 -9.8 7.52028
      vertex -23.9412 -9.8 7.70571
    endloop
  endfacet
  facet normal 0 1 0
    outer loop
      vertex -21.55 -9.8 13
      vertex -23.5443 -9.8 7.30884
      vertex -23.7297 -9.8 7.52028
    endloop
  endfacet
  facet normal 0 1 -0
    outer loop
      vertex -21.55 -9.8 6
      vertex -23.5443 -9.8 7.30884
      vertex -21.55 -9.8 13
    endloop
  endfacet
  facet normal 0 1 0
    outer loop
      vertex -23.5443 -9.8 7.30884
      vertex -21.55 -9.8 6
      vertex -23.388 -9.8 7.075
    endloop
  endfacet
  facet normal 0 1 0
    outer loop
      vertex -23.388 -9.8 7.075
      vertex -21.55 -9.8 6
      vertex -23.2637 -9.8 6.82277
    endloop
  endfacet
  facet normal 0 1 0
    outer loop
      vertex -23.2637 -9.8 6.82277
      vertex -21.55 -9.8 6
      vertex -23.1733 -9.8 6.55646
    endloop
  endfacet
  facet normal 0 1 0
    outer loop
      vertex -23.1733 -9.8 6.55646
      vertex -21.55 -9.8 6
      vertex -23.1184 -9.8 6.28063
    endloop
  endfacet
  facet normal 0 1 0
    outer loop
      vertex -21.55 -9.8 6
      vertex -23.1 -9.8 6
      vertex -23.1184 -9.8 6.28063
    endloop
  endfacet
  facet normal 0 1 0
    outer loop
      vertex -21.55 -9.8 6
      vertex -23.1184 -9.8 5.71937
      vertex -23.1 -9.8 6
    endloop
  endfacet
  facet normal 0 1 0
    outer loop
      vertex -21.55 -9.8 6
      vertex -23.1733 -9.8 5.44354
      vertex -23.1184 -9.8 5.71937
    endloop
  endfacet
  facet normal 0 1 0
    outer loop
      vertex -21.55 -9.8 6
      vertex -23.2637 -9.8 5.17723
      vertex -23.1733 -9.8 5.44354
    endloop
  endfacet
  facet normal 0 1 0
    outer loop
      vertex -21.55 -9.8 6
      vertex -23.388 -9.8 4.925
      vertex -23.2637 -9.8 5.17723
    endloop
  endfacet
  facet normal 0 1 0
    outer loop
      vertex -23.4 -9.8 2.79571
      vertex -23.388 -9.8 4.925
      vertex -21.55 -9.8 6
    endloop
  endfacet
  facet normal 0 1 0
    outer loop
      vertex -23.388 -9.8 4.925
      vertex -23.4 -9.8 2.79571
      vertex -23.5443 -9.8 4.69116
    endloop
  endfacet
  facet normal 0 1 0
    outer loop
      vertex -23.5443 -9.8 4.69116
      vertex -23.4 -9.8 2.79571
      vertex -23.7297 -9.8 4.47972
    endloop
  endfacet
  facet normal 0 1 0
    outer loop
      vertex -24.9694 -9.8 3.86839
      vertex -23.4 -9.8 2.79571
      vertex -25.25 -9.8 3.85
    endloop
  endfacet
  facet normal 0 1 0
    outer loop
      vertex -24.6935 -9.8 3.92326
      vertex -23.4 -9.8 2.79571
      vertex -24.9694 -9.8 3.86839
    endloop
  endfacet
  facet normal 0 1 0
    outer loop
      vertex -24.4272 -9.8 4.01366
      vertex -23.4 -9.8 2.79571
      vertex -24.6935 -9.8 3.92326
    endloop
  endfacet
  facet normal 0 1 0
    outer loop
      vertex -24.175 -9.8 4.13805
      vertex -23.4 -9.8 2.79571
      vertex -24.4272 -9.8 4.01366
    endloop
  endfacet
  facet normal 0 1 0
    outer loop
      vertex -23.9412 -9.8 4.29429
      vertex -23.4 -9.8 2.79571
      vertex -24.175 -9.8 4.13805
    endloop
  endfacet
  facet normal 0 1 0
    outer loop
      vertex -23.7297 -9.8 4.47972
      vertex -23.4 -9.8 2.79571
      vertex -23.9412 -9.8 4.29429
    endloop
  endfacet
  facet normal 0 1 -0
    outer loop
      vertex -25.5306 -9.8 8.13161
      vertex -28.95 -9.8 13
      vertex -25.25 -9.8 8.15
    endloop
  endfacet
  facet normal 0 1 -0
    outer loop
      vertex -25.8065 -9.8 8.07674
      vertex -28.95 -9.8 13
      vertex -25.5306 -9.8 8.13161
    endloop
  endfacet
  facet normal 0 1 -0
    outer loop
      vertex -26.0728 -9.8 7.98634
      vertex -28.95 -9.8 13
      vertex -25.8065 -9.8 8.07674
    endloop
  endfacet
  facet normal 0 1 -0
    outer loop
      vertex -26.325 -9.8 7.86195
      vertex -28.95 -9.8 13
      vertex -26.0728 -9.8 7.98634
    endloop
  endfacet
  facet normal 0 1 -0
    outer loop
      vertex -26.5588 -9.8 7.70571
      vertex -28.95 -9.8 13
      vertex -26.325 -9.8 7.86195
    endloop
  endfacet
  facet normal 0 1 -0
    outer loop
      vertex -26.7703 -9.8 7.52028
      vertex -28.95 -9.8 13
      vertex -26.5588 -9.8 7.70571
    endloop
  endfacet
  facet normal 0 1 -0
    outer loop
      vertex -26.9557 -9.8 7.30884
      vertex -28.95 -9.8 13
      vertex -26.7703 -9.8 7.52028
    endloop
  endfacet
  facet normal 0 1 0
    outer loop
      vertex -28.95 -9.8 6
      vertex -26.9557 -9.8 7.30884
      vertex -27.112 -9.8 7.075
    endloop
  endfacet
  facet normal 0 1 0
    outer loop
      vertex -28.95 -9.8 6
      vertex -27.112 -9.8 7.075
      vertex -27.2363 -9.8 6.82277
    endloop
  endfacet
  facet normal 0 1 0
    outer loop
      vertex -28.95 -9.8 6
      vertex -27.2363 -9.8 6.82277
      vertex -27.3267 -9.8 6.55646
    endloop
  endfacet
  facet normal 0 1 0
    outer loop
      vertex -28.95 -9.8 6
      vertex -27.3267 -9.8 6.55646
      vertex -27.3816 -9.8 6.28063
    endloop
  endfacet
  facet normal 0 1 0
    outer loop
      vertex -28.95 -9.8 6
      vertex -27.3816 -9.8 6.28063
      vertex -27.4 -9.8 6
    endloop
  endfacet
  facet normal 0 1 0
    outer loop
      vertex -26.9557 -9.8 7.30884
      vertex -28.95 -9.8 6
      vertex -28.95 -9.8 13
    endloop
  endfacet
  facet normal 0 1 0
    outer loop
      vertex -27.3816 -9.8 5.71937
      vertex -28.95 -9.8 6
      vertex -27.4 -9.8 6
    endloop
  endfacet
  facet normal 0 1 0
    outer loop
      vertex -27.3267 -9.8 5.44354
      vertex -28.95 -9.8 6
      vertex -27.3816 -9.8 5.71937
    endloop
  endfacet
  facet normal 0 1 0
    outer loop
      vertex -27.2363 -9.8 5.17723
      vertex -28.95 -9.8 6
      vertex -27.3267 -9.8 5.44354
    endloop
  endfacet
  facet normal 0 1 0
    outer loop
      vertex -27.112 -9.8 4.925
      vertex -28.95 -9.8 6
      vertex -27.2363 -9.8 5.17723
    endloop
  endfacet
  facet normal 0 1 -0
    outer loop
      vertex -27.1 -9.8 2.79571
      vertex -27.112 -9.8 4.925
      vertex -26.9557 -9.8 4.69116
    endloop
  endfacet
  facet normal 0 1 0
    outer loop
      vertex -27.1 -9.8 2.79571
      vertex -26.9557 -9.8 4.69116
      vertex -26.7703 -9.8 4.47972
    endloop
  endfacet
  facet normal 0 1 0
    outer loop
      vertex -27.1 -9.8 2.79571
      vertex -26.7703 -9.8 4.47972
      vertex -26.5588 -9.8 4.29429
    endloop
  endfacet
  facet normal 0 1 0
    outer loop
      vertex -27.1 -9.8 2.79571
      vertex -25.25 -9.8 3.85
      vertex -23.4 -9.8 2.79571
    endloop
  endfacet
  facet normal 0 1 0
    outer loop
      vertex -25.25 -9.8 3.85
      vertex -27.1 -9.8 2.79571
      vertex -25.5306 -9.8 3.86839
    endloop
  endfacet
  facet normal 0 1 0
    outer loop
      vertex -25.5306 -9.8 3.86839
      vertex -27.1 -9.8 2.79571
      vertex -25.8065 -9.8 3.92326
    endloop
  endfacet
  facet normal 0 1 0
    outer loop
      vertex -27.112 -9.8 4.925
      vertex -27.1 -9.8 2.79571
      vertex -28.95 -9.8 6
    endloop
  endfacet
  facet normal 0 1 0
    outer loop
      vertex -26.325 -9.8 4.13805
      vertex -27.1 -9.8 2.79571
      vertex -26.5588 -9.8 4.29429
    endloop
  endfacet
  facet normal 0 1 0
    outer loop
      vertex -26.0728 -9.8 4.01366
      vertex -27.1 -9.8 2.79571
      vertex -26.325 -9.8 4.13805
    endloop
  endfacet
  facet normal 0 1 0
    outer loop
      vertex -25.8065 -9.8 3.92326
      vertex -27.1 -9.8 2.79571
      vertex -26.0728 -9.8 4.01366
    endloop
  endfacet
  facet normal -0 0 1
    outer loop
      vertex -27.1 -6.4 2.79571
      vertex -23.4 -9.8 2.79571
      vertex -23.4 -6.4 2.79571
    endloop
  endfacet
  facet normal 0 0 1
    outer loop
      vertex -23.4 -9.8 2.79571
      vertex -27.1 -6.4 2.79571
      vertex -27.1 -9.8 2.79571
    endloop
  endfacet
  facet normal -0.866025 0 0.5
    outer loop
      vertex -23.4 -9.8 2.79571
      vertex -21.55 -6.4 6
      vertex -23.4 -6.4 2.79571
    endloop
  endfacet
  facet normal -0.866025 0 0.5
    outer loop
      vertex -21.55 -6.4 6
      vertex -23.4 -9.8 2.79571
      vertex -21.55 -9.8 6
    endloop
  endfacet
  facet normal 1 -0 0
    outer loop
      vertex -28.95 -9.8 13
      vertex -28.95 -6.4 6
      vertex -28.95 -6.4 13
    endloop
  endfacet
  facet normal 1 0 0
    outer loop
      vertex -28.95 -6.4 6
      vertex -28.95 -9.8 13
      vertex -28.95 -9.8 6
    endloop
  endfacet
  facet normal 0 -1 0
    outer loop
      vertex -28.95 -6.4 13
      vertex -25.25 -6.4 8.15
      vertex -21.55 -6.4 13
    endloop
  endfacet
  facet normal 0 -1 0
    outer loop
      vertex -28.95 -6.4 13
      vertex -25.5306 -6.4 8.13161
      vertex -25.25 -6.4 8.15
    endloop
  endfacet
  facet normal 0 -1 0
    outer loop
      vertex -28.95 -6.4 13
      vertex -25.8065 -6.4 8.07674
      vertex -25.5306 -6.4 8.13161
    endloop
  endfacet
  facet normal 0 -1 0
    outer loop
      vertex -28.95 -6.4 13
      vertex -26.0728 -6.4 7.98634
      vertex -25.8065 -6.4 8.07674
    endloop
  endfacet
  facet normal 0 -1 0
    outer loop
      vertex -28.95 -6.4 13
      vertex -26.325 -6.4 7.86195
      vertex -26.0728 -6.4 7.98634
    endloop
  endfacet
  facet normal 0 -1 0
    outer loop
      vertex -28.95 -6.4 13
      vertex -26.5588 -6.4 7.70571
      vertex -26.325 -6.4 7.86195
    endloop
  endfacet
  facet normal 0 -1 0
    outer loop
      vertex -28.95 -6.4 13
      vertex -26.7703 -6.4 7.52028
      vertex -26.5588 -6.4 7.70571
    endloop
  endfacet
  facet normal 0 -1 0
    outer loop
      vertex -28.95 -6.4 13
      vertex -26.9557 -6.4 7.30884
      vertex -26.7703 -6.4 7.52028
    endloop
  endfacet
  facet normal 0 -1 0
    outer loop
      vertex -28.95 -6.4 6
      vertex -26.9557 -6.4 7.30884
      vertex -28.95 -6.4 13
    endloop
  endfacet
  facet normal 0 -1 0
    outer loop
      vertex -26.9557 -6.4 7.30884
      vertex -28.95 -6.4 6
      vertex -27.112 -6.4 7.075
    endloop
  endfacet
  facet normal 0 -1 0
    outer loop
      vertex -27.112 -6.4 7.075
      vertex -28.95 -6.4 6
      vertex -27.2363 -6.4 6.82277
    endloop
  endfacet
  facet normal 0 -1 0
    outer loop
      vertex -27.2363 -6.4 6.82277
      vertex -28.95 -6.4 6
      vertex -27.3267 -6.4 6.55646
    endloop
  endfacet
  facet normal 0 -1 0
    outer loop
      vertex -27.3267 -6.4 6.55646
      vertex -28.95 -6.4 6
      vertex -27.3816 -6.4 6.28063
    endloop
  endfacet
  facet normal 0 -1 0
    outer loop
      vertex -28.95 -6.4 6
      vertex -27.4 -6.4 6
      vertex -27.3816 -6.4 6.28063
    endloop
  endfacet
  facet normal 0 -1 0
    outer loop
      vertex -28.95 -6.4 6
      vertex -27.3816 -6.4 5.71937
      vertex -27.4 -6.4 6
    endloop
  endfacet
  facet normal 0 -1 0
    outer loop
      vertex -28.95 -6.4 6
      vertex -27.3267 -6.4 5.44354
      vertex -27.3816 -6.4 5.71937
    endloop
  endfacet
  facet normal 0 -1 0
    outer loop
      vertex -28.95 -6.4 6
      vertex -27.2363 -6.4 5.17723
      vertex -27.3267 -6.4 5.44354
    endloop
  endfacet
  facet normal 0 -1 0
    outer loop
      vertex -28.95 -6.4 6
      vertex -27.112 -6.4 4.925
      vertex -27.2363 -6.4 5.17723
    endloop
  endfacet
  facet normal 0 -1 0
    outer loop
      vertex -27.1 -6.4 2.79571
      vertex -27.112 -6.4 4.925
      vertex -28.95 -6.4 6
    endloop
  endfacet
  facet normal 0 -1 0
    outer loop
      vertex -27.112 -6.4 4.925
      vertex -27.1 -6.4 2.79571
      vertex -26.9557 -6.4 4.69116
    endloop
  endfacet
  facet normal 0 -1 -0
    outer loop
      vertex -26.9557 -6.4 4.69116
      vertex -27.1 -6.4 2.79571
      vertex -26.7703 -6.4 4.47972
    endloop
  endfacet
  facet normal 0 -1 -0
    outer loop
      vertex -25.5306 -6.4 3.86839
      vertex -27.1 -6.4 2.79571
      vertex -25.25 -6.4 3.85
    endloop
  endfacet
  facet normal 0 -1 -0
    outer loop
      vertex -25.8065 -6.4 3.92326
      vertex -27.1 -6.4 2.79571
      vertex -25.5306 -6.4 3.86839
    endloop
  endfacet
  facet normal 0 -1 -0
    outer loop
      vertex -26.0728 -6.4 4.01366
      vertex -27.1 -6.4 2.79571
      vertex -25.8065 -6.4 3.92326
    endloop
  endfacet
  facet normal 0 -1 -0
    outer loop
      vertex -26.325 -6.4 4.13805
      vertex -27.1 -6.4 2.79571
      vertex -26.0728 -6.4 4.01366
    endloop
  endfacet
  facet normal 0 -1 -0
    outer loop
      vertex -26.5588 -6.4 4.29429
      vertex -27.1 -6.4 2.79571
      vertex -26.325 -6.4 4.13805
    endloop
  endfacet
  facet normal 0 -1 -0
    outer loop
      vertex -26.7703 -6.4 4.47972
      vertex -27.1 -6.4 2.79571
      vertex -26.5588 -6.4 4.29429
    endloop
  endfacet
  facet normal 0 -1 0
    outer loop
      vertex -24.9694 -6.4 8.13161
      vertex -21.55 -6.4 13
      vertex -25.25 -6.4 8.15
    endloop
  endfacet
  facet normal 0 -1 0
    outer loop
      vertex -24.6935 -6.4 8.07674
      vertex -21.55 -6.4 13
      vertex -24.9694 -6.4 8.13161
    endloop
  endfacet
  facet normal 0 -1 0
    outer loop
      vertex -24.4272 -6.4 7.98634
      vertex -21.55 -6.4 13
      vertex -24.6935 -6.4 8.07674
    endloop
  endfacet
  facet normal 0 -1 0
    outer loop
      vertex -24.175 -6.4 7.86195
      vertex -21.55 -6.4 13
      vertex -24.4272 -6.4 7.98634
    endloop
  endfacet
  facet normal 0 -1 0
    outer loop
      vertex -23.9412 -6.4 7.70571
      vertex -21.55 -6.4 13
      vertex -24.175 -6.4 7.86195
    endloop
  endfacet
  facet normal 0 -1 0
    outer loop
      vertex -23.7297 -6.4 7.52028
      vertex -21.55 -6.4 13
      vertex -23.9412 -6.4 7.70571
    endloop
  endfacet
  facet normal 0 -1 0
    outer loop
      vertex -23.5443 -6.4 7.30884
      vertex -21.55 -6.4 13
      vertex -23.7297 -6.4 7.52028
    endloop
  endfacet
  facet normal 0 -1 0
    outer loop
      vertex -21.55 -6.4 6
      vertex -23.5443 -6.4 7.30884
      vertex -23.388 -6.4 7.075
    endloop
  endfacet
  facet normal 0 -1 0
    outer loop
      vertex -21.55 -6.4 6
      vertex -23.388 -6.4 7.075
      vertex -23.2637 -6.4 6.82277
    endloop
  endfacet
  facet normal 0 -1 0
    outer loop
      vertex -21.55 -6.4 6
      vertex -23.2637 -6.4 6.82277
      vertex -23.1733 -6.4 6.55646
    endloop
  endfacet
  facet normal 0 -1 0
    outer loop
      vertex -21.55 -6.4 6
      vertex -23.1733 -6.4 6.55646
      vertex -23.1184 -6.4 6.28063
    endloop
  endfacet
  facet normal 0 -1 0
    outer loop
      vertex -21.55 -6.4 6
      vertex -23.1184 -6.4 6.28063
      vertex -23.1 -6.4 6
    endloop
  endfacet
  facet normal 0 -1 0
    outer loop
      vertex -23.5443 -6.4 7.30884
      vertex -21.55 -6.4 6
      vertex -21.55 -6.4 13
    endloop
  endfacet
  facet normal 0 -1 0
    outer loop
      vertex -23.1184 -6.4 5.71937
      vertex -21.55 -6.4 6
      vertex -23.1 -6.4 6
    endloop
  endfacet
  facet normal 0 -1 0
    outer loop
      vertex -23.1733 -6.4 5.44354
      vertex -21.55 -6.4 6
      vertex -23.1184 -6.4 5.71937
    endloop
  endfacet
  facet normal 0 -1 0
    outer loop
      vertex -23.2637 -6.4 5.17723
      vertex -21.55 -6.4 6
      vertex -23.1733 -6.4 5.44354
    endloop
  endfacet
  facet normal 0 -1 0
    outer loop
      vertex -23.388 -6.4 4.925
      vertex -21.55 -6.4 6
      vertex -23.2637 -6.4 5.17723
    endloop
  endfacet
  facet normal 0 -1 0
    outer loop
      vertex -23.4 -6.4 2.79571
      vertex -23.388 -6.4 4.925
      vertex -23.5443 -6.4 4.69116
    endloop
  endfacet
  facet normal 0 -1 0
    outer loop
      vertex -23.4 -6.4 2.79571
      vertex -23.5443 -6.4 4.69116
      vertex -23.7297 -6.4 4.47972
    endloop
  endfacet
  facet normal 0 -1 0
    outer loop
      vertex -23.4 -6.4 2.79571
      vertex -23.7297 -6.4 4.47972
      vertex -23.9412 -6.4 4.29429
    endloop
  endfacet
  facet normal 0 -1 0
    outer loop
      vertex -23.4 -6.4 2.79571
      vertex -25.25 -6.4 3.85
      vertex -27.1 -6.4 2.79571
    endloop
  endfacet
  facet normal 0 -1 0
    outer loop
      vertex -25.25 -6.4 3.85
      vertex -23.4 -6.4 2.79571
      vertex -24.9694 -6.4 3.86839
    endloop
  endfacet
  facet normal 0 -1 0
    outer loop
      vertex -24.9694 -6.4 3.86839
      vertex -23.4 -6.4 2.79571
      vertex -24.6935 -6.4 3.92326
    endloop
  endfacet
  facet normal 0 -1 -0
    outer loop
      vertex -23.388 -6.4 4.925
      vertex -23.4 -6.4 2.79571
      vertex -21.55 -6.4 6
    endloop
  endfacet
  facet normal 0 -1 0
    outer loop
      vertex -24.175 -6.4 4.13805
      vertex -23.4 -6.4 2.79571
      vertex -23.9412 -6.4 4.29429
    endloop
  endfacet
  facet normal 0 -1 0
    outer loop
      vertex -24.4272 -6.4 4.01366
      vertex -23.4 -6.4 2.79571
      vertex -24.175 -6.4 4.13805
    endloop
  endfacet
  facet normal 0 -1 0
    outer loop
      vertex -24.6935 -6.4 3.92326
      vertex -23.4 -6.4 2.79571
      vertex -24.4272 -6.4 4.01366
    endloop
  endfacet
  facet normal 0.866025 -0 0.5
    outer loop
      vertex -28.95 -9.8 6
      vertex -27.1 -6.4 2.79571
      vertex -28.95 -6.4 6
    endloop
  endfacet
  facet normal 0.866025 0 0.5
    outer loop
      vertex -27.1 -6.4 2.79571
      vertex -28.95 -9.8 6
      vertex -27.1 -9.8 2.79571
    endloop
  endfacet
  facet normal -0.980787 0 0.195083
    outer loop
      vertex 0.892074 29.5 12.56
      vertex 0.935455 32.5 12.7781
      vertex 0.892074 32.5 12.56
    endloop
  endfacet
  facet normal -0.980787 0 0.195083
    outer loop
      vertex 0.935455 32.5 12.7781
      vertex 0.892074 29.5 12.56
      vertex 0.935455 29.5 12.7781
    endloop
  endfacet
  facet normal -0.997859 0 0.0654072
    outer loop
      vertex 0.935455 29.5 12.7781
      vertex 0.95 32.5 13
      vertex 0.935455 32.5 12.7781
    endloop
  endfacet
  facet normal -0.997859 0 0.0654072
    outer loop
      vertex 0.95 32.5 13
      vertex 0.935455 29.5 12.7781
      vertex 0.95 29.5 13
    endloop
  endfacet
  facet normal -0.0652071 0 -0.997872
    outer loop
      vertex -0.75 29.5 14.7
      vertex -0.528105 32.5 14.6855
      vertex -0.528105 29.5 14.6855
    endloop
  endfacet
  facet normal -0.0652071 0 -0.997872
    outer loop
      vertex -0.528105 32.5 14.6855
      vertex -0.75 29.5 14.7
      vertex -0.75 32.5 14.7
    endloop
  endfacet
  facet normal 0.659291 0 0.751888
    outer loop
      vertex -1.95208 32.5 11.7979
      vertex -1.78489 29.5 11.6513
      vertex -1.78489 32.5 11.6513
    endloop
  endfacet
  facet normal 0.659291 0 0.751888
    outer loop
      vertex -1.78489 29.5 11.6513
      vertex -1.95208 32.5 11.7979
      vertex -1.95208 29.5 11.7979
    endloop
  endfacet
  facet normal 0.831483 0 -0.555551
    outer loop
      vertex -2.0987 29.5 14.0349
      vertex -2.22224 32.5 13.85
      vertex -2.0987 32.5 14.0349
    endloop
  endfacet
  facet normal 0.831483 0 -0.555551
    outer loop
      vertex -2.22224 32.5 13.85
      vertex -2.0987 29.5 14.0349
      vertex -2.22224 29.5 13.85
    endloop
  endfacet
  facet normal 0.195168 0 -0.98077
    outer loop
      vertex -1.18999 29.5 14.6421
      vertex -0.971894 32.5 14.6855
      vertex -0.971894 29.5 14.6855
    endloop
  endfacet
  facet normal 0.195168 0 -0.98077
    outer loop
      vertex -0.971894 32.5 14.6855
      vertex -1.18999 29.5 14.6421
      vertex -1.18999 32.5 14.6421
    endloop
  endfacet
  facet normal -0.659297 0 0.751882
    outer loop
      vertex 0.284894 32.5 11.6513
      vertex 0.452081 29.5 11.7979
      vertex 0.452081 32.5 11.7979
    endloop
  endfacet
  facet normal -0.659297 0 0.751882
    outer loop
      vertex 0.452081 29.5 11.7979
      vertex 0.284894 32.5 11.6513
      vertex 0.284894 29.5 11.6513
    endloop
  endfacet
  facet normal -0.946944 0 -0.321399
    outer loop
      vertex 0.892074 29.5 13.44
      vertex 0.820595 32.5 13.6506
      vertex 0.892074 32.5 13.44
    endloop
  endfacet
  facet normal -0.946944 -0 -0.321399
    outer loop
      vertex 0.820595 32.5 13.6506
      vertex 0.892074 29.5 13.44
      vertex 0.820595 29.5 13.6506
    endloop
  endfacet
  facet normal -0.751863 0 -0.659319
    outer loop
      vertex 0.598701 29.5 14.0349
      vertex 0.452081 32.5 14.2021
      vertex 0.598701 32.5 14.0349
    endloop
  endfacet
  facet normal -0.751863 -0 -0.659319
    outer loop
      vertex 0.452081 32.5 14.2021
      vertex 0.598701 29.5 14.0349
      vertex 0.452081 29.5 14.2021
    endloop
  endfacet
  facet normal -0.751863 0 0.659319
    outer loop
      vertex 0.452081 29.5 11.7979
      vertex 0.598701 32.5 11.9651
      vertex 0.452081 32.5 11.7979
    endloop
  endfacet
  facet normal -0.751863 0 0.659319
    outer loop
      vertex 0.598701 32.5 11.9651
      vertex 0.452081 29.5 11.7979
      vertex 0.598701 29.5 11.9651
    endloop
  endfacet
  facet normal 0.946943 0 -0.321403
    outer loop
      vertex -2.32059 29.5 13.6506
      vertex -2.39207 32.5 13.44
      vertex -2.32059 32.5 13.6506
    endloop
  endfacet
  facet normal 0.946943 0 -0.321403
    outer loop
      vertex -2.39207 32.5 13.44
      vertex -2.32059 29.5 13.6506
      vertex -2.39207 29.5 13.44
    endloop
  endfacet
  facet normal -0.321526 0 -0.946901
    outer loop
      vertex -0.310007 29.5 14.6421
      vertex -0.0994377 32.5 14.5706
      vertex -0.0994377 29.5 14.5706
    endloop
  endfacet
  facet normal -0.321526 0 -0.946901
    outer loop
      vertex -0.0994377 32.5 14.5706
      vertex -0.310007 29.5 14.6421
      vertex -0.310007 32.5 14.6421
    endloop
  endfacet
  facet normal 0.0652074 0 -0.997872
    outer loop
      vertex -0.971894 29.5 14.6855
      vertex -0.75 32.5 14.7
      vertex -0.75 29.5 14.7
    endloop
  endfacet
  facet normal 0.0652074 0 -0.997872
    outer loop
      vertex -0.75 32.5 14.7
      vertex -0.971894 29.5 14.6855
      vertex -0.971894 32.5 14.6855
    endloop
  endfacet
  facet normal 0.321525 0 0.946901
    outer loop
      vertex -1.40056 32.5 11.4294
      vertex -1.18999 29.5 11.3579
      vertex -1.18999 32.5 11.3579
    endloop
  endfacet
  facet normal 0.321525 0 0.946901
    outer loop
      vertex -1.18999 29.5 11.3579
      vertex -1.40056 32.5 11.4294
      vertex -1.40056 29.5 11.4294
    endloop
  endfacet
  facet normal -0.946944 0 0.321399
    outer loop
      vertex 0.820595 29.5 12.3494
      vertex 0.892074 32.5 12.56
      vertex 0.820595 32.5 12.3494
    endloop
  endfacet
  facet normal -0.946944 0 0.321399
    outer loop
      vertex 0.892074 32.5 12.56
      vertex 0.820595 29.5 12.3494
      vertex 0.892074 29.5 12.56
    endloop
  endfacet
  facet normal 0.751863 -0 0.659319
    outer loop
      vertex -2.0987 29.5 11.9651
      vertex -1.95208 32.5 11.7979
      vertex -2.0987 32.5 11.9651
    endloop
  endfacet
  facet normal 0.751863 0 0.659319
    outer loop
      vertex -1.95208 32.5 11.7979
      vertex -2.0987 29.5 11.9651
      vertex -1.95208 29.5 11.7979
    endloop
  endfacet
  facet normal 0.442459 0 -0.896789
    outer loop
      vertex -1.6 29.5 14.4722
      vertex -1.40056 32.5 14.5706
      vertex -1.40056 29.5 14.5706
    endloop
  endfacet
  facet normal 0.442459 0 -0.896789
    outer loop
      vertex -1.40056 32.5 14.5706
      vertex -1.6 29.5 14.4722
      vertex -1.6 32.5 14.4722
    endloop
  endfacet
  facet normal 0.0652074 0 0.997872
    outer loop
      vertex -0.971894 32.5 11.3145
      vertex -0.75 29.5 11.3
      vertex -0.75 32.5 11.3
    endloop
  endfacet
  facet normal 0.0652074 0 0.997872
    outer loop
      vertex -0.75 29.5 11.3
      vertex -0.971894 32.5 11.3145
      vertex -0.971894 29.5 11.3145
    endloop
  endfacet
  facet normal -0.896837 0 -0.44236
    outer loop
      vertex 0.820595 29.5 13.6506
      vertex 0.722242 32.5 13.85
      vertex 0.820595 32.5 13.6506
    endloop
  endfacet
  facet normal -0.896837 -0 -0.44236
    outer loop
      vertex 0.722242 32.5 13.85
      vertex 0.820595 29.5 13.6506
      vertex 0.722242 29.5 13.85
    endloop
  endfacet
  facet normal -0.555438 0 -0.831558
    outer loop
      vertex 0.0999994 29.5 14.4722
      vertex 0.284894 32.5 14.3487
      vertex 0.284894 29.5 14.3487
    endloop
  endfacet
  facet normal -0.555438 0 -0.831558
    outer loop
      vertex 0.284894 32.5 14.3487
      vertex 0.0999994 29.5 14.4722
      vertex 0.0999994 32.5 14.4722
    endloop
  endfacet
  facet normal 0.980779 0 -0.195122
    outer loop
      vertex -2.39207 29.5 13.44
      vertex -2.43546 32.5 13.2219
      vertex -2.39207 32.5 13.44
    endloop
  endfacet
  facet normal 0.980779 0 -0.195122
    outer loop
      vertex -2.43546 32.5 13.2219
      vertex -2.39207 29.5 13.44
      vertex -2.43546 29.5 13.2219
    endloop
  endfacet
  facet normal -0.195167 0 0.98077
    outer loop
      vertex -0.528105 32.5 11.3145
      vertex -0.310007 29.5 11.3579
      vertex -0.310007 32.5 11.3579
    endloop
  endfacet
  facet normal -0.195167 0 0.98077
    outer loop
      vertex -0.310007 29.5 11.3579
      vertex -0.528105 32.5 11.3145
      vertex -0.528105 29.5 11.3145
    endloop
  endfacet
  facet normal -0.83148 0 0.555554
    outer loop
      vertex 0.598701 29.5 11.9651
      vertex 0.722242 32.5 12.15
      vertex 0.598701 32.5 11.9651
    endloop
  endfacet
  facet normal -0.83148 0 0.555554
    outer loop
      vertex 0.722242 32.5 12.15
      vertex 0.598701 29.5 11.9651
      vertex 0.722242 29.5 12.15
    endloop
  endfacet
  facet normal -0.997859 0 -0.0654072
    outer loop
      vertex 0.95 29.5 13
      vertex 0.935455 32.5 13.2219
      vertex 0.95 32.5 13
    endloop
  endfacet
  facet normal -0.997859 -0 -0.0654072
    outer loop
      vertex 0.935455 32.5 13.2219
      vertex 0.95 29.5 13
      vertex 0.935455 29.5 13.2219
    endloop
  endfacet
  facet normal -0.321526 0 0.946901
    outer loop
      vertex -0.310007 32.5 11.3579
      vertex -0.0994377 29.5 11.4294
      vertex -0.0994377 32.5 11.4294
    endloop
  endfacet
  facet normal -0.321526 0 0.946901
    outer loop
      vertex -0.0994377 29.5 11.4294
      vertex -0.310007 32.5 11.3579
      vertex -0.310007 29.5 11.3579
    endloop
  endfacet
  facet normal -0.555438 0 0.831558
    outer loop
      vertex 0.0999994 32.5 11.5278
      vertex 0.284894 29.5 11.6513
      vertex 0.284894 32.5 11.6513
    endloop
  endfacet
  facet normal -0.555438 0 0.831558
    outer loop
      vertex 0.284894 29.5 11.6513
      vertex 0.0999994 32.5 11.5278
      vertex 0.0999994 29.5 11.5278
    endloop
  endfacet
  facet normal 0.195168 0 0.98077
    outer loop
      vertex -1.18999 32.5 11.3579
      vertex -0.971894 29.5 11.3145
      vertex -0.971894 32.5 11.3145
    endloop
  endfacet
  facet normal 0.195168 0 0.98077
    outer loop
      vertex -0.971894 29.5 11.3145
      vertex -1.18999 32.5 11.3579
      vertex -1.18999 29.5 11.3579
    endloop
  endfacet
  facet normal -0.659297 0 -0.751882
    outer loop
      vertex 0.284894 29.5 14.3487
      vertex 0.452081 32.5 14.2021
      vertex 0.452081 29.5 14.2021
    endloop
  endfacet
  facet normal -0.659297 0 -0.751882
    outer loop
      vertex 0.452081 32.5 14.2021
      vertex 0.284894 29.5 14.3487
      vertex 0.284894 32.5 14.3487
    endloop
  endfacet
  facet normal 0.896843 -0 0.442349
    outer loop
      vertex -2.32059 29.5 12.3494
      vertex -2.22224 32.5 12.15
      vertex -2.32059 32.5 12.3494
    endloop
  endfacet
  facet normal 0.896843 0 0.442349
    outer loop
      vertex -2.22224 32.5 12.15
      vertex -2.32059 29.5 12.3494
      vertex -2.22224 29.5 12.15
    endloop
  endfacet
  facet normal -0.980787 0 -0.195083
    outer loop
      vertex 0.935455 29.5 13.2219
      vertex 0.892074 32.5 13.44
      vertex 0.935455 32.5 13.2219
    endloop
  endfacet
  facet normal -0.980787 -0 -0.195083
    outer loop
      vertex 0.892074 32.5 13.44
      vertex 0.935455 29.5 13.2219
      vertex 0.892074 29.5 13.44
    endloop
  endfacet
  facet normal -0.195167 0 -0.98077
    outer loop
      vertex -0.528105 29.5 14.6855
      vertex -0.310007 32.5 14.6421
      vertex -0.310007 29.5 14.6421
    endloop
  endfacet
  facet normal -0.195167 0 -0.98077
    outer loop
      vertex -0.310007 32.5 14.6421
      vertex -0.528105 29.5 14.6855
      vertex -0.528105 32.5 14.6855
    endloop
  endfacet
  facet normal 0.659291 0 -0.751888
    outer loop
      vertex -1.95208 29.5 14.2021
      vertex -1.78489 32.5 14.3487
      vertex -1.78489 29.5 14.3487
    endloop
  endfacet
  facet normal 0.659291 0 -0.751888
    outer loop
      vertex -1.78489 32.5 14.3487
      vertex -1.95208 29.5 14.2021
      vertex -1.95208 32.5 14.2021
    endloop
  endfacet
  facet normal 0.751863 0 -0.659319
    outer loop
      vertex -1.95208 29.5 14.2021
      vertex -2.0987 32.5 14.0349
      vertex -1.95208 32.5 14.2021
    endloop
  endfacet
  facet normal 0.751863 0 -0.659319
    outer loop
      vertex -2.0987 32.5 14.0349
      vertex -1.95208 29.5 14.2021
      vertex -2.0987 29.5 14.0349
    endloop
  endfacet
  facet normal -0.0652071 0 0.997872
    outer loop
      vertex -0.75 32.5 11.3
      vertex -0.528105 29.5 11.3145
      vertex -0.528105 32.5 11.3145
    endloop
  endfacet
  facet normal -0.0652071 0 0.997872
    outer loop
      vertex -0.528105 29.5 11.3145
      vertex -0.75 32.5 11.3
      vertex -0.75 29.5 11.3
    endloop
  endfacet
  facet normal -0.442464 0 0.896786
    outer loop
      vertex -0.0994377 32.5 11.4294
      vertex 0.0999994 29.5 11.5278
      vertex 0.0999994 32.5 11.5278
    endloop
  endfacet
  facet normal -0.442464 0 0.896786
    outer loop
      vertex 0.0999994 29.5 11.5278
      vertex -0.0994377 32.5 11.4294
      vertex -0.0994377 29.5 11.4294
    endloop
  endfacet
  facet normal -0.83148 0 -0.555554
    outer loop
      vertex 0.722242 29.5 13.85
      vertex 0.598701 32.5 14.0349
      vertex 0.722242 32.5 13.85
    endloop
  endfacet
  facet normal -0.83148 -0 -0.555554
    outer loop
      vertex 0.598701 32.5 14.0349
      vertex 0.722242 29.5 13.85
      vertex 0.598701 29.5 14.0349
    endloop
  endfacet
  facet normal 0.99786 0 -0.0653848
    outer loop
      vertex -2.43546 29.5 13.2219
      vertex -2.45 32.5 13
      vertex -2.43546 32.5 13.2219
    endloop
  endfacet
  facet normal 0.99786 0 -0.0653848
    outer loop
      vertex -2.45 32.5 13
      vertex -2.43546 29.5 13.2219
      vertex -2.45 29.5 13
    endloop
  endfacet
  facet normal -0.442464 0 -0.896786
    outer loop
      vertex -0.0994377 29.5 14.5706
      vertex 0.0999994 32.5 14.4722
      vertex 0.0999994 29.5 14.4722
    endloop
  endfacet
  facet normal -0.442464 0 -0.896786
    outer loop
      vertex 0.0999994 32.5 14.4722
      vertex -0.0994377 29.5 14.5706
      vertex -0.0994377 32.5 14.5706
    endloop
  endfacet
  facet normal 0.980779 -0 0.195122
    outer loop
      vertex -2.43546 29.5 12.7781
      vertex -2.39207 32.5 12.56
      vertex -2.43546 32.5 12.7781
    endloop
  endfacet
  facet normal 0.980779 0 0.195122
    outer loop
      vertex -2.39207 32.5 12.56
      vertex -2.43546 29.5 12.7781
      vertex -2.39207 29.5 12.56
    endloop
  endfacet
  facet normal 0.896843 0 -0.442349
    outer loop
      vertex -2.22224 29.5 13.85
      vertex -2.32059 32.5 13.6506
      vertex -2.22224 32.5 13.85
    endloop
  endfacet
  facet normal 0.896843 0 -0.442349
    outer loop
      vertex -2.32059 32.5 13.6506
      vertex -2.22224 29.5 13.85
      vertex -2.32059 29.5 13.6506
    endloop
  endfacet
  facet normal 0.946943 -0 0.321403
    outer loop
      vertex -2.39207 29.5 12.56
      vertex -2.32059 32.5 12.3494
      vertex -2.39207 32.5 12.56
    endloop
  endfacet
  facet normal 0.946943 0 0.321403
    outer loop
      vertex -2.32059 32.5 12.3494
      vertex -2.39207 29.5 12.56
      vertex -2.32059 29.5 12.3494
    endloop
  endfacet
  facet normal 0.555447 0 0.831552
    outer loop
      vertex -1.78489 32.5 11.6513
      vertex -1.6 29.5 11.5278
      vertex -1.6 32.5 11.5278
    endloop
  endfacet
  facet normal 0.555447 0 0.831552
    outer loop
      vertex -1.6 29.5 11.5278
      vertex -1.78489 32.5 11.6513
      vertex -1.78489 29.5 11.6513
    endloop
  endfacet
  facet normal -0.896837 0 0.44236
    outer loop
      vertex 0.722242 29.5 12.15
      vertex 0.820595 32.5 12.3494
      vertex 0.722242 32.5 12.15
    endloop
  endfacet
  facet normal -0.896837 0 0.44236
    outer loop
      vertex 0.820595 32.5 12.3494
      vertex 0.722242 29.5 12.15
      vertex 0.820595 29.5 12.3494
    endloop
  endfacet
  facet normal 0.99786 -0 0.0653848
    outer loop
      vertex -2.45 29.5 13
      vertex -2.43546 32.5 12.7781
      vertex -2.45 32.5 13
    endloop
  endfacet
  facet normal 0.99786 0 0.0653848
    outer loop
      vertex -2.43546 32.5 12.7781
      vertex -2.45 29.5 13
      vertex -2.43546 29.5 12.7781
    endloop
  endfacet
  facet normal 0.321525 0 -0.946901
    outer loop
      vertex -1.40056 29.5 14.5706
      vertex -1.18999 32.5 14.6421
      vertex -1.18999 29.5 14.6421
    endloop
  endfacet
  facet normal 0.321525 0 -0.946901
    outer loop
      vertex -1.18999 32.5 14.6421
      vertex -1.40056 29.5 14.5706
      vertex -1.40056 32.5 14.5706
    endloop
  endfacet
  facet normal 0.442459 0 0.896789
    outer loop
      vertex -1.6 32.5 11.5278
      vertex -1.40056 29.5 11.4294
      vertex -1.40056 32.5 11.4294
    endloop
  endfacet
  facet normal 0.442459 0 0.896789
    outer loop
      vertex -1.40056 29.5 11.4294
      vertex -1.6 32.5 11.5278
      vertex -1.6 29.5 11.5278
    endloop
  endfacet
  facet normal 0.831483 -0 0.555551
    outer loop
      vertex -2.22224 29.5 12.15
      vertex -2.0987 32.5 11.9651
      vertex -2.22224 32.5 12.15
    endloop
  endfacet
  facet normal 0.831483 0 0.555551
    outer loop
      vertex -2.0987 32.5 11.9651
      vertex -2.22224 29.5 12.15
      vertex -2.0987 29.5 11.9651
    endloop
  endfacet
  facet normal 0.555447 0 -0.831552
    outer loop
      vertex -1.78489 29.5 14.3487
      vertex -1.6 32.5 14.4722
      vertex -1.6 29.5 14.4722
    endloop
  endfacet
  facet normal 0.555447 0 -0.831552
    outer loop
      vertex -1.6 32.5 14.4722
      vertex -1.78489 29.5 14.3487
      vertex -1.78489 32.5 14.3487
    endloop
  endfacet
  facet normal -0.980787 0 0.195083
    outer loop
      vertex 0.892074 29.5 22.56
      vertex 0.935455 32.5 22.7781
      vertex 0.892074 32.5 22.56
    endloop
  endfacet
  facet normal -0.980787 0 0.195083
    outer loop
      vertex 0.935455 32.5 22.7781
      vertex 0.892074 29.5 22.56
      vertex 0.935455 29.5 22.7781
    endloop
  endfacet
  facet normal -0.997859 0 0.0654072
    outer loop
      vertex 0.935455 29.5 22.7781
      vertex 0.95 32.5 23
      vertex 0.935455 32.5 22.7781
    endloop
  endfacet
  facet normal -0.997859 0 0.0654072
    outer loop
      vertex 0.95 32.5 23
      vertex 0.935455 29.5 22.7781
      vertex 0.95 29.5 23
    endloop
  endfacet
  facet normal -0.0652071 0 -0.997872
    outer loop
      vertex -0.75 29.5 24.7
      vertex -0.528105 32.5 24.6855
      vertex -0.528105 29.5 24.6855
    endloop
  endfacet
  facet normal -0.0652071 0 -0.997872
    outer loop
      vertex -0.528105 32.5 24.6855
      vertex -0.75 29.5 24.7
      vertex -0.75 32.5 24.7
    endloop
  endfacet
  facet normal 0.659291 0 0.751888
    outer loop
      vertex -1.95208 32.5 21.7979
      vertex -1.78489 29.5 21.6513
      vertex -1.78489 32.5 21.6513
    endloop
  endfacet
  facet normal 0.659291 0 0.751888
    outer loop
      vertex -1.78489 29.5 21.6513
      vertex -1.95208 32.5 21.7979
      vertex -1.95208 29.5 21.7979
    endloop
  endfacet
  facet normal 0.831483 0 -0.555551
    outer loop
      vertex -2.0987 29.5 24.0349
      vertex -2.22224 32.5 23.85
      vertex -2.0987 32.5 24.0349
    endloop
  endfacet
  facet normal 0.831483 0 -0.555551
    outer loop
      vertex -2.22224 32.5 23.85
      vertex -2.0987 29.5 24.0349
      vertex -2.22224 29.5 23.85
    endloop
  endfacet
  facet normal 0.195168 0 -0.98077
    outer loop
      vertex -1.18999 29.5 24.6421
      vertex -0.971894 32.5 24.6855
      vertex -0.971894 29.5 24.6855
    endloop
  endfacet
  facet normal 0.195168 0 -0.98077
    outer loop
      vertex -0.971894 32.5 24.6855
      vertex -1.18999 29.5 24.6421
      vertex -1.18999 32.5 24.6421
    endloop
  endfacet
  facet normal -0.659297 0 0.751882
    outer loop
      vertex 0.284894 32.5 21.6513
      vertex 0.452081 29.5 21.7979
      vertex 0.452081 32.5 21.7979
    endloop
  endfacet
  facet normal -0.659297 0 0.751882
    outer loop
      vertex 0.452081 29.5 21.7979
      vertex 0.284894 32.5 21.6513
      vertex 0.284894 29.5 21.6513
    endloop
  endfacet
  facet normal -0.946944 0 -0.321399
    outer loop
      vertex 0.892074 29.5 23.44
      vertex 0.820595 32.5 23.6506
      vertex 0.892074 32.5 23.44
    endloop
  endfacet
  facet normal -0.946944 -0 -0.321399
    outer loop
      vertex 0.820595 32.5 23.6506
      vertex 0.892074 29.5 23.44
      vertex 0.820595 29.5 23.6506
    endloop
  endfacet
  facet normal -0.751863 0 -0.659319
    outer loop
      vertex 0.598701 29.5 24.0349
      vertex 0.452081 32.5 24.2021
      vertex 0.598701 32.5 24.0349
    endloop
  endfacet
  facet normal -0.751863 -0 -0.659319
    outer loop
      vertex 0.452081 32.5 24.2021
      vertex 0.598701 29.5 24.0349
      vertex 0.452081 29.5 24.2021
    endloop
  endfacet
  facet normal -0.751863 0 0.659319
    outer loop
      vertex 0.452081 29.5 21.7979
      vertex 0.598701 32.5 21.9651
      vertex 0.452081 32.5 21.7979
    endloop
  endfacet
  facet normal -0.751863 0 0.659319
    outer loop
      vertex 0.598701 32.5 21.9651
      vertex 0.452081 29.5 21.7979
      vertex 0.598701 29.5 21.9651
    endloop
  endfacet
  facet normal 0.946943 0 -0.321403
    outer loop
      vertex -2.32059 29.5 23.6506
      vertex -2.39207 32.5 23.44
      vertex -2.32059 32.5 23.6506
    endloop
  endfacet
  facet normal 0.946943 0 -0.321403
    outer loop
      vertex -2.39207 32.5 23.44
      vertex -2.32059 29.5 23.6506
      vertex -2.39207 29.5 23.44
    endloop
  endfacet
  facet normal -0.321526 0 -0.946901
    outer loop
      vertex -0.310007 29.5 24.6421
      vertex -0.0994377 32.5 24.5706
      vertex -0.0994377 29.5 24.5706
    endloop
  endfacet
  facet normal -0.321526 0 -0.946901
    outer loop
      vertex -0.0994377 32.5 24.5706
      vertex -0.310007 29.5 24.6421
      vertex -0.310007 32.5 24.6421
    endloop
  endfacet
  facet normal 0.0652074 0 -0.997872
    outer loop
      vertex -0.971894 29.5 24.6855
      vertex -0.75 32.5 24.7
      vertex -0.75 29.5 24.7
    endloop
  endfacet
  facet normal 0.0652074 0 -0.997872
    outer loop
      vertex -0.75 32.5 24.7
      vertex -0.971894 29.5 24.6855
      vertex -0.971894 32.5 24.6855
    endloop
  endfacet
  facet normal 0.321525 0 0.946901
    outer loop
      vertex -1.40056 32.5 21.4294
      vertex -1.18999 29.5 21.3579
      vertex -1.18999 32.5 21.3579
    endloop
  endfacet
  facet normal 0.321525 0 0.946901
    outer loop
      vertex -1.18999 29.5 21.3579
      vertex -1.40056 32.5 21.4294
      vertex -1.40056 29.5 21.4294
    endloop
  endfacet
  facet normal 0.751863 -0 0.659319
    outer loop
      vertex -2.0987 29.5 21.9651
      vertex -1.95208 32.5 21.7979
      vertex -2.0987 32.5 21.9651
    endloop
  endfacet
  facet normal 0.751863 0 0.659319
    outer loop
      vertex -1.95208 32.5 21.7979
      vertex -2.0987 29.5 21.9651
      vertex -1.95208 29.5 21.7979
    endloop
  endfacet
  facet normal 0.442459 0 -0.896789
    outer loop
      vertex -1.6 29.5 24.4722
      vertex -1.40056 32.5 24.5706
      vertex -1.40056 29.5 24.5706
    endloop
  endfacet
  facet normal 0.442459 0 -0.896789
    outer loop
      vertex -1.40056 32.5 24.5706
      vertex -1.6 29.5 24.4722
      vertex -1.6 32.5 24.4722
    endloop
  endfacet
  facet normal 0.0652074 0 0.997872
    outer loop
      vertex -0.971894 32.5 21.3145
      vertex -0.75 29.5 21.3
      vertex -0.75 32.5 21.3
    endloop
  endfacet
  facet normal 0.0652074 0 0.997872
    outer loop
      vertex -0.75 29.5 21.3
      vertex -0.971894 32.5 21.3145
      vertex -0.971894 29.5 21.3145
    endloop
  endfacet
  facet normal -0.896837 0 -0.44236
    outer loop
      vertex 0.820595 29.5 23.6506
      vertex 0.722242 32.5 23.85
      vertex 0.820595 32.5 23.6506
    endloop
  endfacet
  facet normal -0.896837 -0 -0.44236
    outer loop
      vertex 0.722242 32.5 23.85
      vertex 0.820595 29.5 23.6506
      vertex 0.722242 29.5 23.85
    endloop
  endfacet
  facet normal -0.555438 0 -0.831558
    outer loop
      vertex 0.0999994 29.5 24.4722
      vertex 0.284894 32.5 24.3487
      vertex 0.284894 29.5 24.3487
    endloop
  endfacet
  facet normal -0.555438 0 -0.831558
    outer loop
      vertex 0.284894 32.5 24.3487
      vertex 0.0999994 29.5 24.4722
      vertex 0.0999994 32.5 24.4722
    endloop
  endfacet
  facet normal 0.980779 0 -0.195122
    outer loop
      vertex -2.39207 29.5 23.44
      vertex -2.43546 32.5 23.2219
      vertex -2.39207 32.5 23.44
    endloop
  endfacet
  facet normal 0.980779 0 -0.195122
    outer loop
      vertex -2.43546 32.5 23.2219
      vertex -2.39207 29.5 23.44
      vertex -2.43546 29.5 23.2219
    endloop
  endfacet
  facet normal 0.751863 0 -0.659319
    outer loop
      vertex -1.95208 29.5 24.2021
      vertex -2.0987 32.5 24.0349
      vertex -1.95208 32.5 24.2021
    endloop
  endfacet
  facet normal 0.751863 0 -0.659319
    outer loop
      vertex -2.0987 32.5 24.0349
      vertex -1.95208 29.5 24.2021
      vertex -2.0987 29.5 24.0349
    endloop
  endfacet
  facet normal -0.195167 0 0.98077
    outer loop
      vertex -0.528105 32.5 21.3145
      vertex -0.310007 29.5 21.3579
      vertex -0.310007 32.5 21.3579
    endloop
  endfacet
  facet normal -0.195167 0 0.98077
    outer loop
      vertex -0.310007 29.5 21.3579
      vertex -0.528105 32.5 21.3145
      vertex -0.528105 29.5 21.3145
    endloop
  endfacet
  facet normal -0.83148 0 0.555554
    outer loop
      vertex 0.598701 29.5 21.9651
      vertex 0.722242 32.5 22.15
      vertex 0.598701 32.5 21.9651
    endloop
  endfacet
  facet normal -0.83148 0 0.555554
    outer loop
      vertex 0.722242 32.5 22.15
      vertex 0.598701 29.5 21.9651
      vertex 0.722242 29.5 22.15
    endloop
  endfacet
  facet normal -0.997859 0 -0.0654072
    outer loop
      vertex 0.95 29.5 23
      vertex 0.935455 32.5 23.2219
      vertex 0.95 32.5 23
    endloop
  endfacet
  facet normal -0.997859 -0 -0.0654072
    outer loop
      vertex 0.935455 32.5 23.2219
      vertex 0.95 29.5 23
      vertex 0.935455 29.5 23.2219
    endloop
  endfacet
  facet normal -0.321526 0 0.946901
    outer loop
      vertex -0.310007 32.5 21.3579
      vertex -0.0994377 29.5 21.4294
      vertex -0.0994377 32.5 21.4294
    endloop
  endfacet
  facet normal -0.321526 0 0.946901
    outer loop
      vertex -0.0994377 29.5 21.4294
      vertex -0.310007 32.5 21.3579
      vertex -0.310007 29.5 21.3579
    endloop
  endfacet
  facet normal -0.555438 0 0.831558
    outer loop
      vertex 0.0999994 32.5 21.5278
      vertex 0.284894 29.5 21.6513
      vertex 0.284894 32.5 21.6513
    endloop
  endfacet
  facet normal -0.555438 0 0.831558
    outer loop
      vertex 0.284894 29.5 21.6513
      vertex 0.0999994 32.5 21.5278
      vertex 0.0999994 29.5 21.5278
    endloop
  endfacet
  facet normal 0.195168 0 0.98077
    outer loop
      vertex -1.18999 32.5 21.3579
      vertex -0.971894 29.5 21.3145
      vertex -0.971894 32.5 21.3145
    endloop
  endfacet
  facet normal 0.195168 0 0.98077
    outer loop
      vertex -0.971894 29.5 21.3145
      vertex -1.18999 32.5 21.3579
      vertex -1.18999 29.5 21.3579
    endloop
  endfacet
  facet normal -0.659297 0 -0.751882
    outer loop
      vertex 0.284894 29.5 24.3487
      vertex 0.452081 32.5 24.2021
      vertex 0.452081 29.5 24.2021
    endloop
  endfacet
  facet normal -0.659297 0 -0.751882
    outer loop
      vertex 0.452081 32.5 24.2021
      vertex 0.284894 29.5 24.3487
      vertex 0.284894 32.5 24.3487
    endloop
  endfacet
  facet normal 0.896843 -0 0.442349
    outer loop
      vertex -2.32059 29.5 22.3494
      vertex -2.22224 32.5 22.15
      vertex -2.32059 32.5 22.3494
    endloop
  endfacet
  facet normal 0.896843 0 0.442349
    outer loop
      vertex -2.22224 32.5 22.15
      vertex -2.32059 29.5 22.3494
      vertex -2.22224 29.5 22.15
    endloop
  endfacet
  facet normal -0.980787 0 -0.195083
    outer loop
      vertex 0.935455 29.5 23.2219
      vertex 0.892074 32.5 23.44
      vertex 0.935455 32.5 23.2219
    endloop
  endfacet
  facet normal -0.980787 -0 -0.195083
    outer loop
      vertex 0.892074 32.5 23.44
      vertex 0.935455 29.5 23.2219
      vertex 0.892074 29.5 23.44
    endloop
  endfacet
  facet normal -0.195167 0 -0.98077
    outer loop
      vertex -0.528105 29.5 24.6855
      vertex -0.310007 32.5 24.6421
      vertex -0.310007 29.5 24.6421
    endloop
  endfacet
  facet normal -0.195167 0 -0.98077
    outer loop
      vertex -0.310007 32.5 24.6421
      vertex -0.528105 29.5 24.6855
      vertex -0.528105 32.5 24.6855
    endloop
  endfacet
  facet normal 0.659291 0 -0.751888
    outer loop
      vertex -1.95208 29.5 24.2021
      vertex -1.78489 32.5 24.3487
      vertex -1.78489 29.5 24.3487
    endloop
  endfacet
  facet normal 0.659291 0 -0.751888
    outer loop
      vertex -1.78489 32.5 24.3487
      vertex -1.95208 29.5 24.2021
      vertex -1.95208 32.5 24.2021
    endloop
  endfacet
  facet normal -0.0652071 0 0.997872
    outer loop
      vertex -0.75 32.5 21.3
      vertex -0.528105 29.5 21.3145
      vertex -0.528105 32.5 21.3145
    endloop
  endfacet
  facet normal -0.0652071 0 0.997872
    outer loop
      vertex -0.528105 29.5 21.3145
      vertex -0.75 32.5 21.3
      vertex -0.75 29.5 21.3
    endloop
  endfacet
  facet normal -0.442464 0 0.896786
    outer loop
      vertex -0.0994377 32.5 21.4294
      vertex 0.0999994 29.5 21.5278
      vertex 0.0999994 32.5 21.5278
    endloop
  endfacet
  facet normal -0.442464 0 0.896786
    outer loop
      vertex 0.0999994 29.5 21.5278
      vertex -0.0994377 32.5 21.4294
      vertex -0.0994377 29.5 21.4294
    endloop
  endfacet
  facet normal -0.83148 0 -0.555554
    outer loop
      vertex 0.722242 29.5 23.85
      vertex 0.598701 32.5 24.0349
      vertex 0.722242 32.5 23.85
    endloop
  endfacet
  facet normal -0.83148 -0 -0.555554
    outer loop
      vertex 0.598701 32.5 24.0349
      vertex 0.722242 29.5 23.85
      vertex 0.598701 29.5 24.0349
    endloop
  endfacet
  facet normal 0.99786 0 -0.0653848
    outer loop
      vertex -2.43546 29.5 23.2219
      vertex -2.45 32.5 23
      vertex -2.43546 32.5 23.2219
    endloop
  endfacet
  facet normal 0.99786 0 -0.0653848
    outer loop
      vertex -2.45 32.5 23
      vertex -2.43546 29.5 23.2219
      vertex -2.45 29.5 23
    endloop
  endfacet
  facet normal -0.442464 0 -0.896786
    outer loop
      vertex -0.0994377 29.5 24.5706
      vertex 0.0999994 32.5 24.4722
      vertex 0.0999994 29.5 24.4722
    endloop
  endfacet
  facet normal -0.442464 0 -0.896786
    outer loop
      vertex 0.0999994 32.5 24.4722
      vertex -0.0994377 29.5 24.5706
      vertex -0.0994377 32.5 24.5706
    endloop
  endfacet
  facet normal 0.980779 -0 0.195122
    outer loop
      vertex -2.43546 29.5 22.7781
      vertex -2.39207 32.5 22.56
      vertex -2.43546 32.5 22.7781
    endloop
  endfacet
  facet normal 0.980779 0 0.195122
    outer loop
      vertex -2.39207 32.5 22.56
      vertex -2.43546 29.5 22.7781
      vertex -2.39207 29.5 22.56
    endloop
  endfacet
  facet normal 0.896843 0 -0.442349
    outer loop
      vertex -2.22224 29.5 23.85
      vertex -2.32059 32.5 23.6506
      vertex -2.22224 32.5 23.85
    endloop
  endfacet
  facet normal 0.896843 0 -0.442349
    outer loop
      vertex -2.32059 32.5 23.6506
      vertex -2.22224 29.5 23.85
      vertex -2.32059 29.5 23.6506
    endloop
  endfacet
  facet normal 0.946943 -0 0.321403
    outer loop
      vertex -2.39207 29.5 22.56
      vertex -2.32059 32.5 22.3494
      vertex -2.39207 32.5 22.56
    endloop
  endfacet
  facet normal 0.946943 0 0.321403
    outer loop
      vertex -2.32059 32.5 22.3494
      vertex -2.39207 29.5 22.56
      vertex -2.32059 29.5 22.3494
    endloop
  endfacet
  facet normal 0.555447 0 0.831552
    outer loop
      vertex -1.78489 32.5 21.6513
      vertex -1.6 29.5 21.5278
      vertex -1.6 32.5 21.5278
    endloop
  endfacet
  facet normal 0.555447 0 0.831552
    outer loop
      vertex -1.6 29.5 21.5278
      vertex -1.78489 32.5 21.6513
      vertex -1.78489 29.5 21.6513
    endloop
  endfacet
  facet normal -0.896837 0 0.44236
    outer loop
      vertex 0.722242 29.5 22.15
      vertex 0.820595 32.5 22.3494
      vertex 0.722242 32.5 22.15
    endloop
  endfacet
  facet normal -0.896837 0 0.44236
    outer loop
      vertex 0.820595 32.5 22.3494
      vertex 0.722242 29.5 22.15
      vertex 0.820595 29.5 22.3494
    endloop
  endfacet
  facet normal -0.946944 0 0.321399
    outer loop
      vertex 0.820595 29.5 22.3494
      vertex 0.892074 32.5 22.56
      vertex 0.820595 32.5 22.3494
    endloop
  endfacet
  facet normal -0.946944 0 0.321399
    outer loop
      vertex 0.892074 32.5 22.56
      vertex 0.820595 29.5 22.3494
      vertex 0.892074 29.5 22.56
    endloop
  endfacet
  facet normal 0.99786 -0 0.0653848
    outer loop
      vertex -2.45 29.5 23
      vertex -2.43546 32.5 22.7781
      vertex -2.45 32.5 23
    endloop
  endfacet
  facet normal 0.99786 0 0.0653848
    outer loop
      vertex -2.43546 32.5 22.7781
      vertex -2.45 29.5 23
      vertex -2.43546 29.5 22.7781
    endloop
  endfacet
  facet normal 0.321525 0 -0.946901
    outer loop
      vertex -1.40056 29.5 24.5706
      vertex -1.18999 32.5 24.6421
      vertex -1.18999 29.5 24.6421
    endloop
  endfacet
  facet normal 0.321525 0 -0.946901
    outer loop
      vertex -1.18999 32.5 24.6421
      vertex -1.40056 29.5 24.5706
      vertex -1.40056 32.5 24.5706
    endloop
  endfacet
  facet normal 0.442459 0 0.896789
    outer loop
      vertex -1.6 32.5 21.5278
      vertex -1.40056 29.5 21.4294
      vertex -1.40056 32.5 21.4294
    endloop
  endfacet
  facet normal 0.442459 0 0.896789
    outer loop
      vertex -1.40056 29.5 21.4294
      vertex -1.6 32.5 21.5278
      vertex -1.6 29.5 21.5278
    endloop
  endfacet
  facet normal 0.831483 -0 0.555551
    outer loop
      vertex -2.22224 29.5 22.15
      vertex -2.0987 32.5 21.9651
      vertex -2.22224 32.5 22.15
    endloop
  endfacet
  facet normal 0.831483 0 0.555551
    outer loop
      vertex -2.0987 32.5 21.9651
      vertex -2.22224 29.5 22.15
      vertex -2.0987 29.5 21.9651
    endloop
  endfacet
  facet normal 0.555447 0 -0.831552
    outer loop
      vertex -1.78489 29.5 24.3487
      vertex -1.6 32.5 24.4722
      vertex -1.6 29.5 24.4722
    endloop
  endfacet
  facet normal 0.555447 0 -0.831552
    outer loop
      vertex -1.6 32.5 24.4722
      vertex -1.78489 29.5 24.3487
      vertex -1.78489 32.5 24.3487
    endloop
  endfacet
  facet normal -0.98077 0 0.195165
    outer loop
      vertex -48.1079 29.5 12.56
      vertex -48.0645 32.5 12.7781
      vertex -48.1079 32.5 12.56
    endloop
  endfacet
  facet normal -0.98077 0 0.195165
    outer loop
      vertex -48.0645 32.5 12.7781
      vertex -48.1079 29.5 12.56
      vertex -48.0645 29.5 12.7781
    endloop
  endfacet
  facet normal -0.997872 0 0.0652057
    outer loop
      vertex -48.0645 29.5 12.7781
      vertex -48.05 32.5 13
      vertex -48.0645 32.5 12.7781
    endloop
  endfacet
  facet normal -0.997872 0 0.0652057
    outer loop
      vertex -48.05 32.5 13
      vertex -48.0645 29.5 12.7781
      vertex -48.05 29.5 13
    endloop
  endfacet
  facet normal -0.0652057 0 -0.997872
    outer loop
      vertex -49.75 29.5 14.7
      vertex -49.5281 32.5 14.6855
      vertex -49.5281 29.5 14.6855
    endloop
  endfacet
  facet normal -0.0652057 0 -0.997872
    outer loop
      vertex -49.5281 32.5 14.6855
      vertex -49.75 29.5 14.7
      vertex -49.75 32.5 14.7
    endloop
  endfacet
  facet normal 0.659268 0 0.751908
    outer loop
      vertex -50.9521 32.5 11.7979
      vertex -50.7849 29.5 11.6513
      vertex -50.7849 32.5 11.6513
    endloop
  endfacet
  facet normal 0.659268 0 0.751908
    outer loop
      vertex -50.7849 29.5 11.6513
      vertex -50.9521 32.5 11.7979
      vertex -50.9521 29.5 11.7979
    endloop
  endfacet
  facet normal 0.831566 0 -0.555426
    outer loop
      vertex -51.0987 29.5 14.0349
      vertex -51.2222 32.5 13.85
      vertex -51.0987 32.5 14.0349
    endloop
  endfacet
  facet normal 0.831566 0 -0.555426
    outer loop
      vertex -51.2222 32.5 13.85
      vertex -51.0987 29.5 14.0349
      vertex -51.2222 29.5 13.85
    endloop
  endfacet
  facet normal 0.195165 0 -0.98077
    outer loop
      vertex -50.19 29.5 14.6421
      vertex -49.9719 32.5 14.6855
      vertex -49.9719 29.5 14.6855
    endloop
  endfacet
  facet normal 0.195165 0 -0.98077
    outer loop
      vertex -49.9719 32.5 14.6855
      vertex -50.19 29.5 14.6421
      vertex -50.19 32.5 14.6421
    endloop
  endfacet
  facet normal -0.659268 0 0.751908
    outer loop
      vertex -48.7151 32.5 11.6513
      vertex -48.5479 29.5 11.7979
      vertex -48.5479 32.5 11.7979
    endloop
  endfacet
  facet normal -0.659268 0 0.751908
    outer loop
      vertex -48.5479 29.5 11.7979
      vertex -48.7151 32.5 11.6513
      vertex -48.7151 29.5 11.6513
    endloop
  endfacet
  facet normal -0.946915 0 -0.321484
    outer loop
      vertex -48.1079 29.5 13.44
      vertex -48.1794 32.5 13.6506
      vertex -48.1079 32.5 13.44
    endloop
  endfacet
  facet normal -0.946915 -0 -0.321484
    outer loop
      vertex -48.1794 32.5 13.6506
      vertex -48.1079 29.5 13.44
      vertex -48.1794 29.5 13.6506
    endloop
  endfacet
  facet normal -0.751908 0 -0.659268
    outer loop
      vertex -48.4013 29.5 14.0349
      vertex -48.5479 32.5 14.2021
      vertex -48.4013 32.5 14.0349
    endloop
  endfacet
  facet normal -0.751908 -0 -0.659268
    outer loop
      vertex -48.5479 32.5 14.2021
      vertex -48.4013 29.5 14.0349
      vertex -48.5479 29.5 14.2021
    endloop
  endfacet
  facet normal -0.751908 0 0.659268
    outer loop
      vertex -48.5479 29.5 11.7979
      vertex -48.4013 32.5 11.9651
      vertex -48.5479 32.5 11.7979
    endloop
  endfacet
  facet normal -0.751908 0 0.659268
    outer loop
      vertex -48.4013 32.5 11.9651
      vertex -48.5479 29.5 11.7979
      vertex -48.4013 29.5 11.9651
    endloop
  endfacet
  facet normal 0.946915 0 -0.321484
    outer loop
      vertex -51.3206 29.5 13.6506
      vertex -51.3921 32.5 13.44
      vertex -51.3206 32.5 13.6506
    endloop
  endfacet
  facet normal 0.946915 0 -0.321484
    outer loop
      vertex -51.3921 32.5 13.44
      vertex -51.3206 29.5 13.6506
      vertex -51.3921 29.5 13.44
    endloop
  endfacet
  facet normal -0.321484 0 -0.946915
    outer loop
      vertex -49.31 29.5 14.6421
      vertex -49.0994 32.5 14.5706
      vertex -49.0994 29.5 14.5706
    endloop
  endfacet
  facet normal -0.321484 0 -0.946915
    outer loop
      vertex -49.0994 32.5 14.5706
      vertex -49.31 29.5 14.6421
      vertex -49.31 32.5 14.6421
    endloop
  endfacet
  facet normal 0.0652057 0 -0.997872
    outer loop
      vertex -49.9719 29.5 14.6855
      vertex -49.75 32.5 14.7
      vertex -49.75 29.5 14.7
    endloop
  endfacet
  facet normal 0.0652057 0 -0.997872
    outer loop
      vertex -49.75 32.5 14.7
      vertex -49.9719 29.5 14.6855
      vertex -49.9719 32.5 14.6855
    endloop
  endfacet
  facet normal 0.321484 0 0.946915
    outer loop
      vertex -50.4006 32.5 11.4294
      vertex -50.19 29.5 11.3579
      vertex -50.19 32.5 11.3579
    endloop
  endfacet
  facet normal 0.321484 0 0.946915
    outer loop
      vertex -50.19 29.5 11.3579
      vertex -50.4006 32.5 11.4294
      vertex -50.4006 29.5 11.4294
    endloop
  endfacet
  facet normal -0.946915 0 0.321484
    outer loop
      vertex -48.1794 29.5 12.3494
      vertex -48.1079 32.5 12.56
      vertex -48.1794 32.5 12.3494
    endloop
  endfacet
  facet normal -0.946915 0 0.321484
    outer loop
      vertex -48.1079 32.5 12.56
      vertex -48.1794 29.5 12.3494
      vertex -48.1079 29.5 12.56
    endloop
  endfacet
  facet normal 0.751908 -0 0.659268
    outer loop
      vertex -51.0987 29.5 11.9651
      vertex -50.9521 32.5 11.7979
      vertex -51.0987 32.5 11.9651
    endloop
  endfacet
  facet normal 0.751908 0 0.659268
    outer loop
      vertex -50.9521 32.5 11.7979
      vertex -51.0987 29.5 11.9651
      vertex -50.9521 29.5 11.7979
    endloop
  endfacet
  facet normal 0.44253 0 -0.896754
    outer loop
      vertex -50.6 29.5 14.4722
      vertex -50.4006 32.5 14.5706
      vertex -50.4006 29.5 14.5706
    endloop
  endfacet
  facet normal 0.44253 0 -0.896754
    outer loop
      vertex -50.4006 32.5 14.5706
      vertex -50.6 29.5 14.4722
      vertex -50.6 32.5 14.4722
    endloop
  endfacet
  facet normal 0.0652057 0 0.997872
    outer loop
      vertex -49.9719 32.5 11.3145
      vertex -49.75 29.5 11.3
      vertex -49.75 32.5 11.3
    endloop
  endfacet
  facet normal 0.0652057 0 0.997872
    outer loop
      vertex -49.75 29.5 11.3
      vertex -49.9719 32.5 11.3145
      vertex -49.9719 29.5 11.3145
    endloop
  endfacet
  facet normal -0.896754 0 -0.44253
    outer loop
      vertex -48.1794 29.5 13.6506
      vertex -48.2778 32.5 13.85
      vertex -48.1794 32.5 13.6506
    endloop
  endfacet
  facet normal -0.896754 -0 -0.44253
    outer loop
      vertex -48.2778 32.5 13.85
      vertex -48.1794 29.5 13.6506
      vertex -48.2778 29.5 13.85
    endloop
  endfacet
  facet normal -0.555426 0 -0.831566
    outer loop
      vertex -48.9 29.5 14.4722
      vertex -48.7151 32.5 14.3487
      vertex -48.7151 29.5 14.3487
    endloop
  endfacet
  facet normal -0.555426 0 -0.831566
    outer loop
      vertex -48.7151 32.5 14.3487
      vertex -48.9 29.5 14.4722
      vertex -48.9 32.5 14.4722
    endloop
  endfacet
  facet normal 0.98077 0 -0.195165
    outer loop
      vertex -51.3921 29.5 13.44
      vertex -51.4355 32.5 13.2219
      vertex -51.3921 32.5 13.44
    endloop
  endfacet
  facet normal 0.98077 0 -0.195165
    outer loop
      vertex -51.4355 32.5 13.2219
      vertex -51.3921 29.5 13.44
      vertex -51.4355 29.5 13.2219
    endloop
  endfacet
  facet normal -0.195165 0 0.98077
    outer loop
      vertex -49.5281 32.5 11.3145
      vertex -49.31 29.5 11.3579
      vertex -49.31 32.5 11.3579
    endloop
  endfacet
  facet normal -0.195165 0 0.98077
    outer loop
      vertex -49.31 29.5 11.3579
      vertex -49.5281 32.5 11.3145
      vertex -49.5281 29.5 11.3145
    endloop
  endfacet
  facet normal -0.831566 0 0.555426
    outer loop
      vertex -48.4013 29.5 11.9651
      vertex -48.2778 32.5 12.15
      vertex -48.4013 32.5 11.9651
    endloop
  endfacet
  facet normal -0.831566 0 0.555426
    outer loop
      vertex -48.2778 32.5 12.15
      vertex -48.4013 29.5 11.9651
      vertex -48.2778 29.5 12.15
    endloop
  endfacet
  facet normal -0.997872 0 -0.0652057
    outer loop
      vertex -48.05 29.5 13
      vertex -48.0645 32.5 13.2219
      vertex -48.05 32.5 13
    endloop
  endfacet
  facet normal -0.997872 -0 -0.0652057
    outer loop
      vertex -48.0645 32.5 13.2219
      vertex -48.05 29.5 13
      vertex -48.0645 29.5 13.2219
    endloop
  endfacet
  facet normal -0.321484 0 0.946915
    outer loop
      vertex -49.31 32.5 11.3579
      vertex -49.0994 29.5 11.4294
      vertex -49.0994 32.5 11.4294
    endloop
  endfacet
  facet normal -0.321484 0 0.946915
    outer loop
      vertex -49.0994 29.5 11.4294
      vertex -49.31 32.5 11.3579
      vertex -49.31 29.5 11.3579
    endloop
  endfacet
  facet normal -0.555426 0 0.831566
    outer loop
      vertex -48.9 32.5 11.5278
      vertex -48.7151 29.5 11.6513
      vertex -48.7151 32.5 11.6513
    endloop
  endfacet
  facet normal -0.555426 0 0.831566
    outer loop
      vertex -48.7151 29.5 11.6513
      vertex -48.9 32.5 11.5278
      vertex -48.9 29.5 11.5278
    endloop
  endfacet
  facet normal 0.195165 0 0.98077
    outer loop
      vertex -50.19 32.5 11.3579
      vertex -49.9719 29.5 11.3145
      vertex -49.9719 32.5 11.3145
    endloop
  endfacet
  facet normal 0.195165 0 0.98077
    outer loop
      vertex -49.9719 29.5 11.3145
      vertex -50.19 32.5 11.3579
      vertex -50.19 29.5 11.3579
    endloop
  endfacet
  facet normal -0.659268 0 -0.751908
    outer loop
      vertex -48.7151 29.5 14.3487
      vertex -48.5479 32.5 14.2021
      vertex -48.5479 29.5 14.2021
    endloop
  endfacet
  facet normal -0.659268 0 -0.751908
    outer loop
      vertex -48.5479 32.5 14.2021
      vertex -48.7151 29.5 14.3487
      vertex -48.7151 32.5 14.3487
    endloop
  endfacet
  facet normal 0.896754 -0 0.44253
    outer loop
      vertex -51.3206 29.5 12.3494
      vertex -51.2222 32.5 12.15
      vertex -51.3206 32.5 12.3494
    endloop
  endfacet
  facet normal 0.896754 0 0.44253
    outer loop
      vertex -51.2222 32.5 12.15
      vertex -51.3206 29.5 12.3494
      vertex -51.2222 29.5 12.15
    endloop
  endfacet
  facet normal -0.98077 0 -0.195165
    outer loop
      vertex -48.0645 29.5 13.2219
      vertex -48.1079 32.5 13.44
      vertex -48.0645 32.5 13.2219
    endloop
  endfacet
  facet normal -0.98077 -0 -0.195165
    outer loop
      vertex -48.1079 32.5 13.44
      vertex -48.0645 29.5 13.2219
      vertex -48.1079 29.5 13.44
    endloop
  endfacet
  facet normal -0.195165 0 -0.98077
    outer loop
      vertex -49.5281 29.5 14.6855
      vertex -49.31 32.5 14.6421
      vertex -49.31 29.5 14.6421
    endloop
  endfacet
  facet normal -0.195165 0 -0.98077
    outer loop
      vertex -49.31 32.5 14.6421
      vertex -49.5281 29.5 14.6855
      vertex -49.5281 32.5 14.6855
    endloop
  endfacet
  facet normal 0.659268 0 -0.751908
    outer loop
      vertex -50.9521 29.5 14.2021
      vertex -50.7849 32.5 14.3487
      vertex -50.7849 29.5 14.3487
    endloop
  endfacet
  facet normal 0.659268 0 -0.751908
    outer loop
      vertex -50.7849 32.5 14.3487
      vertex -50.9521 29.5 14.2021
      vertex -50.9521 32.5 14.2021
    endloop
  endfacet
  facet normal 0.751908 0 -0.659268
    outer loop
      vertex -50.9521 29.5 14.2021
      vertex -51.0987 32.5 14.0349
      vertex -50.9521 32.5 14.2021
    endloop
  endfacet
  facet normal 0.751908 0 -0.659268
    outer loop
      vertex -51.0987 32.5 14.0349
      vertex -50.9521 29.5 14.2021
      vertex -51.0987 29.5 14.0349
    endloop
  endfacet
  facet normal -0.0652057 0 0.997872
    outer loop
      vertex -49.75 32.5 11.3
      vertex -49.5281 29.5 11.3145
      vertex -49.5281 32.5 11.3145
    endloop
  endfacet
  facet normal -0.0652057 0 0.997872
    outer loop
      vertex -49.5281 29.5 11.3145
      vertex -49.75 32.5 11.3
      vertex -49.75 29.5 11.3
    endloop
  endfacet
  facet normal -0.44253 0 0.896754
    outer loop
      vertex -49.0994 32.5 11.4294
      vertex -48.9 29.5 11.5278
      vertex -48.9 32.5 11.5278
    endloop
  endfacet
  facet normal -0.44253 0 0.896754
    outer loop
      vertex -48.9 29.5 11.5278
      vertex -49.0994 32.5 11.4294
      vertex -49.0994 29.5 11.4294
    endloop
  endfacet
  facet normal -0.831566 0 -0.555426
    outer loop
      vertex -48.2778 29.5 13.85
      vertex -48.4013 32.5 14.0349
      vertex -48.2778 32.5 13.85
    endloop
  endfacet
  facet normal -0.831566 -0 -0.555426
    outer loop
      vertex -48.4013 32.5 14.0349
      vertex -48.2778 29.5 13.85
      vertex -48.4013 29.5 14.0349
    endloop
  endfacet
  facet normal 0.997872 0 -0.0652057
    outer loop
      vertex -51.4355 29.5 13.2219
      vertex -51.45 32.5 13
      vertex -51.4355 32.5 13.2219
    endloop
  endfacet
  facet normal 0.997872 0 -0.0652057
    outer loop
      vertex -51.45 32.5 13
      vertex -51.4355 29.5 13.2219
      vertex -51.45 29.5 13
    endloop
  endfacet
  facet normal -0.44253 0 -0.896754
    outer loop
      vertex -49.0994 29.5 14.5706
      vertex -48.9 32.5 14.4722
      vertex -48.9 29.5 14.4722
    endloop
  endfacet
  facet normal -0.44253 0 -0.896754
    outer loop
      vertex -48.9 32.5 14.4722
      vertex -49.0994 29.5 14.5706
      vertex -49.0994 32.5 14.5706
    endloop
  endfacet
  facet normal 0.98077 -0 0.195165
    outer loop
      vertex -51.4355 29.5 12.7781
      vertex -51.3921 32.5 12.56
      vertex -51.4355 32.5 12.7781
    endloop
  endfacet
  facet normal 0.98077 0 0.195165
    outer loop
      vertex -51.3921 32.5 12.56
      vertex -51.4355 29.5 12.7781
      vertex -51.3921 29.5 12.56
    endloop
  endfacet
  facet normal 0.896754 0 -0.44253
    outer loop
      vertex -51.2222 29.5 13.85
      vertex -51.3206 32.5 13.6506
      vertex -51.2222 32.5 13.85
    endloop
  endfacet
  facet normal 0.896754 0 -0.44253
    outer loop
      vertex -51.3206 32.5 13.6506
      vertex -51.2222 29.5 13.85
      vertex -51.3206 29.5 13.6506
    endloop
  endfacet
  facet normal 0.946915 -0 0.321484
    outer loop
      vertex -51.3921 29.5 12.56
      vertex -51.3206 32.5 12.3494
      vertex -51.3921 32.5 12.56
    endloop
  endfacet
  facet normal 0.946915 0 0.321484
    outer loop
      vertex -51.3206 32.5 12.3494
      vertex -51.3921 29.5 12.56
      vertex -51.3206 29.5 12.3494
    endloop
  endfacet
  facet normal -0.896754 0 0.44253
    outer loop
      vertex -48.2778 29.5 12.15
      vertex -48.1794 32.5 12.3494
      vertex -48.2778 32.5 12.15
    endloop
  endfacet
  facet normal -0.896754 0 0.44253
    outer loop
      vertex -48.1794 32.5 12.3494
      vertex -48.2778 29.5 12.15
      vertex -48.1794 29.5 12.3494
    endloop
  endfacet
  facet normal 0.997872 -0 0.0652057
    outer loop
      vertex -51.45 29.5 13
      vertex -51.4355 32.5 12.7781
      vertex -51.45 32.5 13
    endloop
  endfacet
  facet normal 0.997872 0 0.0652057
    outer loop
      vertex -51.4355 32.5 12.7781
      vertex -51.45 29.5 13
      vertex -51.4355 29.5 12.7781
    endloop
  endfacet
  facet normal 0.321484 0 -0.946915
    outer loop
      vertex -50.4006 29.5 14.5706
      vertex -50.19 32.5 14.6421
      vertex -50.19 29.5 14.6421
    endloop
  endfacet
  facet normal 0.321484 0 -0.946915
    outer loop
      vertex -50.19 32.5 14.6421
      vertex -50.4006 29.5 14.5706
      vertex -50.4006 32.5 14.5706
    endloop
  endfacet
  facet normal 0.44253 0 0.896754
    outer loop
      vertex -50.6 32.5 11.5278
      vertex -50.4006 29.5 11.4294
      vertex -50.4006 32.5 11.4294
    endloop
  endfacet
  facet normal 0.44253 0 0.896754
    outer loop
      vertex -50.4006 29.5 11.4294
      vertex -50.6 32.5 11.5278
      vertex -50.6 29.5 11.5278
    endloop
  endfacet
  facet normal 0.555426 0 0.831566
    outer loop
      vertex -50.7849 32.5 11.6513
      vertex -50.6 29.5 11.5278
      vertex -50.6 32.5 11.5278
    endloop
  endfacet
  facet normal 0.555426 0 0.831566
    outer loop
      vertex -50.6 29.5 11.5278
      vertex -50.7849 32.5 11.6513
      vertex -50.7849 29.5 11.6513
    endloop
  endfacet
  facet normal 0.831566 -0 0.555426
    outer loop
      vertex -51.2222 29.5 12.15
      vertex -51.0987 32.5 11.9651
      vertex -51.2222 32.5 12.15
    endloop
  endfacet
  facet normal 0.831566 0 0.555426
    outer loop
      vertex -51.0987 32.5 11.9651
      vertex -51.2222 29.5 12.15
      vertex -51.0987 29.5 11.9651
    endloop
  endfacet
  facet normal 0.555426 0 -0.831566
    outer loop
      vertex -50.7849 29.5 14.3487
      vertex -50.6 32.5 14.4722
      vertex -50.6 29.5 14.4722
    endloop
  endfacet
  facet normal 0.555426 0 -0.831566
    outer loop
      vertex -50.6 32.5 14.4722
      vertex -50.7849 29.5 14.3487
      vertex -50.7849 32.5 14.3487
    endloop
  endfacet
  facet normal -0.98077 0 0.195165
    outer loop
      vertex -48.1079 29.5 22.56
      vertex -48.0645 32.5 22.7781
      vertex -48.1079 32.5 22.56
    endloop
  endfacet
  facet normal -0.98077 0 0.195165
    outer loop
      vertex -48.0645 32.5 22.7781
      vertex -48.1079 29.5 22.56
      vertex -48.0645 29.5 22.7781
    endloop
  endfacet
  facet normal -0.997872 0 0.0652057
    outer loop
      vertex -48.0645 29.5 22.7781
      vertex -48.05 32.5 23
      vertex -48.0645 32.5 22.7781
    endloop
  endfacet
  facet normal -0.997872 0 0.0652057
    outer loop
      vertex -48.05 32.5 23
      vertex -48.0645 29.5 22.7781
      vertex -48.05 29.5 23
    endloop
  endfacet
  facet normal -0.0652057 0 -0.997872
    outer loop
      vertex -49.75 29.5 24.7
      vertex -49.5281 32.5 24.6855
      vertex -49.5281 29.5 24.6855
    endloop
  endfacet
  facet normal -0.0652057 0 -0.997872
    outer loop
      vertex -49.5281 32.5 24.6855
      vertex -49.75 29.5 24.7
      vertex -49.75 32.5 24.7
    endloop
  endfacet
  facet normal 0.659268 0 0.751908
    outer loop
      vertex -50.9521 32.5 21.7979
      vertex -50.7849 29.5 21.6513
      vertex -50.7849 32.5 21.6513
    endloop
  endfacet
  facet normal 0.659268 0 0.751908
    outer loop
      vertex -50.7849 29.5 21.6513
      vertex -50.9521 32.5 21.7979
      vertex -50.9521 29.5 21.7979
    endloop
  endfacet
  facet normal 0.831566 0 -0.555426
    outer loop
      vertex -51.0987 29.5 24.0349
      vertex -51.2222 32.5 23.85
      vertex -51.0987 32.5 24.0349
    endloop
  endfacet
  facet normal 0.831566 0 -0.555426
    outer loop
      vertex -51.2222 32.5 23.85
      vertex -51.0987 29.5 24.0349
      vertex -51.2222 29.5 23.85
    endloop
  endfacet
  facet normal 0.195165 0 -0.98077
    outer loop
      vertex -50.19 29.5 24.6421
      vertex -49.9719 32.5 24.6855
      vertex -49.9719 29.5 24.6855
    endloop
  endfacet
  facet normal 0.195165 0 -0.98077
    outer loop
      vertex -49.9719 32.5 24.6855
      vertex -50.19 29.5 24.6421
      vertex -50.19 32.5 24.6421
    endloop
  endfacet
  facet normal -0.659268 0 0.751908
    outer loop
      vertex -48.7151 32.5 21.6513
      vertex -48.5479 29.5 21.7979
      vertex -48.5479 32.5 21.7979
    endloop
  endfacet
  facet normal -0.659268 0 0.751908
    outer loop
      vertex -48.5479 29.5 21.7979
      vertex -48.7151 32.5 21.6513
      vertex -48.7151 29.5 21.6513
    endloop
  endfacet
  facet normal -0.946915 0 -0.321484
    outer loop
      vertex -48.1079 29.5 23.44
      vertex -48.1794 32.5 23.6506
      vertex -48.1079 32.5 23.44
    endloop
  endfacet
  facet normal -0.946915 -0 -0.321484
    outer loop
      vertex -48.1794 32.5 23.6506
      vertex -48.1079 29.5 23.44
      vertex -48.1794 29.5 23.6506
    endloop
  endfacet
  facet normal -0.751908 0 -0.659268
    outer loop
      vertex -48.4013 29.5 24.0349
      vertex -48.5479 32.5 24.2021
      vertex -48.4013 32.5 24.0349
    endloop
  endfacet
  facet normal -0.751908 -0 -0.659268
    outer loop
      vertex -48.5479 32.5 24.2021
      vertex -48.4013 29.5 24.0349
      vertex -48.5479 29.5 24.2021
    endloop
  endfacet
  facet normal -0.751908 0 0.659268
    outer loop
      vertex -48.5479 29.5 21.7979
      vertex -48.4013 32.5 21.9651
      vertex -48.5479 32.5 21.7979
    endloop
  endfacet
  facet normal -0.751908 0 0.659268
    outer loop
      vertex -48.4013 32.5 21.9651
      vertex -48.5479 29.5 21.7979
      vertex -48.4013 29.5 21.9651
    endloop
  endfacet
  facet normal 0.946915 0 -0.321484
    outer loop
      vertex -51.3206 29.5 23.6506
      vertex -51.3921 32.5 23.44
      vertex -51.3206 32.5 23.6506
    endloop
  endfacet
  facet normal 0.946915 0 -0.321484
    outer loop
      vertex -51.3921 32.5 23.44
      vertex -51.3206 29.5 23.6506
      vertex -51.3921 29.5 23.44
    endloop
  endfacet
  facet normal -0.321484 0 -0.946915
    outer loop
      vertex -49.31 29.5 24.6421
      vertex -49.0994 32.5 24.5706
      vertex -49.0994 29.5 24.5706
    endloop
  endfacet
  facet normal -0.321484 0 -0.946915
    outer loop
      vertex -49.0994 32.5 24.5706
      vertex -49.31 29.5 24.6421
      vertex -49.31 32.5 24.6421
    endloop
  endfacet
  facet normal 0.0652057 0 -0.997872
    outer loop
      vertex -49.9719 29.5 24.6855
      vertex -49.75 32.5 24.7
      vertex -49.75 29.5 24.7
    endloop
  endfacet
  facet normal 0.0652057 0 -0.997872
    outer loop
      vertex -49.75 32.5 24.7
      vertex -49.9719 29.5 24.6855
      vertex -49.9719 32.5 24.6855
    endloop
  endfacet
  facet normal 0.321484 0 0.946915
    outer loop
      vertex -50.4006 32.5 21.4294
      vertex -50.19 29.5 21.3579
      vertex -50.19 32.5 21.3579
    endloop
  endfacet
  facet normal 0.321484 0 0.946915
    outer loop
      vertex -50.19 29.5 21.3579
      vertex -50.4006 32.5 21.4294
      vertex -50.4006 29.5 21.4294
    endloop
  endfacet
  facet normal -0.946915 0 0.321484
    outer loop
      vertex -48.1794 29.5 22.3494
      vertex -48.1079 32.5 22.56
      vertex -48.1794 32.5 22.3494
    endloop
  endfacet
  facet normal -0.946915 0 0.321484
    outer loop
      vertex -48.1079 32.5 22.56
      vertex -48.1794 29.5 22.3494
      vertex -48.1079 29.5 22.56
    endloop
  endfacet
  facet normal 0.751908 -0 0.659268
    outer loop
      vertex -51.0987 29.5 21.9651
      vertex -50.9521 32.5 21.7979
      vertex -51.0987 32.5 21.9651
    endloop
  endfacet
  facet normal 0.751908 0 0.659268
    outer loop
      vertex -50.9521 32.5 21.7979
      vertex -51.0987 29.5 21.9651
      vertex -50.9521 29.5 21.7979
    endloop
  endfacet
  facet normal 0.44253 0 -0.896754
    outer loop
      vertex -50.6 29.5 24.4722
      vertex -50.4006 32.5 24.5706
      vertex -50.4006 29.5 24.5706
    endloop
  endfacet
  facet normal 0.44253 0 -0.896754
    outer loop
      vertex -50.4006 32.5 24.5706
      vertex -50.6 29.5 24.4722
      vertex -50.6 32.5 24.4722
    endloop
  endfacet
  facet normal 0.0652057 0 0.997872
    outer loop
      vertex -49.9719 32.5 21.3145
      vertex -49.75 29.5 21.3
      vertex -49.75 32.5 21.3
    endloop
  endfacet
  facet normal 0.0652057 0 0.997872
    outer loop
      vertex -49.75 29.5 21.3
      vertex -49.9719 32.5 21.3145
      vertex -49.9719 29.5 21.3145
    endloop
  endfacet
  facet normal -0.896754 0 -0.44253
    outer loop
      vertex -48.1794 29.5 23.6506
      vertex -48.2778 32.5 23.85
      vertex -48.1794 32.5 23.6506
    endloop
  endfacet
  facet normal -0.896754 -0 -0.44253
    outer loop
      vertex -48.2778 32.5 23.85
      vertex -48.1794 29.5 23.6506
      vertex -48.2778 29.5 23.85
    endloop
  endfacet
  facet normal -0.555426 0 -0.831566
    outer loop
      vertex -48.9 29.5 24.4722
      vertex -48.7151 32.5 24.3487
      vertex -48.7151 29.5 24.3487
    endloop
  endfacet
  facet normal -0.555426 0 -0.831566
    outer loop
      vertex -48.7151 32.5 24.3487
      vertex -48.9 29.5 24.4722
      vertex -48.9 32.5 24.4722
    endloop
  endfacet
  facet normal 0.98077 0 -0.195165
    outer loop
      vertex -51.3921 29.5 23.44
      vertex -51.4355 32.5 23.2219
      vertex -51.3921 32.5 23.44
    endloop
  endfacet
  facet normal 0.98077 0 -0.195165
    outer loop
      vertex -51.4355 32.5 23.2219
      vertex -51.3921 29.5 23.44
      vertex -51.4355 29.5 23.2219
    endloop
  endfacet
  facet normal 0.751908 0 -0.659268
    outer loop
      vertex -50.9521 29.5 24.2021
      vertex -51.0987 32.5 24.0349
      vertex -50.9521 32.5 24.2021
    endloop
  endfacet
  facet normal 0.751908 0 -0.659268
    outer loop
      vertex -51.0987 32.5 24.0349
      vertex -50.9521 29.5 24.2021
      vertex -51.0987 29.5 24.0349
    endloop
  endfacet
  facet normal -0.195165 0 0.98077
    outer loop
      vertex -49.5281 32.5 21.3145
      vertex -49.31 29.5 21.3579
      vertex -49.31 32.5 21.3579
    endloop
  endfacet
  facet normal -0.195165 0 0.98077
    outer loop
      vertex -49.31 29.5 21.3579
      vertex -49.5281 32.5 21.3145
      vertex -49.5281 29.5 21.3145
    endloop
  endfacet
  facet normal -0.831566 0 0.555426
    outer loop
      vertex -48.4013 29.5 21.9651
      vertex -48.2778 32.5 22.15
      vertex -48.4013 32.5 21.9651
    endloop
  endfacet
  facet normal -0.831566 0 0.555426
    outer loop
      vertex -48.2778 32.5 22.15
      vertex -48.4013 29.5 21.9651
      vertex -48.2778 29.5 22.15
    endloop
  endfacet
  facet normal -0.997872 0 -0.0652057
    outer loop
      vertex -48.05 29.5 23
      vertex -48.0645 32.5 23.2219
      vertex -48.05 32.5 23
    endloop
  endfacet
  facet normal -0.997872 -0 -0.0652057
    outer loop
      vertex -48.0645 32.5 23.2219
      vertex -48.05 29.5 23
      vertex -48.0645 29.5 23.2219
    endloop
  endfacet
  facet normal -0.321484 0 0.946915
    outer loop
      vertex -49.31 32.5 21.3579
      vertex -49.0994 29.5 21.4294
      vertex -49.0994 32.5 21.4294
    endloop
  endfacet
  facet normal -0.321484 0 0.946915
    outer loop
      vertex -49.0994 29.5 21.4294
      vertex -49.31 32.5 21.3579
      vertex -49.31 29.5 21.3579
    endloop
  endfacet
  facet normal -0.555426 0 0.831566
    outer loop
      vertex -48.9 32.5 21.5278
      vertex -48.7151 29.5 21.6513
      vertex -48.7151 32.5 21.6513
    endloop
  endfacet
  facet normal -0.555426 0 0.831566
    outer loop
      vertex -48.7151 29.5 21.6513
      vertex -48.9 32.5 21.5278
      vertex -48.9 29.5 21.5278
    endloop
  endfacet
  facet normal 0.195165 0 0.98077
    outer loop
      vertex -50.19 32.5 21.3579
      vertex -49.9719 29.5 21.3145
      vertex -49.9719 32.5 21.3145
    endloop
  endfacet
  facet normal 0.195165 0 0.98077
    outer loop
      vertex -49.9719 29.5 21.3145
      vertex -50.19 32.5 21.3579
      vertex -50.19 29.5 21.3579
    endloop
  endfacet
  facet normal -0.659268 0 -0.751908
    outer loop
      vertex -48.7151 29.5 24.3487
      vertex -48.5479 32.5 24.2021
      vertex -48.5479 29.5 24.2021
    endloop
  endfacet
  facet normal -0.659268 0 -0.751908
    outer loop
      vertex -48.5479 32.5 24.2021
      vertex -48.7151 29.5 24.3487
      vertex -48.7151 32.5 24.3487
    endloop
  endfacet
  facet normal 0.896754 -0 0.44253
    outer loop
      vertex -51.3206 29.5 22.3494
      vertex -51.2222 32.5 22.15
      vertex -51.3206 32.5 22.3494
    endloop
  endfacet
  facet normal 0.896754 0 0.44253
    outer loop
      vertex -51.2222 32.5 22.15
      vertex -51.3206 29.5 22.3494
      vertex -51.2222 29.5 22.15
    endloop
  endfacet
  facet normal -0.98077 0 -0.195165
    outer loop
      vertex -48.0645 29.5 23.2219
      vertex -48.1079 32.5 23.44
      vertex -48.0645 32.5 23.2219
    endloop
  endfacet
  facet normal -0.98077 -0 -0.195165
    outer loop
      vertex -48.1079 32.5 23.44
      vertex -48.0645 29.5 23.2219
      vertex -48.1079 29.5 23.44
    endloop
  endfacet
  facet normal -0.195165 0 -0.98077
    outer loop
      vertex -49.5281 29.5 24.6855
      vertex -49.31 32.5 24.6421
      vertex -49.31 29.5 24.6421
    endloop
  endfacet
  facet normal -0.195165 0 -0.98077
    outer loop
      vertex -49.31 32.5 24.6421
      vertex -49.5281 29.5 24.6855
      vertex -49.5281 32.5 24.6855
    endloop
  endfacet
  facet normal 0.659268 0 -0.751908
    outer loop
      vertex -50.9521 29.5 24.2021
      vertex -50.7849 32.5 24.3487
      vertex -50.7849 29.5 24.3487
    endloop
  endfacet
  facet normal 0.659268 0 -0.751908
    outer loop
      vertex -50.7849 32.5 24.3487
      vertex -50.9521 29.5 24.2021
      vertex -50.9521 32.5 24.2021
    endloop
  endfacet
  facet normal -0.0652057 0 0.997872
    outer loop
      vertex -49.75 32.5 21.3
      vertex -49.5281 29.5 21.3145
      vertex -49.5281 32.5 21.3145
    endloop
  endfacet
  facet normal -0.0652057 0 0.997872
    outer loop
      vertex -49.5281 29.5 21.3145
      vertex -49.75 32.5 21.3
      vertex -49.75 29.5 21.3
    endloop
  endfacet
  facet normal -0.44253 0 0.896754
    outer loop
      vertex -49.0994 32.5 21.4294
      vertex -48.9 29.5 21.5278
      vertex -48.9 32.5 21.5278
    endloop
  endfacet
  facet normal -0.44253 0 0.896754
    outer loop
      vertex -48.9 29.5 21.5278
      vertex -49.0994 32.5 21.4294
      vertex -49.0994 29.5 21.4294
    endloop
  endfacet
  facet normal -0.831566 0 -0.555426
    outer loop
      vertex -48.2778 29.5 23.85
      vertex -48.4013 32.5 24.0349
      vertex -48.2778 32.5 23.85
    endloop
  endfacet
  facet normal -0.831566 -0 -0.555426
    outer loop
      vertex -48.4013 32.5 24.0349
      vertex -48.2778 29.5 23.85
      vertex -48.4013 29.5 24.0349
    endloop
  endfacet
  facet normal 0.997872 0 -0.0652057
    outer loop
      vertex -51.4355 29.5 23.2219
      vertex -51.45 32.5 23
      vertex -51.4355 32.5 23.2219
    endloop
  endfacet
  facet normal 0.997872 0 -0.0652057
    outer loop
      vertex -51.45 32.5 23
      vertex -51.4355 29.5 23.2219
      vertex -51.45 29.5 23
    endloop
  endfacet
  facet normal -0.44253 0 -0.896754
    outer loop
      vertex -49.0994 29.5 24.5706
      vertex -48.9 32.5 24.4722
      vertex -48.9 29.5 24.4722
    endloop
  endfacet
  facet normal -0.44253 0 -0.896754
    outer loop
      vertex -48.9 32.5 24.4722
      vertex -49.0994 29.5 24.5706
      vertex -49.0994 32.5 24.5706
    endloop
  endfacet
  facet normal 0.98077 -0 0.195165
    outer loop
      vertex -51.4355 29.5 22.7781
      vertex -51.3921 32.5 22.56
      vertex -51.4355 32.5 22.7781
    endloop
  endfacet
  facet normal 0.98077 0 0.195165
    outer loop
      vertex -51.3921 32.5 22.56
      vertex -51.4355 29.5 22.7781
      vertex -51.3921 29.5 22.56
    endloop
  endfacet
  facet normal 0.896754 0 -0.44253
    outer loop
      vertex -51.2222 29.5 23.85
      vertex -51.3206 32.5 23.6506
      vertex -51.2222 32.5 23.85
    endloop
  endfacet
  facet normal 0.896754 0 -0.44253
    outer loop
      vertex -51.3206 32.5 23.6506
      vertex -51.2222 29.5 23.85
      vertex -51.3206 29.5 23.6506
    endloop
  endfacet
  facet normal 0.946915 -0 0.321484
    outer loop
      vertex -51.3921 29.5 22.56
      vertex -51.3206 32.5 22.3494
      vertex -51.3921 32.5 22.56
    endloop
  endfacet
  facet normal 0.946915 0 0.321484
    outer loop
      vertex -51.3206 32.5 22.3494
      vertex -51.3921 29.5 22.56
      vertex -51.3206 29.5 22.3494
    endloop
  endfacet
  facet normal 0.555426 0 0.831566
    outer loop
      vertex -50.7849 32.5 21.6513
      vertex -50.6 29.5 21.5278
      vertex -50.6 32.5 21.5278
    endloop
  endfacet
  facet normal 0.555426 0 0.831566
    outer loop
      vertex -50.6 29.5 21.5278
      vertex -50.7849 32.5 21.6513
      vertex -50.7849 29.5 21.6513
    endloop
  endfacet
  facet normal -0.896754 0 0.44253
    outer loop
      vertex -48.2778 29.5 22.15
      vertex -48.1794 32.5 22.3494
      vertex -48.2778 32.5 22.15
    endloop
  endfacet
  facet normal -0.896754 0 0.44253
    outer loop
      vertex -48.1794 32.5 22.3494
      vertex -48.2778 29.5 22.15
      vertex -48.1794 29.5 22.3494
    endloop
  endfacet
  facet normal 0.997872 -0 0.0652057
    outer loop
      vertex -51.45 29.5 23
      vertex -51.4355 32.5 22.7781
      vertex -51.45 32.5 23
    endloop
  endfacet
  facet normal 0.997872 0 0.0652057
    outer loop
      vertex -51.4355 32.5 22.7781
      vertex -51.45 29.5 23
      vertex -51.4355 29.5 22.7781
    endloop
  endfacet
  facet normal 0.321484 0 -0.946915
    outer loop
      vertex -50.4006 29.5 24.5706
      vertex -50.19 32.5 24.6421
      vertex -50.19 29.5 24.6421
    endloop
  endfacet
  facet normal 0.321484 0 -0.946915
    outer loop
      vertex -50.19 32.5 24.6421
      vertex -50.4006 29.5 24.5706
      vertex -50.4006 32.5 24.5706
    endloop
  endfacet
  facet normal 0.44253 0 0.896754
    outer loop
      vertex -50.6 32.5 21.5278
      vertex -50.4006 29.5 21.4294
      vertex -50.4006 32.5 21.4294
    endloop
  endfacet
  facet normal 0.44253 0 0.896754
    outer loop
      vertex -50.4006 29.5 21.4294
      vertex -50.6 32.5 21.5278
      vertex -50.6 29.5 21.5278
    endloop
  endfacet
  facet normal 0.831566 -0 0.555426
    outer loop
      vertex -51.2222 29.5 22.15
      vertex -51.0987 32.5 21.9651
      vertex -51.2222 32.5 22.15
    endloop
  endfacet
  facet normal 0.831566 0 0.555426
    outer loop
      vertex -51.0987 32.5 21.9651
      vertex -51.2222 29.5 22.15
      vertex -51.0987 29.5 21.9651
    endloop
  endfacet
  facet normal 0.555426 0 -0.831566
    outer loop
      vertex -50.7849 29.5 24.3487
      vertex -50.6 32.5 24.4722
      vertex -50.6 29.5 24.4722
    endloop
  endfacet
  facet normal 0.555426 0 -0.831566
    outer loop
      vertex -50.6 32.5 24.4722
      vertex -50.7849 29.5 24.3487
      vertex -50.7849 32.5 24.3487
    endloop
  endfacet
  facet normal 0 0 -1
    outer loop
      vertex -57.5 -4.3 10.5
      vertex -2 0 10.5
      vertex -2 -4.3 10.5
    endloop
  endfacet
  facet normal -0 0 -1
    outer loop
      vertex -2 0 10.5
      vertex -57.5 -4.3 10.5
      vertex -57.5 0 10.5
    endloop
  endfacet
  facet normal 0 -1 0
    outer loop
      vertex -57.5 0 10.5
      vertex -25.25 0 8.15
      vertex -2 0 10.5
    endloop
  endfacet
  facet normal 0 -1 0
    outer loop
      vertex -57.5 0 10.5
      vertex -25.5306 0 8.13161
      vertex -25.25 0 8.15
    endloop
  endfacet
  facet normal 0 -1 0
    outer loop
      vertex -57.5 0 10.5
      vertex -25.8065 0 8.07674
      vertex -25.5306 0 8.13161
    endloop
  endfacet
  facet normal 0 -1 0
    outer loop
      vertex -57.5 0 10.5
      vertex -26.0728 0 7.98634
      vertex -25.8065 0 8.07674
    endloop
  endfacet
  facet normal 0 -1 0
    outer loop
      vertex -57.5 0 10.5
      vertex -26.325 0 7.86195
      vertex -26.0728 0 7.98634
    endloop
  endfacet
  facet normal 0 -1 0
    outer loop
      vertex -57.5 0 10.5
      vertex -26.5588 0 7.70571
      vertex -26.325 0 7.86195
    endloop
  endfacet
  facet normal 0 -1 0
    outer loop
      vertex -57.5 0 10.5
      vertex -26.7703 0 7.52028
      vertex -26.5588 0 7.70571
    endloop
  endfacet
  facet normal 0 -1 0
    outer loop
      vertex -57.5 0 10.5
      vertex -26.9557 0 7.30884
      vertex -26.7703 0 7.52028
    endloop
  endfacet
  facet normal 0 -1 0
    outer loop
      vertex -57.5 0 10.5
      vertex -27.112 0 7.075
      vertex -26.9557 0 7.30884
    endloop
  endfacet
  facet normal 0 -1 0
    outer loop
      vertex -57.5 0 10.5
      vertex -27.2363 0 6.82277
      vertex -27.112 0 7.075
    endloop
  endfacet
  facet normal 0 -1 0
    outer loop
      vertex -57.5 0 10.5
      vertex -27.3267 0 6.55646
      vertex -27.2363 0 6.82277
    endloop
  endfacet
  facet normal 0 -1 0
    outer loop
      vertex -57.5 0 10.5
      vertex -27.3816 0 6.28063
      vertex -27.3267 0 6.55646
    endloop
  endfacet
  facet normal 0 -1 0
    outer loop
      vertex -57.5 0 10.5
      vertex -27.4 0 6
      vertex -27.3816 0 6.28063
    endloop
  endfacet
  facet normal 0 -1 0
    outer loop
      vertex -57.5 0 0
      vertex -27.4 0 6
      vertex -57.5 0 10.5
    endloop
  endfacet
  facet normal 0 -1 -0
    outer loop
      vertex -27.4 0 6
      vertex -57.5 0 0
      vertex -27.3816 0 5.71937
    endloop
  endfacet
  facet normal 0 -1 -0
    outer loop
      vertex -27.3816 0 5.71937
      vertex -57.5 0 0
      vertex -27.3267 0 5.44354
    endloop
  endfacet
  facet normal 0 -1 -0
    outer loop
      vertex -27.3267 0 5.44354
      vertex -57.5 0 0
      vertex -27.2363 0 5.17723
    endloop
  endfacet
  facet normal 0 -1 -0
    outer loop
      vertex -27.2363 0 5.17723
      vertex -57.5 0 0
      vertex -27.112 0 4.925
    endloop
  endfacet
  facet normal 0 -1 -0
    outer loop
      vertex -27.112 0 4.925
      vertex -57.5 0 0
      vertex -26.9557 0 4.69116
    endloop
  endfacet
  facet normal 0 -1 -0
    outer loop
      vertex -26.9557 0 4.69116
      vertex -57.5 0 0
      vertex -26.7703 0 4.47972
    endloop
  endfacet
  facet normal 0 -1 -0
    outer loop
      vertex -26.7703 0 4.47972
      vertex -57.5 0 0
      vertex -26.5588 0 4.29429
    endloop
  endfacet
  facet normal 0 -1 -0
    outer loop
      vertex -26.5588 0 4.29429
      vertex -57.5 0 0
      vertex -26.325 0 4.13805
    endloop
  endfacet
  facet normal 0 -1 -0
    outer loop
      vertex -26.325 0 4.13805
      vertex -57.5 0 0
      vertex -26.0728 0 4.01366
    endloop
  endfacet
  facet normal 0 -1 -0
    outer loop
      vertex -25.5306 0 3.86839
      vertex -57.5 0 0
      vertex -25.25 0 3.85
    endloop
  endfacet
  facet normal 0 -1 -0
    outer loop
      vertex -25.8065 0 3.92326
      vertex -57.5 0 0
      vertex -25.5306 0 3.86839
    endloop
  endfacet
  facet normal 0 -1 -0
    outer loop
      vertex -26.0728 0 4.01366
      vertex -57.5 0 0
      vertex -25.8065 0 3.92326
    endloop
  endfacet
  facet normal 0 -1 0
    outer loop
      vertex -24.9694 0 8.13161
      vertex -2 0 10.5
      vertex -25.25 0 8.15
    endloop
  endfacet
  facet normal 0 -1 0
    outer loop
      vertex -24.6935 0 8.07674
      vertex -2 0 10.5
      vertex -24.9694 0 8.13161
    endloop
  endfacet
  facet normal 0 -1 0
    outer loop
      vertex -24.4272 0 7.98634
      vertex -2 0 10.5
      vertex -24.6935 0 8.07674
    endloop
  endfacet
  facet normal 0 -1 0
    outer loop
      vertex -24.175 0 7.86195
      vertex -2 0 10.5
      vertex -24.4272 0 7.98634
    endloop
  endfacet
  facet normal 0 -1 0
    outer loop
      vertex -23.9412 0 7.70571
      vertex -2 0 10.5
      vertex -24.175 0 7.86195
    endloop
  endfacet
  facet normal 0 -1 0
    outer loop
      vertex -23.7297 0 7.52028
      vertex -2 0 10.5
      vertex -23.9412 0 7.70571
    endloop
  endfacet
  facet normal 0 -1 0
    outer loop
      vertex -23.5443 0 7.30884
      vertex -2 0 10.5
      vertex -23.7297 0 7.52028
    endloop
  endfacet
  facet normal 0 -1 0
    outer loop
      vertex -23.388 0 7.075
      vertex -2 0 10.5
      vertex -23.5443 0 7.30884
    endloop
  endfacet
  facet normal 0 -1 0
    outer loop
      vertex -23.2637 0 6.82277
      vertex -2 0 10.5
      vertex -23.388 0 7.075
    endloop
  endfacet
  facet normal 0 -1 0
    outer loop
      vertex -23.1733 0 6.55646
      vertex -2 0 10.5
      vertex -23.2637 0 6.82277
    endloop
  endfacet
  facet normal 0 -1 0
    outer loop
      vertex -23.1184 0 6.28063
      vertex -2 0 10.5
      vertex -23.1733 0 6.55646
    endloop
  endfacet
  facet normal 0 -1 0
    outer loop
      vertex -2 0 5
      vertex -23.1184 0 6.28063
      vertex -23.1 0 6
    endloop
  endfacet
  facet normal 0 -1 0
    outer loop
      vertex -2 0 5
      vertex -23.1 0 6
      vertex -23.1184 0 5.71937
    endloop
  endfacet
  facet normal 0 -1 0
    outer loop
      vertex -2 0 5
      vertex -23.1184 0 5.71937
      vertex -23.1733 0 5.44354
    endloop
  endfacet
  facet normal 0 -1 0
    outer loop
      vertex -2 0 0
      vertex -23.1733 0 5.44354
      vertex -23.2637 0 5.17723
    endloop
  endfacet
  facet normal 0 -1 0
    outer loop
      vertex -23.1184 0 6.28063
      vertex -2 0 5
      vertex -2 0 10.5
    endloop
  endfacet
  facet normal 0 -1 0
    outer loop
      vertex -2 0 0
      vertex -23.2637 0 5.17723
      vertex -23.388 0 4.925
    endloop
  endfacet
  facet normal 0 -1 0
    outer loop
      vertex -2 0 0
      vertex -23.388 0 4.925
      vertex -23.5443 0 4.69116
    endloop
  endfacet
  facet normal 0 -1 0
    outer loop
      vertex -2 0 0
      vertex -23.5443 0 4.69116
      vertex -23.7297 0 4.47972
    endloop
  endfacet
  facet normal 0 -1 0
    outer loop
      vertex -2 0 0
      vertex -23.7297 0 4.47972
      vertex -23.9412 0 4.29429
    endloop
  endfacet
  facet normal 0 -1 0
    outer loop
      vertex -2 0 0
      vertex -23.9412 0 4.29429
      vertex -24.175 0 4.13805
    endloop
  endfacet
  facet normal 0 -1 0
    outer loop
      vertex -2 0 0
      vertex -24.175 0 4.13805
      vertex -24.4272 0 4.01366
    endloop
  endfacet
  facet normal 0 -1 0
    outer loop
      vertex -2 0 0
      vertex -24.4272 0 4.01366
      vertex -24.6935 0 3.92326
    endloop
  endfacet
  facet normal 0 -1 0
    outer loop
      vertex -2 0 0
      vertex -24.6935 0 3.92326
      vertex -24.9694 0 3.86839
    endloop
  endfacet
  facet normal 0 -1 0
    outer loop
      vertex -2 0 0
      vertex -24.9694 0 3.86839
      vertex -25.25 0 3.85
    endloop
  endfacet
  facet normal 0 -1 0
    outer loop
      vertex -2 0 0
      vertex -25.25 0 3.85
      vertex -57.5 0 0
    endloop
  endfacet
  facet normal 0 -1 0
    outer loop
      vertex -23.1733 0 5.44354
      vertex -2 0 0
      vertex -2 0 5
    endloop
  endfacet
  facet normal 0 1 0
    outer loop
      vertex -2 -4.3 10.5
      vertex -25.25 -4.3 8.15
      vertex -57.5 -4.3 10.5
    endloop
  endfacet
  facet normal 0 1 0
    outer loop
      vertex -2 -4.3 10.5
      vertex -24.9694 -4.3 8.13161
      vertex -25.25 -4.3 8.15
    endloop
  endfacet
  facet normal 0 1 0
    outer loop
      vertex -2 -4.3 10.5
      vertex -24.6935 -4.3 8.07674
      vertex -24.9694 -4.3 8.13161
    endloop
  endfacet
  facet normal 0 1 0
    outer loop
      vertex -2 -4.3 10.5
      vertex -24.4272 -4.3 7.98634
      vertex -24.6935 -4.3 8.07674
    endloop
  endfacet
  facet normal 0 1 0
    outer loop
      vertex -2 -4.3 10.5
      vertex -24.175 -4.3 7.86195
      vertex -24.4272 -4.3 7.98634
    endloop
  endfacet
  facet normal 0 1 0
    outer loop
      vertex -2 -4.3 10.5
      vertex -23.9412 -4.3 7.70571
      vertex -24.175 -4.3 7.86195
    endloop
  endfacet
  facet normal 0 1 0
    outer loop
      vertex -2 -4.3 10.5
      vertex -23.7297 -4.3 7.52028
      vertex -23.9412 -4.3 7.70571
    endloop
  endfacet
  facet normal 0 1 0
    outer loop
      vertex -2 -4.3 10.5
      vertex -23.5443 -4.3 7.30884
      vertex -23.7297 -4.3 7.52028
    endloop
  endfacet
  facet normal 0 1 0
    outer loop
      vertex -2 -4.3 10.5
      vertex -23.388 -4.3 7.075
      vertex -23.5443 -4.3 7.30884
    endloop
  endfacet
  facet normal 0 1 0
    outer loop
      vertex -2 -4.3 10.5
      vertex -23.2637 -4.3 6.82277
      vertex -23.388 -4.3 7.075
    endloop
  endfacet
  facet normal 0 1 0
    outer loop
      vertex -2 -4.3 10.5
      vertex -23.1733 -4.3 6.55646
      vertex -23.2637 -4.3 6.82277
    endloop
  endfacet
  facet normal 0 1 0
    outer loop
      vertex -2 -4.3 10.5
      vertex -23.1184 -4.3 6.28063
      vertex -23.1733 -4.3 6.55646
    endloop
  endfacet
  facet normal 0 1 -0
    outer loop
      vertex -2 -4.3 5
      vertex -23.1184 -4.3 6.28063
      vertex -2 -4.3 10.5
    endloop
  endfacet
  facet normal 0 1 0
    outer loop
      vertex -23.1184 -4.3 6.28063
      vertex -2 -4.3 5
      vertex -23.1 -4.3 6
    endloop
  endfacet
  facet normal 0 1 0
    outer loop
      vertex -23.1 -4.3 6
      vertex -2 -4.3 5
      vertex -23.1184 -4.3 5.71937
    endloop
  endfacet
  facet normal 0 1 0
    outer loop
      vertex -23.1184 -4.3 5.71937
      vertex -2 -4.3 5
      vertex -23.1733 -4.3 5.44354
    endloop
  endfacet
  facet normal 0 1 -0
    outer loop
      vertex -2 -4.3 0
      vertex -23.1733 -4.3 5.44354
      vertex -2 -4.3 5
    endloop
  endfacet
  facet normal 0 1 0
    outer loop
      vertex -23.1733 -4.3 5.44354
      vertex -2 -4.3 0
      vertex -23.2637 -4.3 5.17723
    endloop
  endfacet
  facet normal 0 1 0
    outer loop
      vertex -23.2637 -4.3 5.17723
      vertex -2 -4.3 0
      vertex -23.388 -4.3 4.925
    endloop
  endfacet
  facet normal 0 1 0
    outer loop
      vertex -23.388 -4.3 4.925
      vertex -2 -4.3 0
      vertex -23.5443 -4.3 4.69116
    endloop
  endfacet
  facet normal 0 1 0
    outer loop
      vertex -23.5443 -4.3 4.69116
      vertex -2 -4.3 0
      vertex -23.7297 -4.3 4.47972
    endloop
  endfacet
  facet normal 0 1 0
    outer loop
      vertex -23.7297 -4.3 4.47972
      vertex -2 -4.3 0
      vertex -23.9412 -4.3 4.29429
    endloop
  endfacet
  facet normal 0 1 0
    outer loop
      vertex -23.9412 -4.3 4.29429
      vertex -2 -4.3 0
      vertex -24.175 -4.3 4.13805
    endloop
  endfacet
  facet normal 0 1 0
    outer loop
      vertex -24.175 -4.3 4.13805
      vertex -2 -4.3 0
      vertex -24.4272 -4.3 4.01366
    endloop
  endfacet
  facet normal 0 1 0
    outer loop
      vertex -24.4272 -4.3 4.01366
      vertex -2 -4.3 0
      vertex -24.6935 -4.3 3.92326
    endloop
  endfacet
  facet normal 0 1 0
    outer loop
      vertex -24.6935 -4.3 3.92326
      vertex -2 -4.3 0
      vertex -24.9694 -4.3 3.86839
    endloop
  endfacet
  facet normal 0 1 0
    outer loop
      vertex -24.9694 -4.3 3.86839
      vertex -2 -4.3 0
      vertex -25.25 -4.3 3.85
    endloop
  endfacet
  facet normal 0 1 -0
    outer loop
      vertex -25.5306 -4.3 8.13161
      vertex -57.5 -4.3 10.5
      vertex -25.25 -4.3 8.15
    endloop
  endfacet
  facet normal 0 1 -0
    outer loop
      vertex -25.8065 -4.3 8.07674
      vertex -57.5 -4.3 10.5
      vertex -25.5306 -4.3 8.13161
    endloop
  endfacet
  facet normal 0 1 -0
    outer loop
      vertex -26.0728 -4.3 7.98634
      vertex -57.5 -4.3 10.5
      vertex -25.8065 -4.3 8.07674
    endloop
  endfacet
  facet normal 0 1 -0
    outer loop
      vertex -26.325 -4.3 7.86195
      vertex -57.5 -4.3 10.5
      vertex -26.0728 -4.3 7.98634
    endloop
  endfacet
  facet normal 0 1 -0
    outer loop
      vertex -26.5588 -4.3 7.70571
      vertex -57.5 -4.3 10.5
      vertex -26.325 -4.3 7.86195
    endloop
  endfacet
  facet normal 0 1 -0
    outer loop
      vertex -26.7703 -4.3 7.52028
      vertex -57.5 -4.3 10.5
      vertex -26.5588 -4.3 7.70571
    endloop
  endfacet
  facet normal 0 1 -0
    outer loop
      vertex -26.9557 -4.3 7.30884
      vertex -57.5 -4.3 10.5
      vertex -26.7703 -4.3 7.52028
    endloop
  endfacet
  facet normal 0 1 -0
    outer loop
      vertex -27.112 -4.3 7.075
      vertex -57.5 -4.3 10.5
      vertex -26.9557 -4.3 7.30884
    endloop
  endfacet
  facet normal 0 1 -0
    outer loop
      vertex -27.2363 -4.3 6.82277
      vertex -57.5 -4.3 10.5
      vertex -27.112 -4.3 7.075
    endloop
  endfacet
  facet normal 0 1 -0
    outer loop
      vertex -27.3267 -4.3 6.55646
      vertex -57.5 -4.3 10.5
      vertex -27.2363 -4.3 6.82277
    endloop
  endfacet
  facet normal 0 1 -0
    outer loop
      vertex -27.3816 -4.3 6.28063
      vertex -57.5 -4.3 10.5
      vertex -27.3267 -4.3 6.55646
    endloop
  endfacet
  facet normal 0 1 -0
    outer loop
      vertex -27.4 -4.3 6
      vertex -57.5 -4.3 10.5
      vertex -27.3816 -4.3 6.28063
    endloop
  endfacet
  facet normal 0 1 0
    outer loop
      vertex -57.5 -4.3 0
      vertex -27.4 -4.3 6
      vertex -27.3816 -4.3 5.71937
    endloop
  endfacet
  facet normal 0 1 0
    outer loop
      vertex -57.5 -4.3 0
      vertex -27.3816 -4.3 5.71937
      vertex -27.3267 -4.3 5.44354
    endloop
  endfacet
  facet normal 0 1 0
    outer loop
      vertex -57.5 -4.3 0
      vertex -27.3267 -4.3 5.44354
      vertex -27.2363 -4.3 5.17723
    endloop
  endfacet
  facet normal 0 1 0
    outer loop
      vertex -57.5 -4.3 0
      vertex -27.2363 -4.3 5.17723
      vertex -27.112 -4.3 4.925
    endloop
  endfacet
  facet normal 0 1 0
    outer loop
      vertex -57.5 -4.3 0
      vertex -27.112 -4.3 4.925
      vertex -26.9557 -4.3 4.69116
    endloop
  endfacet
  facet normal 0 1 0
    outer loop
      vertex -57.5 -4.3 0
      vertex -26.9557 -4.3 4.69116
      vertex -26.7703 -4.3 4.47972
    endloop
  endfacet
  facet normal 0 1 0
    outer loop
      vertex -57.5 -4.3 0
      vertex -26.7703 -4.3 4.47972
      vertex -26.5588 -4.3 4.29429
    endloop
  endfacet
  facet normal 0 1 0
    outer loop
      vertex -57.5 -4.3 0
      vertex -26.5588 -4.3 4.29429
      vertex -26.325 -4.3 4.13805
    endloop
  endfacet
  facet normal 0 1 0
    outer loop
      vertex -57.5 -4.3 0
      vertex -26.325 -4.3 4.13805
      vertex -26.0728 -4.3 4.01366
    endloop
  endfacet
  facet normal 0 1 0
    outer loop
      vertex -57.5 -4.3 0
      vertex -26.0728 -4.3 4.01366
      vertex -25.8065 -4.3 3.92326
    endloop
  endfacet
  facet normal 0 1 0
    outer loop
      vertex -57.5 -4.3 0
      vertex -25.25 -4.3 3.85
      vertex -2 -4.3 0
    endloop
  endfacet
  facet normal 0 1 0
    outer loop
      vertex -27.4 -4.3 6
      vertex -57.5 -4.3 0
      vertex -57.5 -4.3 10.5
    endloop
  endfacet
  facet normal 0 1 0
    outer loop
      vertex -25.5306 -4.3 3.86839
      vertex -57.5 -4.3 0
      vertex -25.8065 -4.3 3.92326
    endloop
  endfacet
  facet normal 0 1 0
    outer loop
      vertex -25.25 -4.3 3.85
      vertex -57.5 -4.3 0
      vertex -25.5306 -4.3 3.86839
    endloop
  endfacet
  facet normal 0 0 -1
    outer loop
      vertex -2 10.5 5
      vertex 0 16.5 5
      vertex 0 10.5 5
    endloop
  endfacet
  facet normal -0 0 -1
    outer loop
      vertex 0 16.5 5
      vertex -2 10.5 5
      vertex -2 16.5 5
    endloop
  endfacet
  facet normal 0 0 -1
    outer loop
      vertex -2 29.5 5
      vertex 7.25 32.5 5
      vertex 7.25 29.5 5
    endloop
  endfacet
  facet normal -0 0 -1
    outer loop
      vertex 7.25 32.5 5
      vertex -2 29.5 5
      vertex -2 32.5 5
    endloop
  endfacet
endsolid OpenSCAD_Model
