solid OpenSCAD_Model
  facet normal 0.0653783 -0.997861 0
    outer loop
      vertex -15 -30.5 0
      vertex -13.3684 -30.3931 4
      vertex -15 -30.5 4
    endloop
  endfacet
  facet normal 0.0653783 -0.997861 0
    outer loop
      vertex -13.3684 -30.3931 4
      vertex -15 -30.5 0
      vertex -13.3684 -30.3931 0
    endloop
  endfacet
  facet normal 0.195099 0.980784 -0
    outer loop
      vertex -11.7648 -5.92593 0
      vertex -13.3684 -5.60694 4
      vertex -11.7648 -5.92593 4
    endloop
  endfacet
  facet normal 0.195099 0.980784 0
    outer loop
      vertex -13.3684 -5.60694 4
      vertex -11.7648 -5.92593 0
      vertex -13.3684 -5.60694 0
    endloop
  endfacet
  facet normal -0.946926 0.321452 0
    outer loop
      vertex -27.0741 -14.7648 0
      vertex -26.5485 -13.2165 4
      vertex -26.5485 -13.2165 0
    endloop
  endfacet
  facet normal -0.946926 0.321452 0
    outer loop
      vertex -26.5485 -13.2165 4
      vertex -27.0741 -14.7648 0
      vertex -27.0741 -14.7648 4
    endloop
  endfacet
  facet normal -0.555575 0.831466 0
    outer loop
      vertex -21.25 -7.17468 0
      vertex -22.6095 -8.08308 4
      vertex -21.25 -7.17468 4
    endloop
  endfacet
  facet normal -0.555575 0.831466 0
    outer loop
      vertex -22.6095 -8.08308 4
      vertex -21.25 -7.17468 0
      vertex -22.6095 -8.08308 0
    endloop
  endfacet
  facet normal 0.659344 0.751841 -0
    outer loop
      vertex -6.16116 -9.16116 0
      vertex -7.39048 -8.08308 4
      vertex -6.16116 -9.16116 4
    endloop
  endfacet
  facet normal 0.659344 0.751841 0
    outer loop
      vertex -7.39048 -8.08308 4
      vertex -6.16116 -9.16116 0
      vertex -7.39048 -8.08308 0
    endloop
  endfacet
  facet normal -0.75183 -0.659357 0
    outer loop
      vertex -23.8388 -26.8388 0
      vertex -24.9169 -25.6095 4
      vertex -24.9169 -25.6095 0
    endloop
  endfacet
  facet normal -0.75183 -0.659357 0
    outer loop
      vertex -24.9169 -25.6095 4
      vertex -23.8388 -26.8388 0
      vertex -23.8388 -26.8388 4
    endloop
  endfacet
  facet normal 0.896947 0.442138 0
    outer loop
      vertex -4.17468 -11.75 4
      vertex -4.12583 -11.8491 2.65
      vertex -4.17468 -11.75 2.55094
    endloop
  endfacet
  facet normal 0.896819 0.442398 -2.36992e-05
    outer loop
      vertex -4.17468 -11.75 4
      vertex -4.03136 -12.0406 2.79139
      vertex -4.12583 -11.8491 2.65
    endloop
  endfacet
  facet normal 0.8969 0.442233 2.55739e-05
    outer loop
      vertex -4.17468 -11.75 4
      vertex -3.91924 -12.268 2.91924
      vertex -4.03136 -12.0406 2.79139
    endloop
  endfacet
  facet normal 0.896843 0.442348 -4.30959e-05
    outer loop
      vertex -4.17468 -11.75 4
      vertex -3.79139 -12.5272 3.03136
      vertex -3.91924 -12.268 2.91924
    endloop
  endfacet
  facet normal 0.896873 0.442288 1.71138e-05
    outer loop
      vertex -3.55825 -13 4
      vertex -3.79139 -12.5272 3.03136
      vertex -4.17468 -11.75 4
    endloop
  endfacet
  facet normal 0.896935 0.442162 -5.90928e-05
    outer loop
      vertex -3.79139 -12.5272 3.03136
      vertex -3.55825 -13 4
      vertex -3.65 -12.814 3.12583
    endloop
  endfacet
  facet normal 0.896825 0.442385 0
    outer loop
      vertex -3.65 -12.814 3.12583
      vertex -3.55825 -13 4
      vertex -3.55825 -13 3.17108
    endloop
  endfacet
  facet normal 0.896947 0.442138 0
    outer loop
      vertex -4.12583 -11.8491 1.35
      vertex -4.17468 -11.75 0
      vertex -4.17468 -11.75 1.44906
    endloop
  endfacet
  facet normal 0.896819 0.442398 2.36992e-05
    outer loop
      vertex -4.03136 -12.0406 1.20861
      vertex -4.17468 -11.75 0
      vertex -4.12583 -11.8491 1.35
    endloop
  endfacet
  facet normal 0.8969 0.442233 -2.55739e-05
    outer loop
      vertex -3.91924 -12.268 1.08076
      vertex -4.17468 -11.75 0
      vertex -4.03136 -12.0406 1.20861
    endloop
  endfacet
  facet normal 0.896843 0.442348 4.30959e-05
    outer loop
      vertex -3.79139 -12.5272 0.96864
      vertex -4.17468 -11.75 0
      vertex -3.91924 -12.268 1.08076
    endloop
  endfacet
  facet normal 0.896935 0.442162 5.90933e-05
    outer loop
      vertex -3.55825 -13 0
      vertex -3.79139 -12.5272 0.96864
      vertex -3.65 -12.814 0.874166
    endloop
  endfacet
  facet normal 0.896825 0.442385 -0
    outer loop
      vertex -3.55825 -13 0
      vertex -3.65 -12.814 0.874166
      vertex -3.55825 -13 0.828921
    endloop
  endfacet
  facet normal 0.896873 0.442288 -1.71138e-05
    outer loop
      vertex -3.79139 -12.5272 0.96864
      vertex -3.55825 -13 0
      vertex -4.17468 -11.75 0
    endloop
  endfacet
  facet normal -0.0653783 -0.997861 0
    outer loop
      vertex -16.6316 -30.3931 0
      vertex -15 -30.5 4
      vertex -16.6316 -30.3931 4
    endloop
  endfacet
  facet normal -0.0653783 -0.997861 -0
    outer loop
      vertex -15 -30.5 4
      vertex -16.6316 -30.3931 0
      vertex -15 -30.5 0
    endloop
  endfacet
  facet normal -0.831466 0.555575 0
    outer loop
      vertex -25.8253 -11.75 0
      vertex -24.9169 -10.3905 4
      vertex -24.9169 -10.3905 0
    endloop
  endfacet
  facet normal -0.831466 0.555575 0
    outer loop
      vertex -24.9169 -10.3905 4
      vertex -25.8253 -11.75 0
      vertex -25.8253 -11.75 4
    endloop
  endfacet
  facet normal 0.195105 -0.980782 0
    outer loop
      vertex -13.3684 -30.3931 0
      vertex -11.7648 -30.0741 4
      vertex -13.3684 -30.3931 4
    endloop
  endfacet
  facet normal 0.195105 -0.980782 0
    outer loop
      vertex -11.7648 -30.0741 4
      vertex -13.3684 -30.3931 0
      vertex -11.7648 -30.0741 0
    endloop
  endfacet
  facet normal 0.896825 -0.442385 0
    outer loop
      vertex -3.55825 -23 4
      vertex -3.65 -23.186 3.12583
      vertex -3.55825 -23 3.17108
    endloop
  endfacet
  facet normal 0.896935 -0.442162 -5.90928e-05
    outer loop
      vertex -3.55825 -23 4
      vertex -3.79139 -23.4728 3.03136
      vertex -3.65 -23.186 3.12583
    endloop
  endfacet
  facet normal 0.896873 -0.442288 1.71138e-05
    outer loop
      vertex -4.17468 -24.25 4
      vertex -3.79139 -23.4728 3.03136
      vertex -3.55825 -23 4
    endloop
  endfacet
  facet normal 0.896843 -0.442348 -4.30959e-05
    outer loop
      vertex -3.79139 -23.4728 3.03136
      vertex -4.17468 -24.25 4
      vertex -3.91924 -23.732 2.91924
    endloop
  endfacet
  facet normal 0.8969 -0.442233 2.55739e-05
    outer loop
      vertex -3.91924 -23.732 2.91924
      vertex -4.17468 -24.25 4
      vertex -4.03136 -23.9594 2.79139
    endloop
  endfacet
  facet normal 0.896819 -0.442398 -2.36992e-05
    outer loop
      vertex -4.03136 -23.9594 2.79139
      vertex -4.17468 -24.25 4
      vertex -4.12583 -24.1509 2.65
    endloop
  endfacet
  facet normal 0.896947 -0.442138 0
    outer loop
      vertex -4.12583 -24.1509 2.65
      vertex -4.17468 -24.25 4
      vertex -4.17468 -24.25 2.55094
    endloop
  endfacet
  facet normal 0.896825 -0.442385 0
    outer loop
      vertex -3.65 -23.186 0.874166
      vertex -3.55825 -23 0
      vertex -3.55825 -23 0.828921
    endloop
  endfacet
  facet normal 0.896935 -0.442162 5.90933e-05
    outer loop
      vertex -3.79139 -23.4728 0.96864
      vertex -3.55825 -23 0
      vertex -3.65 -23.186 0.874166
    endloop
  endfacet
  facet normal 0.896843 -0.442348 4.30959e-05
    outer loop
      vertex -4.17468 -24.25 0
      vertex -3.79139 -23.4728 0.96864
      vertex -3.91924 -23.732 1.08076
    endloop
  endfacet
  facet normal 0.8969 -0.442233 -2.55739e-05
    outer loop
      vertex -4.17468 -24.25 0
      vertex -3.91924 -23.732 1.08076
      vertex -4.03136 -23.9594 1.20861
    endloop
  endfacet
  facet normal 0.896819 -0.442398 2.36992e-05
    outer loop
      vertex -4.17468 -24.25 0
      vertex -4.03136 -23.9594 1.20861
      vertex -4.12583 -24.1509 1.35
    endloop
  endfacet
  facet normal 0.896947 -0.442138 0
    outer loop
      vertex -4.17468 -24.25 0
      vertex -4.12583 -24.1509 1.35
      vertex -4.17468 -24.25 1.44906
    endloop
  endfacet
  facet normal 0.896873 -0.442288 -1.71138e-05
    outer loop
      vertex -3.79139 -23.4728 0.96864
      vertex -4.17468 -24.25 0
      vertex -3.55825 -23 0
    endloop
  endfacet
  facet normal -0.896872 0.44229 0
    outer loop
      vertex -26.5485 -13.2165 0
      vertex -25.8253 -11.75 4
      vertex -25.8253 -11.75 0
    endloop
  endfacet
  facet normal -0.896872 0.44229 0
    outer loop
      vertex -25.8253 -11.75 4
      vertex -26.5485 -13.2165 0
      vertex -26.5485 -13.2165 4
    endloop
  endfacet
  facet normal 0.44229 -0.896872 0
    outer loop
      vertex -10.2165 -29.5485 0
      vertex -8.75 -28.8253 4
      vertex -10.2165 -29.5485 4
    endloop
  endfacet
  facet normal 0.44229 -0.896872 0
    outer loop
      vertex -8.75 -28.8253 4
      vertex -10.2165 -29.5485 0
      vertex -8.75 -28.8253 0
    endloop
  endfacet
  facet normal -0.659357 -0.75183 0
    outer loop
      vertex -23.8388 -26.8388 0
      vertex -22.6095 -27.9169 4
      vertex -23.8388 -26.8388 4
    endloop
  endfacet
  facet normal -0.659357 -0.75183 -0
    outer loop
      vertex -22.6095 -27.9169 4
      vertex -23.8388 -26.8388 0
      vertex -22.6095 -27.9169 0
    endloop
  endfacet
  facet normal -0.75184 0.659345 0
    outer loop
      vertex -24.9169 -10.3905 0
      vertex -23.8388 -9.16116 4
      vertex -23.8388 -9.16116 0
    endloop
  endfacet
  facet normal -0.75184 0.659345 0
    outer loop
      vertex -23.8388 -9.16116 4
      vertex -24.9169 -10.3905 0
      vertex -24.9169 -10.3905 4
    endloop
  endfacet
  facet normal -0.65935 0.751836 0
    outer loop
      vertex -22.6095 -8.08308 0
      vertex -23.8388 -9.16116 4
      vertex -22.6095 -8.08308 4
    endloop
  endfacet
  facet normal -0.65935 0.751836 0
    outer loop
      vertex -23.8388 -9.16116 4
      vertex -22.6095 -8.08308 0
      vertex -23.8388 -9.16116 0
    endloop
  endfacet
  facet normal -0.442275 0.896879 0
    outer loop
      vertex -19.7835 -6.45151 0
      vertex -21.25 -7.17468 4
      vertex -19.7835 -6.45151 4
    endloop
  endfacet
  facet normal -0.442275 0.896879 0
    outer loop
      vertex -21.25 -7.17468 4
      vertex -19.7835 -6.45151 0
      vertex -21.25 -7.17468 0
    endloop
  endfacet
  facet normal -0.195099 0.980784 0
    outer loop
      vertex -16.6316 -5.60694 0
      vertex -18.2352 -5.92593 4
      vertex -16.6316 -5.60694 4
    endloop
  endfacet
  facet normal -0.195099 0.980784 0
    outer loop
      vertex -18.2352 -5.92593 4
      vertex -16.6316 -5.60694 0
      vertex -18.2352 -5.92593 0
    endloop
  endfacet
  facet normal -0.997861 -0.0653783 0
    outer loop
      vertex -27.3931 -19.6316 0
      vertex -27.5 -18 4
      vertex -27.5 -18 0
    endloop
  endfacet
  facet normal -0.997861 -0.0653783 0
    outer loop
      vertex -27.5 -18 4
      vertex -27.3931 -19.6316 0
      vertex -27.3931 -19.6316 4
    endloop
  endfacet
  facet normal 0.555569 0.83147 -0
    outer loop
      vertex -7.39048 -8.08308 0
      vertex -8.75 -7.17468 4
      vertex -7.39048 -8.08308 4
    endloop
  endfacet
  facet normal 0.555569 0.83147 0
    outer loop
      vertex -8.75 -7.17468 4
      vertex -7.39048 -8.08308 0
      vertex -8.75 -7.17468 0
    endloop
  endfacet
  facet normal -0.997861 0.0653783 0
    outer loop
      vertex -27.5 -18 0
      vertex -27.3931 -16.3684 4
      vertex -27.3931 -16.3684 0
    endloop
  endfacet
  facet normal -0.997861 0.0653783 0
    outer loop
      vertex -27.3931 -16.3684 4
      vertex -27.5 -18 0
      vertex -27.5 -18 4
    endloop
  endfacet
  facet normal -0.44229 -0.896872 0
    outer loop
      vertex -21.25 -28.8253 0
      vertex -19.7835 -29.5485 4
      vertex -21.25 -28.8253 4
    endloop
  endfacet
  facet normal -0.44229 -0.896872 -0
    outer loop
      vertex -19.7835 -29.5485 4
      vertex -21.25 -28.8253 0
      vertex -19.7835 -29.5485 0
    endloop
  endfacet
  facet normal -0.980782 -0.195105 0
    outer loop
      vertex -27.0741 -21.2352 0
      vertex -27.3931 -19.6316 4
      vertex -27.3931 -19.6316 0
    endloop
  endfacet
  facet normal -0.980782 -0.195105 0
    outer loop
      vertex -27.3931 -19.6316 4
      vertex -27.0741 -21.2352 0
      vertex -27.0741 -21.2352 4
    endloop
  endfacet
  facet normal -0.321452 -0.946926 0
    outer loop
      vertex -19.7835 -29.5485 0
      vertex -18.2352 -30.0741 4
      vertex -19.7835 -29.5485 4
    endloop
  endfacet
  facet normal -0.321452 -0.946926 -0
    outer loop
      vertex -18.2352 -30.0741 4
      vertex -19.7835 -29.5485 0
      vertex -18.2352 -30.0741 0
    endloop
  endfacet
  facet normal -0.195105 -0.980782 0
    outer loop
      vertex -18.2352 -30.0741 0
      vertex -16.6316 -30.3931 4
      vertex -18.2352 -30.0741 4
    endloop
  endfacet
  facet normal -0.195105 -0.980782 -0
    outer loop
      vertex -16.6316 -30.3931 4
      vertex -18.2352 -30.0741 0
      vertex -16.6316 -30.3931 0
    endloop
  endfacet
  facet normal 0 0 1
    outer loop
      vertex 41 -13 4
      vertex 49 -2 4
      vertex 41 -2 4
    endloop
  endfacet
  facet normal 0 0 1
    outer loop
      vertex 49 -2 4
      vertex 41 -13 4
      vertex 49 -23 4
    endloop
  endfacet
  facet normal 0 0 1
    outer loop
      vertex -3.55825 -23 4
      vertex 41 -13 4
      vertex -3.55825 -13 4
    endloop
  endfacet
  facet normal 0 0 1
    outer loop
      vertex 41 -13 4
      vertex -3.55825 -23 4
      vertex 49 -23 4
    endloop
  endfacet
  facet normal -0 0 1
    outer loop
      vertex -5.73353 -12.65 4
      vertex -3.55825 -13 4
      vertex -4.17468 -11.75 4
    endloop
  endfacet
  facet normal 0 0 1
    outer loop
      vertex -3.55825 -13 4
      vertex -4.3 -18 4
      vertex -3.55825 -23 4
    endloop
  endfacet
  facet normal -0 0 1
    outer loop
      vertex -4.39154 -19.3966 4
      vertex -3.55825 -23 4
      vertex -4.3 -18 4
    endloop
  endfacet
  facet normal 0 0 1
    outer loop
      vertex -3.55825 -13 4
      vertex -4.39154 -16.6034 4
      vertex -4.3 -18 4
    endloop
  endfacet
  facet normal 0 0 1
    outer loop
      vertex -3.55825 -13 4
      vertex -4.66459 -15.2306 4
      vertex -4.39154 -16.6034 4
    endloop
  endfacet
  facet normal 0 0 1
    outer loop
      vertex -5.73353 -12.65 4
      vertex -4.17468 -11.75 4
      vertex -5.08308 -10.3905 4
    endloop
  endfacet
  facet normal 0 0 1
    outer loop
      vertex -3.55825 -13 4
      vertex -5.11449 -13.9053 4
      vertex -4.66459 -15.2306 4
    endloop
  endfacet
  facet normal 0 0 1
    outer loop
      vertex -3.55825 -13 4
      vertex -5.73353 -12.65 4
      vertex -5.11449 -13.9053 4
    endloop
  endfacet
  facet normal 0 0 1
    outer loop
      vertex -6.51112 -11.4863 4
      vertex -5.08308 -10.3905 4
      vertex -6.16116 -9.16116 4
    endloop
  endfacet
  facet normal 0 0 1
    outer loop
      vertex -5.08308 -10.3905 4
      vertex -6.51112 -11.4863 4
      vertex -5.73353 -12.65 4
    endloop
  endfacet
  facet normal 0 0 1
    outer loop
      vertex -7.43396 -10.434 4
      vertex -6.16116 -9.16116 4
      vertex -7.39048 -8.08308 4
    endloop
  endfacet
  facet normal 0 0 1
    outer loop
      vertex -6.16116 -9.16116 4
      vertex -7.43396 -10.434 4
      vertex -6.51112 -11.4863 4
    endloop
  endfacet
  facet normal 0 0 1
    outer loop
      vertex -7.39048 -8.08308 4
      vertex -8.48625 -9.51112 4
      vertex -7.43396 -10.434 4
    endloop
  endfacet
  facet normal 0 0 1
    outer loop
      vertex -8.75 -7.17468 4
      vertex -8.48625 -9.51112 4
      vertex -7.39048 -8.08308 4
    endloop
  endfacet
  facet normal 0 0 1
    outer loop
      vertex -8.75 -7.17468 4
      vertex -9.65 -8.73353 4
      vertex -8.48625 -9.51112 4
    endloop
  endfacet
  facet normal 0 0 1
    outer loop
      vertex -10.2165 -6.45151 4
      vertex -9.65 -8.73353 4
      vertex -8.75 -7.17468 4
    endloop
  endfacet
  facet normal 0 0 1
    outer loop
      vertex -10.2165 -6.45151 4
      vertex -10.9053 -8.11449 4
      vertex -9.65 -8.73353 4
    endloop
  endfacet
  facet normal 0 0 1
    outer loop
      vertex -11.7648 -5.92593 4
      vertex -10.9053 -8.11449 4
      vertex -10.2165 -6.45151 4
    endloop
  endfacet
  facet normal 0 0 1
    outer loop
      vertex -11.7648 -5.92593 4
      vertex -12.2306 -7.66459 4
      vertex -10.9053 -8.11449 4
    endloop
  endfacet
  facet normal 0 0 1
    outer loop
      vertex -13.3684 -5.60694 4
      vertex -12.2306 -7.66459 4
      vertex -11.7648 -5.92593 4
    endloop
  endfacet
  facet normal 0 0 1
    outer loop
      vertex -13.3684 -5.60694 4
      vertex -13.6034 -7.39154 4
      vertex -12.2306 -7.66459 4
    endloop
  endfacet
  facet normal 0 0 1
    outer loop
      vertex -15 -5.5 4
      vertex -13.6034 -7.39154 4
      vertex -13.3684 -5.60694 4
    endloop
  endfacet
  facet normal 0 0 1
    outer loop
      vertex -15 -5.5 4
      vertex -15 -7.3 4
      vertex -13.6034 -7.39154 4
    endloop
  endfacet
  facet normal 0 0 1
    outer loop
      vertex -15 -5.5 4
      vertex -16.3966 -7.39154 4
      vertex -15 -7.3 4
    endloop
  endfacet
  facet normal -0 0 1
    outer loop
      vertex -16.6316 -5.60694 4
      vertex -16.3966 -7.39154 4
      vertex -15 -5.5 4
    endloop
  endfacet
  facet normal 0 0 1
    outer loop
      vertex -16.6316 -5.60694 4
      vertex -17.7694 -7.66459 4
      vertex -16.3966 -7.39154 4
    endloop
  endfacet
  facet normal -0 0 1
    outer loop
      vertex -18.2352 -5.92593 4
      vertex -17.7694 -7.66459 4
      vertex -16.6316 -5.60694 4
    endloop
  endfacet
  facet normal 0 0 1
    outer loop
      vertex -18.2352 -5.92593 4
      vertex -19.0947 -8.11449 4
      vertex -17.7694 -7.66459 4
    endloop
  endfacet
  facet normal -0 0 1
    outer loop
      vertex -19.7835 -6.45151 4
      vertex -19.0947 -8.11449 4
      vertex -18.2352 -5.92593 4
    endloop
  endfacet
  facet normal 0 0 1
    outer loop
      vertex -19.7835 -6.45151 4
      vertex -20.35 -8.73353 4
      vertex -19.0947 -8.11449 4
    endloop
  endfacet
  facet normal -0 0 1
    outer loop
      vertex -21.25 -7.17468 4
      vertex -20.35 -8.73353 4
      vertex -19.7835 -6.45151 4
    endloop
  endfacet
  facet normal 0 0 1
    outer loop
      vertex -21.25 -7.17468 4
      vertex -21.5137 -9.51112 4
      vertex -20.35 -8.73353 4
    endloop
  endfacet
  facet normal -0 0 1
    outer loop
      vertex -22.6095 -8.08308 4
      vertex -21.5137 -9.51112 4
      vertex -21.25 -7.17468 4
    endloop
  endfacet
  facet normal 0 0 1
    outer loop
      vertex -21.5137 -9.51112 4
      vertex -22.6095 -8.08308 4
      vertex -22.566 -10.434 4
    endloop
  endfacet
  facet normal -0 0 1
    outer loop
      vertex -23.8388 -9.16116 4
      vertex -22.566 -10.434 4
      vertex -22.6095 -8.08308 4
    endloop
  endfacet
  facet normal 0 0 1
    outer loop
      vertex -22.566 -10.434 4
      vertex -23.8388 -9.16116 4
      vertex -23.4889 -11.4863 4
    endloop
  endfacet
  facet normal -0 0 1
    outer loop
      vertex -24.9169 -10.3905 4
      vertex -23.4889 -11.4863 4
      vertex -23.8388 -9.16116 4
    endloop
  endfacet
  facet normal 0 0 1
    outer loop
      vertex -23.4889 -11.4863 4
      vertex -24.9169 -10.3905 4
      vertex -24.2665 -12.65 4
    endloop
  endfacet
  facet normal -0 0 1
    outer loop
      vertex -25.8253 -11.75 4
      vertex -24.2665 -12.65 4
      vertex -24.9169 -10.3905 4
    endloop
  endfacet
  facet normal 0 0 1
    outer loop
      vertex -24.2665 -12.65 4
      vertex -25.8253 -11.75 4
      vertex -24.8855 -13.9053 4
    endloop
  endfacet
  facet normal -0 0 1
    outer loop
      vertex -26.5485 -13.2165 4
      vertex -24.8855 -13.9053 4
      vertex -25.8253 -11.75 4
    endloop
  endfacet
  facet normal -0 0 1
    outer loop
      vertex -27.0741 -14.7648 4
      vertex -25.3354 -15.2306 4
      vertex -26.5485 -13.2165 4
    endloop
  endfacet
  facet normal 0 0 1
    outer loop
      vertex -24.8855 -13.9053 4
      vertex -26.5485 -13.2165 4
      vertex -25.3354 -15.2306 4
    endloop
  endfacet
  facet normal -0 0 1
    outer loop
      vertex -4.66459 -20.7694 4
      vertex -3.55825 -23 4
      vertex -4.39154 -19.3966 4
    endloop
  endfacet
  facet normal -0 0 1
    outer loop
      vertex -5.11449 -22.0947 4
      vertex -3.55825 -23 4
      vertex -4.66459 -20.7694 4
    endloop
  endfacet
  facet normal 0 0 1
    outer loop
      vertex -5.73353 -23.35 4
      vertex -3.55825 -23 4
      vertex -5.11449 -22.0947 4
    endloop
  endfacet
  facet normal 0 0 1
    outer loop
      vertex -3.55825 -23 4
      vertex -5.73353 -23.35 4
      vertex -4.17468 -24.25 4
    endloop
  endfacet
  facet normal 0 0 1
    outer loop
      vertex -4.17468 -24.25 4
      vertex -5.73353 -23.35 4
      vertex -5.08308 -25.6095 4
    endloop
  endfacet
  facet normal -0 0 1
    outer loop
      vertex -6.51112 -24.5137 4
      vertex -5.08308 -25.6095 4
      vertex -5.73353 -23.35 4
    endloop
  endfacet
  facet normal 0 0 1
    outer loop
      vertex -5.08308 -25.6095 4
      vertex -6.51112 -24.5137 4
      vertex -6.16116 -26.8388 4
    endloop
  endfacet
  facet normal -0 0 1
    outer loop
      vertex -7.43396 -25.566 4
      vertex -6.16116 -26.8388 4
      vertex -6.51112 -24.5137 4
    endloop
  endfacet
  facet normal 0 0 1
    outer loop
      vertex -6.16116 -26.8388 4
      vertex -7.43396 -25.566 4
      vertex -7.39048 -27.9169 4
    endloop
  endfacet
  facet normal -0 0 1
    outer loop
      vertex -8.48625 -26.4889 4
      vertex -7.39048 -27.9169 4
      vertex -7.43396 -25.566 4
    endloop
  endfacet
  facet normal 0 0 1
    outer loop
      vertex -8.48625 -26.4889 4
      vertex -8.75 -28.8253 4
      vertex -7.39048 -27.9169 4
    endloop
  endfacet
  facet normal -0 0 1
    outer loop
      vertex -9.65 -27.2665 4
      vertex -8.75 -28.8253 4
      vertex -8.48625 -26.4889 4
    endloop
  endfacet
  facet normal 0 0 1
    outer loop
      vertex -9.65 -27.2665 4
      vertex -10.2165 -29.5485 4
      vertex -8.75 -28.8253 4
    endloop
  endfacet
  facet normal -0 0 1
    outer loop
      vertex -10.9053 -27.8855 4
      vertex -10.2165 -29.5485 4
      vertex -9.65 -27.2665 4
    endloop
  endfacet
  facet normal 0 0 1
    outer loop
      vertex -10.9053 -27.8855 4
      vertex -11.7648 -30.0741 4
      vertex -10.2165 -29.5485 4
    endloop
  endfacet
  facet normal -0 0 1
    outer loop
      vertex -12.2306 -28.3354 4
      vertex -11.7648 -30.0741 4
      vertex -10.9053 -27.8855 4
    endloop
  endfacet
  facet normal 0 0 1
    outer loop
      vertex -12.2306 -28.3354 4
      vertex -13.3684 -30.3931 4
      vertex -11.7648 -30.0741 4
    endloop
  endfacet
  facet normal -0 0 1
    outer loop
      vertex -13.6034 -28.6085 4
      vertex -13.3684 -30.3931 4
      vertex -12.2306 -28.3354 4
    endloop
  endfacet
  facet normal -0 0 1
    outer loop
      vertex -15 -28.7 4
      vertex -13.3684 -30.3931 4
      vertex -13.6034 -28.6085 4
    endloop
  endfacet
  facet normal 0 0 1
    outer loop
      vertex -15 -28.7 4
      vertex -15 -30.5 4
      vertex -13.3684 -30.3931 4
    endloop
  endfacet
  facet normal 0 0 1
    outer loop
      vertex -16.3966 -28.6085 4
      vertex -15 -30.5 4
      vertex -15 -28.7 4
    endloop
  endfacet
  facet normal 0 0 1
    outer loop
      vertex -16.3966 -28.6085 4
      vertex -16.6316 -30.3931 4
      vertex -15 -30.5 4
    endloop
  endfacet
  facet normal 0 0 1
    outer loop
      vertex -17.7694 -28.3354 4
      vertex -16.6316 -30.3931 4
      vertex -16.3966 -28.6085 4
    endloop
  endfacet
  facet normal 0 0 1
    outer loop
      vertex -17.7694 -28.3354 4
      vertex -18.2352 -30.0741 4
      vertex -16.6316 -30.3931 4
    endloop
  endfacet
  facet normal 0 0 1
    outer loop
      vertex -19.0947 -27.8855 4
      vertex -18.2352 -30.0741 4
      vertex -17.7694 -28.3354 4
    endloop
  endfacet
  facet normal 0 0 1
    outer loop
      vertex -19.0947 -27.8855 4
      vertex -19.7835 -29.5485 4
      vertex -18.2352 -30.0741 4
    endloop
  endfacet
  facet normal 0 0 1
    outer loop
      vertex -20.35 -27.2665 4
      vertex -19.7835 -29.5485 4
      vertex -19.0947 -27.8855 4
    endloop
  endfacet
  facet normal 0 0 1
    outer loop
      vertex -20.35 -27.2665 4
      vertex -21.25 -28.8253 4
      vertex -19.7835 -29.5485 4
    endloop
  endfacet
  facet normal 0 0 1
    outer loop
      vertex -21.5137 -26.4889 4
      vertex -21.25 -28.8253 4
      vertex -20.35 -27.2665 4
    endloop
  endfacet
  facet normal 0 0 1
    outer loop
      vertex -22.6095 -27.9169 4
      vertex -21.5137 -26.4889 4
      vertex -22.566 -25.566 4
    endloop
  endfacet
  facet normal 0 0 1
    outer loop
      vertex -21.5137 -26.4889 4
      vertex -22.6095 -27.9169 4
      vertex -21.25 -28.8253 4
    endloop
  endfacet
  facet normal 0 0 1
    outer loop
      vertex -23.8388 -26.8388 4
      vertex -22.566 -25.566 4
      vertex -23.4889 -24.5137 4
    endloop
  endfacet
  facet normal 0 0 1
    outer loop
      vertex -22.566 -25.566 4
      vertex -23.8388 -26.8388 4
      vertex -22.6095 -27.9169 4
    endloop
  endfacet
  facet normal 0 0 1
    outer loop
      vertex -24.9169 -25.6095 4
      vertex -23.4889 -24.5137 4
      vertex -24.2665 -23.35 4
    endloop
  endfacet
  facet normal 0 0 1
    outer loop
      vertex -25.8253 -24.25 4
      vertex -24.2665 -23.35 4
      vertex -24.8855 -22.0947 4
    endloop
  endfacet
  facet normal 0 0 1
    outer loop
      vertex -23.4889 -24.5137 4
      vertex -24.9169 -25.6095 4
      vertex -23.8388 -26.8388 4
    endloop
  endfacet
  facet normal 0 0 1
    outer loop
      vertex -26.5485 -22.7835 4
      vertex -24.8855 -22.0947 4
      vertex -25.3354 -20.7694 4
    endloop
  endfacet
  facet normal 0 0 1
    outer loop
      vertex -27.0741 -21.2352 4
      vertex -25.3354 -20.7694 4
      vertex -25.6085 -19.3966 4
    endloop
  endfacet
  facet normal 0 0 1
    outer loop
      vertex -24.2665 -23.35 4
      vertex -25.8253 -24.25 4
      vertex -24.9169 -25.6095 4
    endloop
  endfacet
  facet normal 0 0 1
    outer loop
      vertex -27.3931 -19.6316 4
      vertex -25.6085 -19.3966 4
      vertex -25.7 -18 4
    endloop
  endfacet
  facet normal 0 0 1
    outer loop
      vertex -25.3354 -15.2306 4
      vertex -27.0741 -14.7648 4
      vertex -25.6085 -16.6034 4
    endloop
  endfacet
  facet normal -0 0 1
    outer loop
      vertex -27.3931 -16.3684 4
      vertex -25.6085 -16.6034 4
      vertex -27.0741 -14.7648 4
    endloop
  endfacet
  facet normal 0 0 1
    outer loop
      vertex -24.8855 -22.0947 4
      vertex -26.5485 -22.7835 4
      vertex -25.8253 -24.25 4
    endloop
  endfacet
  facet normal 0 0 1
    outer loop
      vertex -25.6085 -16.6034 4
      vertex -27.3931 -16.3684 4
      vertex -25.7 -18 4
    endloop
  endfacet
  facet normal 0 0 1
    outer loop
      vertex -25.3354 -20.7694 4
      vertex -27.0741 -21.2352 4
      vertex -26.5485 -22.7835 4
    endloop
  endfacet
  facet normal 0 0 1
    outer loop
      vertex -27.5 -18 4
      vertex -25.7 -18 4
      vertex -27.3931 -16.3684 4
    endloop
  endfacet
  facet normal 0 0 1
    outer loop
      vertex -25.6085 -19.3966 4
      vertex -27.3931 -19.6316 4
      vertex -27.0741 -21.2352 4
    endloop
  endfacet
  facet normal 0 0 1
    outer loop
      vertex -25.7 -18 4
      vertex -27.5 -18 4
      vertex -27.3931 -19.6316 4
    endloop
  endfacet
  facet normal -0.555575 -0.831466 0
    outer loop
      vertex -22.6095 -27.9169 0
      vertex -21.25 -28.8253 4
      vertex -22.6095 -27.9169 4
    endloop
  endfacet
  facet normal -0.555575 -0.831466 -0
    outer loop
      vertex -21.25 -28.8253 4
      vertex -22.6095 -27.9169 0
      vertex -21.25 -28.8253 0
    endloop
  endfacet
  facet normal 0.751847 0.659338 0
    outer loop
      vertex -5.08308 -10.3905 4
      vertex -6.16116 -9.16116 0
      vertex -6.16116 -9.16116 4
    endloop
  endfacet
  facet normal 0.751847 0.659338 0
    outer loop
      vertex -6.16116 -9.16116 0
      vertex -5.08308 -10.3905 4
      vertex -5.08308 -10.3905 0
    endloop
  endfacet
  facet normal 0.321441 0.94693 -0
    outer loop
      vertex -10.2165 -6.45151 0
      vertex -11.7648 -5.92593 4
      vertex -10.2165 -6.45151 4
    endloop
  endfacet
  facet normal 0.321441 0.94693 0
    outer loop
      vertex -11.7648 -5.92593 4
      vertex -10.2165 -6.45151 0
      vertex -11.7648 -5.92593 0
    endloop
  endfacet
  facet normal 0.831466 -0.555575 0
    outer loop
      vertex -5.08308 -25.6095 4
      vertex -4.17468 -24.25 2.55094
      vertex -4.17468 -24.25 4
    endloop
  endfacet
  facet normal 0.831609 -0.555361 0.000290512
    outer loop
      vertex -4.17468 -24.25 2.55094
      vertex -5.08308 -25.6095 4
      vertex -4.20104 -24.2895 2.49749
    endloop
  endfacet
  facet normal 0.831456 -0.55559 -8.12954e-07
    outer loop
      vertex -4.20104 -24.2895 2.49749
      vertex -5.08308 -25.6095 4
      vertex -4.2557 -24.3713 2.33646
    endloop
  endfacet
  facet normal 0.831376 -0.555711 -0.000130676
    outer loop
      vertex -4.2557 -24.3713 2.33646
      vertex -5.08308 -25.6095 4
      vertex -4.28888 -24.4209 2.16968
    endloop
  endfacet
  facet normal 0.831586 -0.555397 0.000164378
    outer loop
      vertex -4.28888 -24.4209 2.16968
      vertex -5.08308 -25.6095 4
      vertex -4.3 -24.4376 2
    endloop
  endfacet
  facet normal 0.831609 -0.555361 -0.000290512
    outer loop
      vertex -5.08308 -25.6095 0
      vertex -4.17468 -24.25 1.44906
      vertex -4.20104 -24.2895 1.50251
    endloop
  endfacet
  facet normal 0.831456 -0.55559 8.12954e-07
    outer loop
      vertex -5.08308 -25.6095 0
      vertex -4.20104 -24.2895 1.50251
      vertex -4.2557 -24.3713 1.66354
    endloop
  endfacet
  facet normal 0.831376 -0.555711 0.000130676
    outer loop
      vertex -5.08308 -25.6095 0
      vertex -4.2557 -24.3713 1.66354
      vertex -4.28888 -24.4209 1.83032
    endloop
  endfacet
  facet normal 0.831586 -0.555397 -0.000164378
    outer loop
      vertex -5.08308 -25.6095 0
      vertex -4.28888 -24.4209 1.83032
      vertex -4.3 -24.4376 2
    endloop
  endfacet
  facet normal 0.831456 -0.555591 0
    outer loop
      vertex -5.08308 -25.6095 0
      vertex -4.3 -24.4376 2
      vertex -5.08308 -25.6095 4
    endloop
  endfacet
  facet normal 0.831466 -0.555575 0
    outer loop
      vertex -4.17468 -24.25 1.44906
      vertex -5.08308 -25.6095 0
      vertex -4.17468 -24.25 0
    endloop
  endfacet
  facet normal 0.442275 0.896879 -0
    outer loop
      vertex -8.75 -7.17468 0
      vertex -10.2165 -6.45151 4
      vertex -8.75 -7.17468 4
    endloop
  endfacet
  facet normal 0.442275 0.896879 0
    outer loop
      vertex -10.2165 -6.45151 4
      vertex -8.75 -7.17468 0
      vertex -10.2165 -6.45151 0
    endloop
  endfacet
  facet normal -0.896872 -0.44229 0
    outer loop
      vertex -25.8253 -24.25 0
      vertex -26.5485 -22.7835 4
      vertex -26.5485 -22.7835 0
    endloop
  endfacet
  facet normal -0.896872 -0.44229 0
    outer loop
      vertex -26.5485 -22.7835 4
      vertex -25.8253 -24.25 0
      vertex -25.8253 -24.25 4
    endloop
  endfacet
  facet normal -0.321441 0.94693 0
    outer loop
      vertex -18.2352 -5.92593 0
      vertex -19.7835 -6.45151 4
      vertex -18.2352 -5.92593 4
    endloop
  endfacet
  facet normal -0.321441 0.94693 0
    outer loop
      vertex -19.7835 -6.45151 4
      vertex -18.2352 -5.92593 0
      vertex -19.7835 -6.45151 0
    endloop
  endfacet
  facet normal 0.751836 -0.65935 0
    outer loop
      vertex -6.16116 -26.8388 4
      vertex -5.08308 -25.6095 0
      vertex -5.08308 -25.6095 4
    endloop
  endfacet
  facet normal 0.751836 -0.65935 0
    outer loop
      vertex -5.08308 -25.6095 0
      vertex -6.16116 -26.8388 4
      vertex -6.16116 -26.8388 0
    endloop
  endfacet
  facet normal 0.831456 0.555591 0
    outer loop
      vertex -5.08308 -10.3905 4
      vertex -4.3 -11.5624 2
      vertex -5.08308 -10.3905 0
    endloop
  endfacet
  facet normal 0.831586 0.555397 0.000164378
    outer loop
      vertex -5.08308 -10.3905 4
      vertex -4.28888 -11.5791 2.16968
      vertex -4.3 -11.5624 2
    endloop
  endfacet
  facet normal 0.831376 0.555711 -0.000130676
    outer loop
      vertex -5.08308 -10.3905 4
      vertex -4.2557 -11.6287 2.33646
      vertex -4.28888 -11.5791 2.16968
    endloop
  endfacet
  facet normal 0.831456 0.55559 -8.12954e-07
    outer loop
      vertex -5.08308 -10.3905 4
      vertex -4.20104 -11.7105 2.49749
      vertex -4.2557 -11.6287 2.33646
    endloop
  endfacet
  facet normal 0.831466 0.555575 -0
    outer loop
      vertex -4.17468 -11.75 2.55094
      vertex -5.08308 -10.3905 4
      vertex -4.17468 -11.75 4
    endloop
  endfacet
  facet normal 0.831609 0.555361 0.000290512
    outer loop
      vertex -5.08308 -10.3905 4
      vertex -4.17468 -11.75 2.55094
      vertex -4.20104 -11.7105 2.49749
    endloop
  endfacet
  facet normal 0.831586 0.555397 -0.000164378
    outer loop
      vertex -4.28888 -11.5791 1.83032
      vertex -5.08308 -10.3905 0
      vertex -4.3 -11.5624 2
    endloop
  endfacet
  facet normal 0.831376 0.555711 0.000130676
    outer loop
      vertex -4.2557 -11.6287 1.66354
      vertex -5.08308 -10.3905 0
      vertex -4.28888 -11.5791 1.83032
    endloop
  endfacet
  facet normal 0.831456 0.55559 8.12954e-07
    outer loop
      vertex -4.20104 -11.7105 1.50251
      vertex -5.08308 -10.3905 0
      vertex -4.2557 -11.6287 1.66354
    endloop
  endfacet
  facet normal 0.831609 0.555361 -0.000290512
    outer loop
      vertex -4.17468 -11.75 1.44906
      vertex -5.08308 -10.3905 0
      vertex -4.20104 -11.7105 1.50251
    endloop
  endfacet
  facet normal 0.831466 0.555575 0
    outer loop
      vertex -5.08308 -10.3905 0
      vertex -4.17468 -11.75 1.44906
      vertex -4.17468 -11.75 0
    endloop
  endfacet
  facet normal 0.0654027 0.997859 -0
    outer loop
      vertex -13.3684 -5.60694 0
      vertex -15 -5.5 4
      vertex -13.3684 -5.60694 4
    endloop
  endfacet
  facet normal 0.0654027 0.997859 0
    outer loop
      vertex -15 -5.5 4
      vertex -13.3684 -5.60694 0
      vertex -15 -5.5 0
    endloop
  endfacet
  facet normal -0.0654027 0.997859 0
    outer loop
      vertex -15 -5.5 0
      vertex -16.6316 -5.60694 4
      vertex -15 -5.5 4
    endloop
  endfacet
  facet normal -0.0654027 0.997859 0
    outer loop
      vertex -16.6316 -5.60694 4
      vertex -15 -5.5 0
      vertex -16.6316 -5.60694 0
    endloop
  endfacet
  facet normal -0 0 -1
    outer loop
      vertex -17.2981 -20.2981 0
      vertex -19.4019 -22.2357 0
      vertex -17.5784 -19.9785 0
    endloop
  endfacet
  facet normal 0 0 -1
    outer loop
      vertex -18.25 -18 0
      vertex -19.0574 -13.1677 0
      vertex -19.0497 -13.0503 0
    endloop
  endfacet
  facet normal 0 0 -1
    outer loop
      vertex -19.4997 -22.1703 0
      vertex -17.5784 -19.9785 0
      vertex -19.4019 -22.2357 0
    endloop
  endfacet
  facet normal 0 0 -1
    outer loop
      vertex -18.25 -18 0
      vertex -19.0804 -13.2832 0
      vertex -19.0574 -13.1677 0
    endloop
  endfacet
  facet normal 0 0 -1
    outer loop
      vertex -19.6053 -22.1183 0
      vertex -17.5784 -19.9785 0
      vertex -19.4997 -22.1703 0
    endloop
  endfacet
  facet normal 0 0 -1
    outer loop
      vertex -18.25 -18 0
      vertex -19.1183 -13.3947 0
      vertex -19.0804 -13.2832 0
    endloop
  endfacet
  facet normal -0 0 -1
    outer loop
      vertex -17.5784 -19.9785 0
      vertex -19.6053 -22.1183 0
      vertex -17.8146 -19.625 0
    endloop
  endfacet
  facet normal 0 0 -1
    outer loop
      vertex -18.25 -18 0
      vertex -19.1703 -13.5003 0
      vertex -19.1183 -13.3947 0
    endloop
  endfacet
  facet normal 0 0 -1
    outer loop
      vertex -19.7168 -22.0804 0
      vertex -17.8146 -19.625 0
      vertex -19.6053 -22.1183 0
    endloop
  endfacet
  facet normal 0 0 -1
    outer loop
      vertex -18.25 -18 0
      vertex -19.2357 -13.5981 0
      vertex -19.1703 -13.5003 0
    endloop
  endfacet
  facet normal 0 0 -1
    outer loop
      vertex -19.8323 -22.0574 0
      vertex -17.8146 -19.625 0
      vertex -19.7168 -22.0804 0
    endloop
  endfacet
  facet normal 0 0 -1
    outer loop
      vertex -18.25 -18 0
      vertex -19.3134 -13.6866 0
      vertex -19.2357 -13.5981 0
    endloop
  endfacet
  facet normal -0 0 -1
    outer loop
      vertex -17.8146 -19.625 0
      vertex -19.8323 -22.0574 0
      vertex -18.0026 -19.2437 0
    endloop
  endfacet
  facet normal 0 0 -1
    outer loop
      vertex -18.25 -18 0
      vertex -19.4019 -13.7643 0
      vertex -19.3134 -13.6866 0
    endloop
  endfacet
  facet normal 0 0 -1
    outer loop
      vertex -19.9497 -22.0497 0
      vertex -18.0026 -19.2437 0
      vertex -19.8323 -22.0574 0
    endloop
  endfacet
  facet normal 0 0 -1
    outer loop
      vertex -18.25 -18 0
      vertex -19.4997 -13.8297 0
      vertex -19.4019 -13.7643 0
    endloop
  endfacet
  facet normal 0 0 -1
    outer loop
      vertex -20.0672 -22.0574 0
      vertex -18.0026 -19.2437 0
      vertex -19.9497 -22.0497 0
    endloop
  endfacet
  facet normal 0 0 -1
    outer loop
      vertex -18.25 -18 0
      vertex -19.6053 -13.8817 0
      vertex -19.4997 -13.8297 0
    endloop
  endfacet
  facet normal -0 0 -1
    outer loop
      vertex -18.0026 -19.2437 0
      vertex -20.0672 -22.0574 0
      vertex -18.1393 -18.8412 0
    endloop
  endfacet
  facet normal 0 0 -1
    outer loop
      vertex -18.25 -18 0
      vertex -19.7168 -13.9196 0
      vertex -19.6053 -13.8817 0
    endloop
  endfacet
  facet normal 0 0 -1
    outer loop
      vertex -20.1827 -22.0804 0
      vertex -18.1393 -18.8412 0
      vertex -20.0672 -22.0574 0
    endloop
  endfacet
  facet normal 0 0 -1
    outer loop
      vertex -18.25 -18 0
      vertex -19.8323 -13.9426 0
      vertex -19.7168 -13.9196 0
    endloop
  endfacet
  facet normal -0 0 -1
    outer loop
      vertex -18.1393 -18.8412 0
      vertex -20.1827 -22.0804 0
      vertex -18.2222 -18.4242 0
    endloop
  endfacet
  facet normal 0 0 -1
    outer loop
      vertex -18.25 -18 0
      vertex -19.9497 -13.9503 0
      vertex -19.8323 -13.9426 0
    endloop
  endfacet
  facet normal 0 0 -1
    outer loop
      vertex -20.2942 -22.1183 0
      vertex -18.2222 -18.4242 0
      vertex -20.1827 -22.0804 0
    endloop
  endfacet
  facet normal 0 0 -1
    outer loop
      vertex -18.25 -18 0
      vertex -20.0672 -13.9426 0
      vertex -19.9497 -13.9503 0
    endloop
  endfacet
  facet normal 0 0 -1
    outer loop
      vertex -20.3997 -22.1703 0
      vertex -18.2222 -18.4242 0
      vertex -20.2942 -22.1183 0
    endloop
  endfacet
  facet normal 0 0 -1
    outer loop
      vertex -18.25 -18 0
      vertex -20.1827 -13.9196 0
      vertex -20.0672 -13.9426 0
    endloop
  endfacet
  facet normal -0 0 -1
    outer loop
      vertex -18.2222 -18.4242 0
      vertex -20.3997 -22.1703 0
      vertex -18.25 -18 0
    endloop
  endfacet
  facet normal 0 0 -1
    outer loop
      vertex -18.25 -18 0
      vertex -20.2942 -13.8817 0
      vertex -20.1827 -13.9196 0
    endloop
  endfacet
  facet normal 0 0 -1
    outer loop
      vertex -27.5 -18 0
      vertex -18.25 -18 0
      vertex -20.3997 -22.1703 0
    endloop
  endfacet
  facet normal 0 0 -1
    outer loop
      vertex -18.25 -18 0
      vertex -20.3997 -13.8297 0
      vertex -20.2942 -13.8817 0
    endloop
  endfacet
  facet normal 0 0 -1
    outer loop
      vertex -27.5 -18 0
      vertex -20.3997 -22.1703 0
      vertex -20.4976 -22.2357 0
    endloop
  endfacet
  facet normal 0 0 -1
    outer loop
      vertex -18.25 -18 0
      vertex -27.5 -18 0
      vertex -20.3997 -13.8297 0
    endloop
  endfacet
  facet normal 0 0 -1
    outer loop
      vertex -27.3931 -19.6316 0
      vertex -20.4976 -22.2357 0
      vertex -20.5861 -22.3134 0
    endloop
  endfacet
  facet normal -0 0 -1
    outer loop
      vertex -20.3997 -13.8297 0
      vertex -27.5 -18 0
      vertex -20.4976 -13.7643 0
    endloop
  endfacet
  facet normal 0 0 -1
    outer loop
      vertex -27.0741 -21.2352 0
      vertex -20.5861 -22.3134 0
      vertex -20.6638 -22.4019 0
    endloop
  endfacet
  facet normal 0 -0 -1
    outer loop
      vertex -27.3931 -16.3684 0
      vertex -20.4976 -13.7643 0
      vertex -27.5 -18 0
    endloop
  endfacet
  facet normal 0 0 -1
    outer loop
      vertex -27.0741 -21.2352 0
      vertex -20.6638 -22.4019 0
      vertex -20.7292 -22.4997 0
    endloop
  endfacet
  facet normal -0 0 -1
    outer loop
      vertex -20.4976 -13.7643 0
      vertex -27.3931 -16.3684 0
      vertex -20.5861 -13.6866 0
    endloop
  endfacet
  facet normal 0 0 -1
    outer loop
      vertex -26.5485 -22.7835 0
      vertex -20.7292 -22.4997 0
      vertex -20.7812 -22.6053 0
    endloop
  endfacet
  facet normal 0 -0 -1
    outer loop
      vertex -27.0741 -14.7648 0
      vertex -20.5861 -13.6866 0
      vertex -27.3931 -16.3684 0
    endloop
  endfacet
  facet normal 0 0 -1
    outer loop
      vertex -26.5485 -22.7835 0
      vertex -20.7812 -22.6053 0
      vertex -20.8191 -22.7168 0
    endloop
  endfacet
  facet normal -0 0 -1
    outer loop
      vertex -20.5861 -13.6866 0
      vertex -27.0741 -14.7648 0
      vertex -20.6638 -13.5981 0
    endloop
  endfacet
  facet normal 0 0 -1
    outer loop
      vertex -26.5485 -22.7835 0
      vertex -20.8191 -22.7168 0
      vertex -20.842 -22.8323 0
    endloop
  endfacet
  facet normal -0 0 -1
    outer loop
      vertex -20.6638 -13.5981 0
      vertex -27.0741 -14.7648 0
      vertex -20.7292 -13.5003 0
    endloop
  endfacet
  facet normal 0 0 -1
    outer loop
      vertex -25.8253 -24.25 0
      vertex -20.842 -22.8323 0
      vertex -20.8497 -22.9497 0
    endloop
  endfacet
  facet normal 0 -0 -1
    outer loop
      vertex -26.5485 -13.2165 0
      vertex -20.7292 -13.5003 0
      vertex -27.0741 -14.7648 0
    endloop
  endfacet
  facet normal 0 0 -1
    outer loop
      vertex -9.21876 -22.6053 0
      vertex -3.55825 -23 0
      vertex -9.18092 -22.7168 0
    endloop
  endfacet
  facet normal 0 0 -1
    outer loop
      vertex -3.55825 -13 0
      vertex -9.15795 -13.1677 0
      vertex -9.15025 -13.0503 0
    endloop
  endfacet
  facet normal 0 0 -1
    outer loop
      vertex -9.27083 -22.4997 0
      vertex -3.55825 -23 0
      vertex -9.21876 -22.6053 0
    endloop
  endfacet
  facet normal 0 0 -1
    outer loop
      vertex -3.55825 -13 0
      vertex -9.18092 -13.2832 0
      vertex -9.15795 -13.1677 0
    endloop
  endfacet
  facet normal 0 0 -1
    outer loop
      vertex -9.33623 -22.4019 0
      vertex -3.55825 -23 0
      vertex -9.27083 -22.4997 0
    endloop
  endfacet
  facet normal 0 0 -1
    outer loop
      vertex -3.55825 -13 0
      vertex -9.21876 -13.3947 0
      vertex -9.18092 -13.2832 0
    endloop
  endfacet
  facet normal 0 0 -1
    outer loop
      vertex -9.41386 -22.3134 0
      vertex -3.55825 -23 0
      vertex -9.33623 -22.4019 0
    endloop
  endfacet
  facet normal 0 0 -1
    outer loop
      vertex -3.55825 -13 0
      vertex -9.27083 -13.5003 0
      vertex -9.21876 -13.3947 0
    endloop
  endfacet
  facet normal 0 0 -1
    outer loop
      vertex -9.50237 -22.2357 0
      vertex -3.55825 -23 0
      vertex -9.41386 -22.3134 0
    endloop
  endfacet
  facet normal 0 0 -1
    outer loop
      vertex -3.55825 -13 0
      vertex -9.33623 -13.5981 0
      vertex -9.27083 -13.5003 0
    endloop
  endfacet
  facet normal 0 0 -1
    outer loop
      vertex -3.55825 -23 0
      vertex -9.50237 -22.2357 0
      vertex -3.55825 -13 0
    endloop
  endfacet
  facet normal 0 0 -1
    outer loop
      vertex -3.55825 -13 0
      vertex -9.41386 -13.6866 0
      vertex -9.33623 -13.5981 0
    endloop
  endfacet
  facet normal 0 0 -1
    outer loop
      vertex -9.50237 -13.7643 0
      vertex -3.55825 -13 0
      vertex -9.50237 -22.2357 0
    endloop
  endfacet
  facet normal 0 0 -1
    outer loop
      vertex -3.55825 -13 0
      vertex -9.50237 -13.7643 0
      vertex -9.41386 -13.6866 0
    endloop
  endfacet
  facet normal 0 0 -1
    outer loop
      vertex -11.75 -18 0
      vertex -9.50237 -22.2357 0
      vertex -9.60025 -22.1703 0
    endloop
  endfacet
  facet normal 0 0 -1
    outer loop
      vertex -9.50237 -22.2357 0
      vertex -11.75 -18 0
      vertex -9.50237 -13.7643 0
    endloop
  endfacet
  facet normal 0 0 -1
    outer loop
      vertex -11.7778 -18.4242 0
      vertex -9.60025 -22.1703 0
      vertex -9.70584 -22.1183 0
    endloop
  endfacet
  facet normal 0 0 -1
    outer loop
      vertex -9.50237 -13.7643 0
      vertex -11.75 -18 0
      vertex -9.60025 -13.8297 0
    endloop
  endfacet
  facet normal 0 0 -1
    outer loop
      vertex -11.7778 -18.4242 0
      vertex -9.70584 -22.1183 0
      vertex -9.81732 -22.0804 0
    endloop
  endfacet
  facet normal 0 0 -1
    outer loop
      vertex -11.7778 -17.5758 0
      vertex -9.60025 -13.8297 0
      vertex -11.75 -18 0
    endloop
  endfacet
  facet normal 0 0 -1
    outer loop
      vertex -11.8607 -18.8412 0
      vertex -9.81732 -22.0804 0
      vertex -9.93278 -22.0574 0
    endloop
  endfacet
  facet normal 0 0 -1
    outer loop
      vertex -9.60025 -13.8297 0
      vertex -11.7778 -17.5758 0
      vertex -9.70584 -13.8817 0
    endloop
  endfacet
  facet normal 0 0 -1
    outer loop
      vertex -11.9974 -19.2437 0
      vertex -9.93278 -22.0574 0
      vertex -10.0503 -22.0497 0
    endloop
  endfacet
  facet normal 0 0 -1
    outer loop
      vertex -9.70584 -13.8817 0
      vertex -11.7778 -17.5758 0
      vertex -9.81732 -13.9196 0
    endloop
  endfacet
  facet normal 0 0 -1
    outer loop
      vertex -11.9974 -19.2437 0
      vertex -10.0503 -22.0497 0
      vertex -10.1677 -22.0574 0
    endloop
  endfacet
  facet normal 0 0 -1
    outer loop
      vertex -11.8607 -17.1588 0
      vertex -9.81732 -13.9196 0
      vertex -11.7778 -17.5758 0
    endloop
  endfacet
  facet normal 0 0 -1
    outer loop
      vertex -12.1854 -19.625 0
      vertex -10.1677 -22.0574 0
      vertex -10.2832 -22.0804 0
    endloop
  endfacet
  facet normal 0 0 -1
    outer loop
      vertex -9.81732 -13.9196 0
      vertex -11.8607 -17.1588 0
      vertex -9.93278 -13.9426 0
    endloop
  endfacet
  facet normal 0 0 -1
    outer loop
      vertex -12.1854 -19.625 0
      vertex -10.2832 -22.0804 0
      vertex -10.3947 -22.1183 0
    endloop
  endfacet
  facet normal 0 0 -1
    outer loop
      vertex -11.9974 -16.7563 0
      vertex -9.93278 -13.9426 0
      vertex -11.8607 -17.1588 0
    endloop
  endfacet
  facet normal 0 0 -1
    outer loop
      vertex -12.4216 -19.9785 0
      vertex -10.3947 -22.1183 0
      vertex -10.5003 -22.1703 0
    endloop
  endfacet
  facet normal 0 0 -1
    outer loop
      vertex -9.93278 -13.9426 0
      vertex -11.9974 -16.7563 0
      vertex -10.0503 -13.9503 0
    endloop
  endfacet
  facet normal 0 0 -1
    outer loop
      vertex -12.4216 -19.9785 0
      vertex -10.5003 -22.1703 0
      vertex -10.5981 -22.2357 0
    endloop
  endfacet
  facet normal -0 0 -1
    outer loop
      vertex -10.0503 -13.9503 0
      vertex -11.9974 -16.7563 0
      vertex -10.1677 -13.9426 0
    endloop
  endfacet
  facet normal 0 0 -1
    outer loop
      vertex -12.7019 -20.2981 0
      vertex -10.5981 -22.2357 0
      vertex -10.6866 -22.3134 0
    endloop
  endfacet
  facet normal 0 0 -1
    outer loop
      vertex -12.1854 -16.375 0
      vertex -10.1677 -13.9426 0
      vertex -11.9974 -16.7563 0
    endloop
  endfacet
  facet normal 0 0 -1
    outer loop
      vertex -12.7019 -20.2981 0
      vertex -10.6866 -22.3134 0
      vertex -10.7643 -22.4019 0
    endloop
  endfacet
  facet normal -0 0 -1
    outer loop
      vertex -10.1677 -13.9426 0
      vertex -12.1854 -16.375 0
      vertex -10.2832 -13.9196 0
    endloop
  endfacet
  facet normal 0 0 -1
    outer loop
      vertex -13.0215 -20.5784 0
      vertex -10.7643 -22.4019 0
      vertex -10.8297 -22.4997 0
    endloop
  endfacet
  facet normal -0 0 -1
    outer loop
      vertex -10.2832 -13.9196 0
      vertex -12.1854 -16.375 0
      vertex -10.3947 -13.8817 0
    endloop
  endfacet
  facet normal 0 0 -1
    outer loop
      vertex -13.0215 -20.5784 0
      vertex -10.8297 -22.4997 0
      vertex -10.8817 -22.6053 0
    endloop
  endfacet
  facet normal 0 0 -1
    outer loop
      vertex -12.4216 -16.0215 0
      vertex -10.3947 -13.8817 0
      vertex -12.1854 -16.375 0
    endloop
  endfacet
  facet normal 0 0 -1
    outer loop
      vertex -13.375 -20.8146 0
      vertex -10.8817 -22.6053 0
      vertex -10.9196 -22.7168 0
    endloop
  endfacet
  facet normal -0 0 -1
    outer loop
      vertex -10.3947 -13.8817 0
      vertex -12.4216 -16.0215 0
      vertex -10.5003 -13.8297 0
    endloop
  endfacet
  facet normal 0 0 -1
    outer loop
      vertex -13.375 -20.8146 0
      vertex -10.9196 -22.7168 0
      vertex -10.9426 -22.8323 0
    endloop
  endfacet
  facet normal -0 0 -1
    outer loop
      vertex -10.5003 -13.8297 0
      vertex -12.4216 -16.0215 0
      vertex -10.5981 -13.7643 0
    endloop
  endfacet
  facet normal 0 0 -1
    outer loop
      vertex -13.7563 -21.0026 0
      vertex -10.9426 -22.8323 0
      vertex -10.9503 -22.9497 0
    endloop
  endfacet
  facet normal 0 0 -1
    outer loop
      vertex -12.7019 -15.7019 0
      vertex -10.5981 -13.7643 0
      vertex -12.4216 -16.0215 0
    endloop
  endfacet
  facet normal 0 0 -1
    outer loop
      vertex 49 -23 0
      vertex 41 -13 0
      vertex 49 -2 0
    endloop
  endfacet
  facet normal 0 0 -1
    outer loop
      vertex -3.55825 -23 0
      vertex 41 -13 0
      vertex 49 -23 0
    endloop
  endfacet
  facet normal -0 0 -1
    outer loop
      vertex 41 -13 0
      vertex -3.55825 -23 0
      vertex -3.55825 -13 0
    endloop
  endfacet
  facet normal 0 0 -1
    outer loop
      vertex -9.15795 -22.8323 0
      vertex -4.17468 -24.25 0
      vertex -9.15025 -22.9497 0
    endloop
  endfacet
  facet normal 0 0 -1
    outer loop
      vertex -4.17468 -24.25 0
      vertex -9.15795 -22.8323 0
      vertex -3.55825 -23 0
    endloop
  endfacet
  facet normal 0 0 -1
    outer loop
      vertex -9.15795 -23.0672 0
      vertex -4.17468 -24.25 0
      vertex -5.08308 -25.6095 0
    endloop
  endfacet
  facet normal 0 0 -1
    outer loop
      vertex -9.18092 -22.7168 0
      vertex -3.55825 -23 0
      vertex -9.15795 -22.8323 0
    endloop
  endfacet
  facet normal 0 0 -1
    outer loop
      vertex -9.27083 -23.3997 0
      vertex -5.08308 -25.6095 0
      vertex -6.16116 -26.8388 0
    endloop
  endfacet
  facet normal -0 0 -1
    outer loop
      vertex -3.55825 -13 0
      vertex -9.15025 -13.0503 0
      vertex -4.17468 -11.75 0
    endloop
  endfacet
  facet normal 0 0 -1
    outer loop
      vertex -9.60025 -23.7292 0
      vertex -6.16116 -26.8388 0
      vertex -7.39048 -27.9169 0
    endloop
  endfacet
  facet normal 0 0 -1
    outer loop
      vertex -9.15795 -12.9328 0
      vertex -4.17468 -11.75 0
      vertex -9.15025 -13.0503 0
    endloop
  endfacet
  facet normal 0 0 -1
    outer loop
      vertex -9.93278 -23.842 0
      vertex -7.39048 -27.9169 0
      vertex -8.75 -28.8253 0
    endloop
  endfacet
  facet normal -0 0 -1
    outer loop
      vertex -4.17468 -11.75 0
      vertex -9.15795 -12.9328 0
      vertex -5.08308 -10.3905 0
    endloop
  endfacet
  facet normal 0 0 -1
    outer loop
      vertex -9.18092 -12.8173 0
      vertex -5.08308 -10.3905 0
      vertex -9.15795 -12.9328 0
    endloop
  endfacet
  facet normal 0 0 -1
    outer loop
      vertex -4.17468 -24.25 0
      vertex -9.15795 -23.0672 0
      vertex -9.15025 -22.9497 0
    endloop
  endfacet
  facet normal 0 0 -1
    outer loop
      vertex -5.08308 -25.6095 0
      vertex -9.18092 -23.1827 0
      vertex -9.15795 -23.0672 0
    endloop
  endfacet
  facet normal 0 0 -1
    outer loop
      vertex -5.08308 -25.6095 0
      vertex -9.21876 -23.2942 0
      vertex -9.18092 -23.1827 0
    endloop
  endfacet
  facet normal 0 0 -1
    outer loop
      vertex -5.08308 -25.6095 0
      vertex -9.27083 -23.3997 0
      vertex -9.21876 -23.2942 0
    endloop
  endfacet
  facet normal 0 0 -1
    outer loop
      vertex -6.16116 -26.8388 0
      vertex -9.33623 -23.4976 0
      vertex -9.27083 -23.3997 0
    endloop
  endfacet
  facet normal 0 0 -1
    outer loop
      vertex -6.16116 -26.8388 0
      vertex -9.41386 -23.5861 0
      vertex -9.33623 -23.4976 0
    endloop
  endfacet
  facet normal 0 0 -1
    outer loop
      vertex -6.16116 -26.8388 0
      vertex -9.50237 -23.6638 0
      vertex -9.41386 -23.5861 0
    endloop
  endfacet
  facet normal 0 0 -1
    outer loop
      vertex -6.16116 -26.8388 0
      vertex -9.60025 -23.7292 0
      vertex -9.50237 -23.6638 0
    endloop
  endfacet
  facet normal 0 0 -1
    outer loop
      vertex -7.39048 -27.9169 0
      vertex -9.70584 -23.7812 0
      vertex -9.60025 -23.7292 0
    endloop
  endfacet
  facet normal 0 0 -1
    outer loop
      vertex -7.39048 -27.9169 0
      vertex -9.81732 -23.8191 0
      vertex -9.70584 -23.7812 0
    endloop
  endfacet
  facet normal 0 0 -1
    outer loop
      vertex -7.39048 -27.9169 0
      vertex -9.93278 -23.842 0
      vertex -9.81732 -23.8191 0
    endloop
  endfacet
  facet normal 0 0 -1
    outer loop
      vertex -8.75 -28.8253 0
      vertex -10.0503 -23.8497 0
      vertex -9.93278 -23.842 0
    endloop
  endfacet
  facet normal 0 0 -1
    outer loop
      vertex -8.75 -28.8253 0
      vertex -10.1677 -23.842 0
      vertex -10.0503 -23.8497 0
    endloop
  endfacet
  facet normal 0 0 -1
    outer loop
      vertex -10.2165 -29.5485 0
      vertex -10.1677 -23.842 0
      vertex -8.75 -28.8253 0
    endloop
  endfacet
  facet normal 0 0 -1
    outer loop
      vertex -10.2165 -29.5485 0
      vertex -10.2832 -23.8191 0
      vertex -10.1677 -23.842 0
    endloop
  endfacet
  facet normal 0 0 -1
    outer loop
      vertex -10.2165 -29.5485 0
      vertex -10.3947 -23.7812 0
      vertex -10.2832 -23.8191 0
    endloop
  endfacet
  facet normal 0 0 -1
    outer loop
      vertex -10.2165 -29.5485 0
      vertex -10.5003 -23.7292 0
      vertex -10.3947 -23.7812 0
    endloop
  endfacet
  facet normal 0 0 -1
    outer loop
      vertex -11.7648 -30.0741 0
      vertex -10.5003 -23.7292 0
      vertex -10.2165 -29.5485 0
    endloop
  endfacet
  facet normal -0 0 -1
    outer loop
      vertex -10.5003 -23.7292 0
      vertex -11.7648 -30.0741 0
      vertex -10.5981 -23.6638 0
    endloop
  endfacet
  facet normal -0 0 -1
    outer loop
      vertex -10.5981 -23.6638 0
      vertex -11.7648 -30.0741 0
      vertex -10.6866 -23.5861 0
    endloop
  endfacet
  facet normal 0 0 -1
    outer loop
      vertex -13.3684 -30.3931 0
      vertex -10.6866 -23.5861 0
      vertex -11.7648 -30.0741 0
    endloop
  endfacet
  facet normal -0 0 -1
    outer loop
      vertex -10.6866 -23.5861 0
      vertex -13.3684 -30.3931 0
      vertex -10.7643 -23.4976 0
    endloop
  endfacet
  facet normal 0 0 -1
    outer loop
      vertex -15 -30.5 0
      vertex -10.7643 -23.4976 0
      vertex -13.3684 -30.3931 0
    endloop
  endfacet
  facet normal -0 0 -1
    outer loop
      vertex -10.7643 -23.4976 0
      vertex -15 -30.5 0
      vertex -10.8297 -23.3997 0
    endloop
  endfacet
  facet normal -0 0 -1
    outer loop
      vertex -10.5981 -13.7643 0
      vertex -12.7019 -15.7019 0
      vertex -10.6866 -13.6866 0
    endloop
  endfacet
  facet normal 0 0 -1
    outer loop
      vertex -13.7563 -21.0026 0
      vertex -10.9503 -22.9497 0
      vertex -10.9426 -23.0672 0
    endloop
  endfacet
  facet normal 0 0 -1
    outer loop
      vertex -15 -21.25 0
      vertex -10.8297 -23.3997 0
      vertex -15 -30.5 0
    endloop
  endfacet
  facet normal 0 -0 -1
    outer loop
      vertex -14.5758 -21.2222 0
      vertex -10.8297 -23.3997 0
      vertex -15 -21.25 0
    endloop
  endfacet
  facet normal 0 0 -1
    outer loop
      vertex -9.60025 -22.1703 0
      vertex -11.7778 -18.4242 0
      vertex -11.75 -18 0
    endloop
  endfacet
  facet normal 0 0 -1
    outer loop
      vertex -9.81732 -22.0804 0
      vertex -11.8607 -18.8412 0
      vertex -11.7778 -18.4242 0
    endloop
  endfacet
  facet normal 0 0 -1
    outer loop
      vertex -9.93278 -22.0574 0
      vertex -11.9974 -19.2437 0
      vertex -11.8607 -18.8412 0
    endloop
  endfacet
  facet normal 0 0 -1
    outer loop
      vertex -10.1677 -22.0574 0
      vertex -12.1854 -19.625 0
      vertex -11.9974 -19.2437 0
    endloop
  endfacet
  facet normal 0 0 -1
    outer loop
      vertex -10.3947 -22.1183 0
      vertex -12.4216 -19.9785 0
      vertex -12.1854 -19.625 0
    endloop
  endfacet
  facet normal 0 0 -1
    outer loop
      vertex -10.5981 -22.2357 0
      vertex -12.7019 -20.2981 0
      vertex -12.4216 -19.9785 0
    endloop
  endfacet
  facet normal 0 0 -1
    outer loop
      vertex -10.7643 -22.4019 0
      vertex -13.0215 -20.5784 0
      vertex -12.7019 -20.2981 0
    endloop
  endfacet
  facet normal 0 0 -1
    outer loop
      vertex -10.8297 -23.3997 0
      vertex -14.5758 -21.2222 0
      vertex -10.8817 -23.2942 0
    endloop
  endfacet
  facet normal 0 0 -1
    outer loop
      vertex -10.8817 -22.6053 0
      vertex -13.375 -20.8146 0
      vertex -13.0215 -20.5784 0
    endloop
  endfacet
  facet normal 0 0 -1
    outer loop
      vertex -10.9426 -22.8323 0
      vertex -13.7563 -21.0026 0
      vertex -13.375 -20.8146 0
    endloop
  endfacet
  facet normal 0 0 -1
    outer loop
      vertex -10.9426 -23.0672 0
      vertex -14.1588 -21.1393 0
      vertex -13.7563 -21.0026 0
    endloop
  endfacet
  facet normal 0 0 -1
    outer loop
      vertex -10.9196 -23.1827 0
      vertex -14.1588 -21.1393 0
      vertex -10.9426 -23.0672 0
    endloop
  endfacet
  facet normal 0 0 -1
    outer loop
      vertex -10.8817 -23.2942 0
      vertex -14.5758 -21.2222 0
      vertex -10.9196 -23.1827 0
    endloop
  endfacet
  facet normal 0 -0 -1
    outer loop
      vertex -14.1588 -21.1393 0
      vertex -10.9196 -23.1827 0
      vertex -14.5758 -21.2222 0
    endloop
  endfacet
  facet normal 0 0 -1
    outer loop
      vertex -19.1703 -23.3997 0
      vertex -15 -21.25 0
      vertex -15 -30.5 0
    endloop
  endfacet
  facet normal -0 0 -1
    outer loop
      vertex -15 -21.25 0
      vertex -19.1703 -23.3997 0
      vertex -15.4242 -21.2222 0
    endloop
  endfacet
  facet normal 0 -0 -1
    outer loop
      vertex -19.1183 -23.2942 0
      vertex -15.4242 -21.2222 0
      vertex -19.1703 -23.3997 0
    endloop
  endfacet
  facet normal 0 -0 -1
    outer loop
      vertex -19.0804 -23.1827 0
      vertex -15.4242 -21.2222 0
      vertex -19.1183 -23.2942 0
    endloop
  endfacet
  facet normal 0 0 -1
    outer loop
      vertex -19.2357 -23.4976 0
      vertex -15 -30.5 0
      vertex -16.6316 -30.3931 0
    endloop
  endfacet
  facet normal 0 -0 -1
    outer loop
      vertex -19.0574 -23.0672 0
      vertex -15.8412 -21.1393 0
      vertex -19.0804 -23.1827 0
    endloop
  endfacet
  facet normal -0 0 -1
    outer loop
      vertex -15.8412 -21.1393 0
      vertex -19.0574 -23.0672 0
      vertex -16.2437 -21.0026 0
    endloop
  endfacet
  facet normal 0 0 -1
    outer loop
      vertex -19.0574 -22.8323 0
      vertex -16.2437 -21.0026 0
      vertex -19.0497 -22.9497 0
    endloop
  endfacet
  facet normal -0 0 -1
    outer loop
      vertex -16.2437 -21.0026 0
      vertex -19.0574 -22.8323 0
      vertex -16.625 -20.8146 0
    endloop
  endfacet
  facet normal 0 0 -1
    outer loop
      vertex -19.1183 -22.6053 0
      vertex -16.625 -20.8146 0
      vertex -19.0804 -22.7168 0
    endloop
  endfacet
  facet normal -0 0 -1
    outer loop
      vertex -16.625 -20.8146 0
      vertex -19.1183 -22.6053 0
      vertex -16.9785 -20.5784 0
    endloop
  endfacet
  facet normal 0 0 -1
    outer loop
      vertex -19.2357 -22.4019 0
      vertex -16.9785 -20.5784 0
      vertex -19.1703 -22.4997 0
    endloop
  endfacet
  facet normal 0 0 -1
    outer loop
      vertex -19.3134 -23.5861 0
      vertex -16.6316 -30.3931 0
      vertex -18.2352 -30.0741 0
    endloop
  endfacet
  facet normal -0 0 -1
    outer loop
      vertex -16.9785 -20.5784 0
      vertex -19.2357 -22.4019 0
      vertex -17.2981 -20.2981 0
    endloop
  endfacet
  facet normal 0 0 -1
    outer loop
      vertex -19.3134 -22.3134 0
      vertex -17.2981 -20.2981 0
      vertex -19.2357 -22.4019 0
    endloop
  endfacet
  facet normal 0 0 -1
    outer loop
      vertex -19.1703 -22.4997 0
      vertex -16.9785 -20.5784 0
      vertex -19.1183 -22.6053 0
    endloop
  endfacet
  facet normal 0 0 -1
    outer loop
      vertex -19.0804 -22.7168 0
      vertex -16.625 -20.8146 0
      vertex -19.0574 -22.8323 0
    endloop
  endfacet
  facet normal 0 -0 -1
    outer loop
      vertex -19.0497 -22.9497 0
      vertex -16.2437 -21.0026 0
      vertex -19.0574 -23.0672 0
    endloop
  endfacet
  facet normal -0 0 -1
    outer loop
      vertex -15.4242 -21.2222 0
      vertex -19.0804 -23.1827 0
      vertex -15.8412 -21.1393 0
    endloop
  endfacet
  facet normal 0 0 -1
    outer loop
      vertex -15 -30.5 0
      vertex -19.2357 -23.4976 0
      vertex -19.1703 -23.3997 0
    endloop
  endfacet
  facet normal 0 0 -1
    outer loop
      vertex -16.6316 -30.3931 0
      vertex -19.3134 -23.5861 0
      vertex -19.2357 -23.4976 0
    endloop
  endfacet
  facet normal 0 0 -1
    outer loop
      vertex -18.2352 -30.0741 0
      vertex -19.4019 -23.6638 0
      vertex -19.3134 -23.5861 0
    endloop
  endfacet
  facet normal 0 0 -1
    outer loop
      vertex -18.2352 -30.0741 0
      vertex -19.4997 -23.7292 0
      vertex -19.4019 -23.6638 0
    endloop
  endfacet
  facet normal 0 0 -1
    outer loop
      vertex -19.7835 -29.5485 0
      vertex -19.4997 -23.7292 0
      vertex -18.2352 -30.0741 0
    endloop
  endfacet
  facet normal 0 0 -1
    outer loop
      vertex -19.4997 -23.7292 0
      vertex -19.7835 -29.5485 0
      vertex -19.6053 -23.7812 0
    endloop
  endfacet
  facet normal 0 0 -1
    outer loop
      vertex -19.6053 -23.7812 0
      vertex -19.7835 -29.5485 0
      vertex -19.7168 -23.8191 0
    endloop
  endfacet
  facet normal 0 0 -1
    outer loop
      vertex -19.7835 -29.5485 0
      vertex -19.8323 -23.842 0
      vertex -19.7168 -23.8191 0
    endloop
  endfacet
  facet normal 0 0 -1
    outer loop
      vertex -21.25 -28.8253 0
      vertex -19.8323 -23.842 0
      vertex -19.7835 -29.5485 0
    endloop
  endfacet
  facet normal 0 0 -1
    outer loop
      vertex -19.8323 -23.842 0
      vertex -21.25 -28.8253 0
      vertex -19.9497 -23.8497 0
    endloop
  endfacet
  facet normal -0 0 -1
    outer loop
      vertex -19.9497 -23.8497 0
      vertex -21.25 -28.8253 0
      vertex -20.0672 -23.842 0
    endloop
  endfacet
  facet normal 0 0 -1
    outer loop
      vertex -22.6095 -27.9169 0
      vertex -20.0672 -23.842 0
      vertex -21.25 -28.8253 0
    endloop
  endfacet
  facet normal -0 0 -1
    outer loop
      vertex -20.0672 -23.842 0
      vertex -22.6095 -27.9169 0
      vertex -20.1827 -23.8191 0
    endloop
  endfacet
  facet normal -0 0 -1
    outer loop
      vertex -20.1827 -23.8191 0
      vertex -22.6095 -27.9169 0
      vertex -20.2942 -23.7812 0
    endloop
  endfacet
  facet normal -0 0 -1
    outer loop
      vertex -20.2942 -23.7812 0
      vertex -22.6095 -27.9169 0
      vertex -20.3997 -23.7292 0
    endloop
  endfacet
  facet normal 0 0 -1
    outer loop
      vertex -23.8388 -26.8388 0
      vertex -20.3997 -23.7292 0
      vertex -22.6095 -27.9169 0
    endloop
  endfacet
  facet normal -0 0 -1
    outer loop
      vertex -20.3997 -23.7292 0
      vertex -23.8388 -26.8388 0
      vertex -20.4976 -23.6638 0
    endloop
  endfacet
  facet normal -0 0 -1
    outer loop
      vertex -20.4976 -23.6638 0
      vertex -23.8388 -26.8388 0
      vertex -20.5861 -23.5861 0
    endloop
  endfacet
  facet normal -0 0 -1
    outer loop
      vertex -20.5861 -23.5861 0
      vertex -23.8388 -26.8388 0
      vertex -20.6638 -23.4976 0
    endloop
  endfacet
  facet normal -0 0 -1
    outer loop
      vertex -20.6638 -23.4976 0
      vertex -23.8388 -26.8388 0
      vertex -20.7292 -23.3997 0
    endloop
  endfacet
  facet normal -0 0 -1
    outer loop
      vertex -20.7812 -23.2942 0
      vertex -24.9169 -25.6095 0
      vertex -20.8191 -23.1827 0
    endloop
  endfacet
  facet normal -0 0 -1
    outer loop
      vertex -20.7292 -23.3997 0
      vertex -24.9169 -25.6095 0
      vertex -20.7812 -23.2942 0
    endloop
  endfacet
  facet normal 0 0 -1
    outer loop
      vertex -24.9169 -25.6095 0
      vertex -20.7292 -23.3997 0
      vertex -23.8388 -26.8388 0
    endloop
  endfacet
  facet normal -0 0 -1
    outer loop
      vertex 49 -2 0
      vertex 41 -13 0
      vertex 41 -2 0
    endloop
  endfacet
  facet normal 0 0 -1
    outer loop
      vertex -9.21876 -12.7058 0
      vertex -5.08308 -10.3905 0
      vertex -9.18092 -12.8173 0
    endloop
  endfacet
  facet normal 0 0 -1
    outer loop
      vertex -9.27083 -12.6003 0
      vertex -5.08308 -10.3905 0
      vertex -9.21876 -12.7058 0
    endloop
  endfacet
  facet normal -0 0 -1
    outer loop
      vertex -5.08308 -10.3905 0
      vertex -9.27083 -12.6003 0
      vertex -6.16116 -9.16116 0
    endloop
  endfacet
  facet normal 0 0 -1
    outer loop
      vertex -9.33623 -12.5024 0
      vertex -6.16116 -9.16116 0
      vertex -9.27083 -12.6003 0
    endloop
  endfacet
  facet normal 0 0 -1
    outer loop
      vertex -9.41386 -12.4139 0
      vertex -6.16116 -9.16116 0
      vertex -9.33623 -12.5024 0
    endloop
  endfacet
  facet normal 0 0 -1
    outer loop
      vertex -9.50237 -12.3362 0
      vertex -6.16116 -9.16116 0
      vertex -9.41386 -12.4139 0
    endloop
  endfacet
  facet normal 0 0 -1
    outer loop
      vertex -9.60025 -12.2708 0
      vertex -6.16116 -9.16116 0
      vertex -9.50237 -12.3362 0
    endloop
  endfacet
  facet normal -0 0 -1
    outer loop
      vertex -6.16116 -9.16116 0
      vertex -9.60025 -12.2708 0
      vertex -7.39048 -8.08308 0
    endloop
  endfacet
  facet normal 0 0 -1
    outer loop
      vertex -9.70584 -12.2188 0
      vertex -7.39048 -8.08308 0
      vertex -9.60025 -12.2708 0
    endloop
  endfacet
  facet normal 0 0 -1
    outer loop
      vertex -9.81732 -12.1809 0
      vertex -7.39048 -8.08308 0
      vertex -9.70584 -12.2188 0
    endloop
  endfacet
  facet normal 0 0 -1
    outer loop
      vertex -9.93278 -12.158 0
      vertex -7.39048 -8.08308 0
      vertex -9.81732 -12.1809 0
    endloop
  endfacet
  facet normal -0 0 -1
    outer loop
      vertex -7.39048 -8.08308 0
      vertex -9.93278 -12.158 0
      vertex -8.75 -7.17468 0
    endloop
  endfacet
  facet normal 0 0 -1
    outer loop
      vertex -10.0503 -12.1503 0
      vertex -8.75 -7.17468 0
      vertex -9.93278 -12.158 0
    endloop
  endfacet
  facet normal 0 0 -1
    outer loop
      vertex -10.1677 -12.158 0
      vertex -8.75 -7.17468 0
      vertex -10.0503 -12.1503 0
    endloop
  endfacet
  facet normal 0 0 -1
    outer loop
      vertex -10.1677 -12.158 0
      vertex -10.2165 -6.45151 0
      vertex -8.75 -7.17468 0
    endloop
  endfacet
  facet normal 0 0 -1
    outer loop
      vertex -10.2832 -12.1809 0
      vertex -10.2165 -6.45151 0
      vertex -10.1677 -12.158 0
    endloop
  endfacet
  facet normal 0 0 -1
    outer loop
      vertex -10.3947 -12.2188 0
      vertex -10.2165 -6.45151 0
      vertex -10.2832 -12.1809 0
    endloop
  endfacet
  facet normal 0 0 -1
    outer loop
      vertex -10.5003 -12.2708 0
      vertex -10.2165 -6.45151 0
      vertex -10.3947 -12.2188 0
    endloop
  endfacet
  facet normal 0 0 -1
    outer loop
      vertex -11.7648 -5.92593 0
      vertex -10.5003 -12.2708 0
      vertex -10.5981 -12.3362 0
    endloop
  endfacet
  facet normal 0 0 -1
    outer loop
      vertex -11.7648 -5.92593 0
      vertex -10.5981 -12.3362 0
      vertex -10.6866 -12.4139 0
    endloop
  endfacet
  facet normal 0 0 -1
    outer loop
      vertex -13.3684 -5.60694 0
      vertex -10.6866 -12.4139 0
      vertex -10.7643 -12.5024 0
    endloop
  endfacet
  facet normal 0 0 -1
    outer loop
      vertex -15 -5.5 0
      vertex -10.7643 -12.5024 0
      vertex -10.8297 -12.6003 0
    endloop
  endfacet
  facet normal 0 0 -1
    outer loop
      vertex -14.5758 -14.7778 0
      vertex -10.8297 -12.6003 0
      vertex -10.8817 -12.7058 0
    endloop
  endfacet
  facet normal 0 0 -1
    outer loop
      vertex -14.5758 -14.7778 0
      vertex -10.8817 -12.7058 0
      vertex -10.9196 -12.8173 0
    endloop
  endfacet
  facet normal 0 0 -1
    outer loop
      vertex -14.1588 -14.8607 0
      vertex -10.9196 -12.8173 0
      vertex -10.9426 -12.9328 0
    endloop
  endfacet
  facet normal -0 0 -1
    outer loop
      vertex -10.6866 -13.6866 0
      vertex -12.7019 -15.7019 0
      vertex -10.7643 -13.5981 0
    endloop
  endfacet
  facet normal 0 0 -1
    outer loop
      vertex -13.0215 -15.4216 0
      vertex -10.7643 -13.5981 0
      vertex -12.7019 -15.7019 0
    endloop
  endfacet
  facet normal -0 0 -1
    outer loop
      vertex -10.7643 -13.5981 0
      vertex -13.0215 -15.4216 0
      vertex -10.8297 -13.5003 0
    endloop
  endfacet
  facet normal -0 0 -1
    outer loop
      vertex -10.8297 -13.5003 0
      vertex -13.0215 -15.4216 0
      vertex -10.8817 -13.3947 0
    endloop
  endfacet
  facet normal 0 0 -1
    outer loop
      vertex -13.375 -15.1854 0
      vertex -10.8817 -13.3947 0
      vertex -13.0215 -15.4216 0
    endloop
  endfacet
  facet normal -0 0 -1
    outer loop
      vertex -10.8817 -13.3947 0
      vertex -13.375 -15.1854 0
      vertex -10.9196 -13.2832 0
    endloop
  endfacet
  facet normal -0 0 -1
    outer loop
      vertex -10.9196 -13.2832 0
      vertex -13.375 -15.1854 0
      vertex -10.9426 -13.1677 0
    endloop
  endfacet
  facet normal 0 0 -1
    outer loop
      vertex -13.7563 -14.9974 0
      vertex -10.9426 -13.1677 0
      vertex -13.375 -15.1854 0
    endloop
  endfacet
  facet normal -0 0 -1
    outer loop
      vertex -10.9426 -13.1677 0
      vertex -13.7563 -14.9974 0
      vertex -10.9503 -13.0503 0
    endloop
  endfacet
  facet normal -0 0 -1
    outer loop
      vertex -10.9503 -13.0503 0
      vertex -13.7563 -14.9974 0
      vertex -10.9426 -12.9328 0
    endloop
  endfacet
  facet normal 0 0 -1
    outer loop
      vertex -14.1588 -14.8607 0
      vertex -10.9426 -12.9328 0
      vertex -13.7563 -14.9974 0
    endloop
  endfacet
  facet normal 0 0 -1
    outer loop
      vertex -10.5003 -12.2708 0
      vertex -11.7648 -5.92593 0
      vertex -10.2165 -6.45151 0
    endloop
  endfacet
  facet normal 0 0 -1
    outer loop
      vertex -10.9196 -12.8173 0
      vertex -14.1588 -14.8607 0
      vertex -14.5758 -14.7778 0
    endloop
  endfacet
  facet normal 0 0 -1
    outer loop
      vertex -10.6866 -12.4139 0
      vertex -13.3684 -5.60694 0
      vertex -11.7648 -5.92593 0
    endloop
  endfacet
  facet normal 0 0 -1
    outer loop
      vertex -10.8297 -12.6003 0
      vertex -14.5758 -14.7778 0
      vertex -15 -14.75 0
    endloop
  endfacet
  facet normal -0 0 -1
    outer loop
      vertex -10.8297 -12.6003 0
      vertex -15 -14.75 0
      vertex -15 -5.5 0
    endloop
  endfacet
  facet normal 0 0 -1
    outer loop
      vertex -10.7643 -12.5024 0
      vertex -15 -5.5 0
      vertex -13.3684 -5.60694 0
    endloop
  endfacet
  facet normal 0 0 -1
    outer loop
      vertex -19.1703 -12.6003 0
      vertex -15 -14.75 0
      vertex -15.4242 -14.7778 0
    endloop
  endfacet
  facet normal 0 0 -1
    outer loop
      vertex -19.0804 -12.8173 0
      vertex -15.4242 -14.7778 0
      vertex -15.8412 -14.8607 0
    endloop
  endfacet
  facet normal 0 0 -1
    outer loop
      vertex -19.0574 -12.9328 0
      vertex -15.8412 -14.8607 0
      vertex -16.2437 -14.9974 0
    endloop
  endfacet
  facet normal 0 0 -1
    outer loop
      vertex -19.0497 -13.0503 0
      vertex -16.2437 -14.9974 0
      vertex -16.625 -15.1854 0
    endloop
  endfacet
  facet normal 0 0 -1
    outer loop
      vertex -15.4242 -14.7778 0
      vertex -19.1183 -12.7058 0
      vertex -19.1703 -12.6003 0
    endloop
  endfacet
  facet normal 0 0 -1
    outer loop
      vertex -19.0497 -13.0503 0
      vertex -16.625 -15.1854 0
      vertex -16.9785 -15.4216 0
    endloop
  endfacet
  facet normal 0 0 -1
    outer loop
      vertex -19.0497 -13.0503 0
      vertex -16.9785 -15.4216 0
      vertex -17.2981 -15.7019 0
    endloop
  endfacet
  facet normal 0 0 -1
    outer loop
      vertex -19.0497 -13.0503 0
      vertex -17.2981 -15.7019 0
      vertex -17.5784 -16.0215 0
    endloop
  endfacet
  facet normal 0 0 -1
    outer loop
      vertex -19.0497 -13.0503 0
      vertex -17.5784 -16.0215 0
      vertex -17.8146 -16.375 0
    endloop
  endfacet
  facet normal 0 0 -1
    outer loop
      vertex -19.0497 -13.0503 0
      vertex -17.8146 -16.375 0
      vertex -18.0026 -16.7563 0
    endloop
  endfacet
  facet normal 0 0 -1
    outer loop
      vertex -19.0497 -13.0503 0
      vertex -18.0026 -16.7563 0
      vertex -18.1393 -17.1588 0
    endloop
  endfacet
  facet normal 0 0 -1
    outer loop
      vertex -19.0497 -13.0503 0
      vertex -18.1393 -17.1588 0
      vertex -18.2222 -17.5758 0
    endloop
  endfacet
  facet normal 0 0 -1
    outer loop
      vertex -16.2437 -14.9974 0
      vertex -19.0497 -13.0503 0
      vertex -19.0574 -12.9328 0
    endloop
  endfacet
  facet normal 0 0 -1
    outer loop
      vertex -19.0497 -13.0503 0
      vertex -18.2222 -17.5758 0
      vertex -18.25 -18 0
    endloop
  endfacet
  facet normal 0 0 -1
    outer loop
      vertex -19.4019 -22.2357 0
      vertex -17.2981 -20.2981 0
      vertex -19.3134 -22.3134 0
    endloop
  endfacet
  facet normal 0 0 -1
    outer loop
      vertex -15.8412 -14.8607 0
      vertex -19.0574 -12.9328 0
      vertex -19.0804 -12.8173 0
    endloop
  endfacet
  facet normal 0 0 -1
    outer loop
      vertex -15.4242 -14.7778 0
      vertex -19.0804 -12.8173 0
      vertex -19.1183 -12.7058 0
    endloop
  endfacet
  facet normal 0 0 -1
    outer loop
      vertex -15 -14.75 0
      vertex -19.1703 -12.6003 0
      vertex -15 -5.5 0
    endloop
  endfacet
  facet normal 0 0 -1
    outer loop
      vertex -19.2357 -12.5024 0
      vertex -15 -5.5 0
      vertex -19.1703 -12.6003 0
    endloop
  endfacet
  facet normal 0 0 -1
    outer loop
      vertex -15 -5.5 0
      vertex -19.2357 -12.5024 0
      vertex -16.6316 -5.60694 0
    endloop
  endfacet
  facet normal 0 0 -1
    outer loop
      vertex -19.3134 -12.4139 0
      vertex -16.6316 -5.60694 0
      vertex -19.2357 -12.5024 0
    endloop
  endfacet
  facet normal 0 0 -1
    outer loop
      vertex -16.6316 -5.60694 0
      vertex -19.3134 -12.4139 0
      vertex -18.2352 -5.92593 0
    endloop
  endfacet
  facet normal 0 0 -1
    outer loop
      vertex -19.4019 -12.3362 0
      vertex -18.2352 -5.92593 0
      vertex -19.3134 -12.4139 0
    endloop
  endfacet
  facet normal 0 0 -1
    outer loop
      vertex -19.4997 -12.2708 0
      vertex -18.2352 -5.92593 0
      vertex -19.4019 -12.3362 0
    endloop
  endfacet
  facet normal 0 0 -1
    outer loop
      vertex -19.7835 -6.45151 0
      vertex -19.4997 -12.2708 0
      vertex -19.6053 -12.2188 0
    endloop
  endfacet
  facet normal 0 0 -1
    outer loop
      vertex -19.7835 -6.45151 0
      vertex -19.6053 -12.2188 0
      vertex -19.7168 -12.1809 0
    endloop
  endfacet
  facet normal 0 0 -1
    outer loop
      vertex -19.4997 -12.2708 0
      vertex -19.7835 -6.45151 0
      vertex -18.2352 -5.92593 0
    endloop
  endfacet
  facet normal 0 0 -1
    outer loop
      vertex -19.8323 -12.158 0
      vertex -19.7835 -6.45151 0
      vertex -19.7168 -12.1809 0
    endloop
  endfacet
  facet normal 0 0 -1
    outer loop
      vertex -21.25 -7.17468 0
      vertex -19.8323 -12.158 0
      vertex -19.9497 -12.1503 0
    endloop
  endfacet
  facet normal 0 0 -1
    outer loop
      vertex -21.25 -7.17468 0
      vertex -19.9497 -12.1503 0
      vertex -20.0672 -12.158 0
    endloop
  endfacet
  facet normal 0 0 -1
    outer loop
      vertex -22.6095 -8.08308 0
      vertex -20.0672 -12.158 0
      vertex -20.1827 -12.1809 0
    endloop
  endfacet
  facet normal 0 0 -1
    outer loop
      vertex -22.6095 -8.08308 0
      vertex -20.1827 -12.1809 0
      vertex -20.2942 -12.2188 0
    endloop
  endfacet
  facet normal 0 0 -1
    outer loop
      vertex -22.6095 -8.08308 0
      vertex -20.2942 -12.2188 0
      vertex -20.3997 -12.2708 0
    endloop
  endfacet
  facet normal 0 0 -1
    outer loop
      vertex -23.8388 -9.16116 0
      vertex -20.3997 -12.2708 0
      vertex -20.4976 -12.3362 0
    endloop
  endfacet
  facet normal 0 0 -1
    outer loop
      vertex -23.8388 -9.16116 0
      vertex -20.4976 -12.3362 0
      vertex -20.5861 -12.4139 0
    endloop
  endfacet
  facet normal 0 0 -1
    outer loop
      vertex -23.8388 -9.16116 0
      vertex -20.5861 -12.4139 0
      vertex -20.6638 -12.5024 0
    endloop
  endfacet
  facet normal 0 0 -1
    outer loop
      vertex -23.8388 -9.16116 0
      vertex -20.6638 -12.5024 0
      vertex -20.7292 -12.6003 0
    endloop
  endfacet
  facet normal 0 0 -1
    outer loop
      vertex -24.9169 -10.3905 0
      vertex -20.7292 -12.6003 0
      vertex -20.7812 -12.7058 0
    endloop
  endfacet
  facet normal 0 0 -1
    outer loop
      vertex -24.9169 -10.3905 0
      vertex -20.7812 -12.7058 0
      vertex -20.8191 -12.8173 0
    endloop
  endfacet
  facet normal 0 0 -1
    outer loop
      vertex -24.9169 -10.3905 0
      vertex -20.8191 -12.8173 0
      vertex -20.842 -12.9328 0
    endloop
  endfacet
  facet normal 0 0 -1
    outer loop
      vertex -19.8323 -12.158 0
      vertex -21.25 -7.17468 0
      vertex -19.7835 -6.45151 0
    endloop
  endfacet
  facet normal 0 0 -1
    outer loop
      vertex -25.8253 -11.75 0
      vertex -20.842 -12.9328 0
      vertex -20.8497 -13.0503 0
    endloop
  endfacet
  facet normal -0 0 -1
    outer loop
      vertex -20.8191 -23.1827 0
      vertex -24.9169 -25.6095 0
      vertex -20.842 -23.0672 0
    endloop
  endfacet
  facet normal 0 0 -1
    outer loop
      vertex -25.8253 -24.25 0
      vertex -20.842 -23.0672 0
      vertex -24.9169 -25.6095 0
    endloop
  endfacet
  facet normal 0 0 -1
    outer loop
      vertex -20.0672 -12.158 0
      vertex -22.6095 -8.08308 0
      vertex -21.25 -7.17468 0
    endloop
  endfacet
  facet normal -0 0 -1
    outer loop
      vertex -20.842 -23.0672 0
      vertex -25.8253 -24.25 0
      vertex -20.8497 -22.9497 0
    endloop
  endfacet
  facet normal 0 0 -1
    outer loop
      vertex -20.3997 -12.2708 0
      vertex -23.8388 -9.16116 0
      vertex -22.6095 -8.08308 0
    endloop
  endfacet
  facet normal -0 0 -1
    outer loop
      vertex -20.842 -22.8323 0
      vertex -25.8253 -24.25 0
      vertex -26.5485 -22.7835 0
    endloop
  endfacet
  facet normal 0 0 -1
    outer loop
      vertex -20.7292 -12.6003 0
      vertex -24.9169 -10.3905 0
      vertex -23.8388 -9.16116 0
    endloop
  endfacet
  facet normal -0 0 -1
    outer loop
      vertex -20.7292 -22.4997 0
      vertex -26.5485 -22.7835 0
      vertex -27.0741 -21.2352 0
    endloop
  endfacet
  facet normal 0 0 -1
    outer loop
      vertex -20.842 -12.9328 0
      vertex -25.8253 -11.75 0
      vertex -24.9169 -10.3905 0
    endloop
  endfacet
  facet normal 0 0 -1
    outer loop
      vertex -20.5861 -22.3134 0
      vertex -27.0741 -21.2352 0
      vertex -27.3931 -19.6316 0
    endloop
  endfacet
  facet normal 0 0 -1
    outer loop
      vertex -20.842 -13.1677 0
      vertex -25.8253 -11.75 0
      vertex -20.8497 -13.0503 0
    endloop
  endfacet
  facet normal 0 0 -1
    outer loop
      vertex -20.4976 -22.2357 0
      vertex -27.3931 -19.6316 0
      vertex -27.5 -18 0
    endloop
  endfacet
  facet normal 0 -0 -1
    outer loop
      vertex -25.8253 -11.75 0
      vertex -20.842 -13.1677 0
      vertex -26.5485 -13.2165 0
    endloop
  endfacet
  facet normal 0 0 -1
    outer loop
      vertex -20.7292 -13.5003 0
      vertex -26.5485 -13.2165 0
      vertex -20.7812 -13.3947 0
    endloop
  endfacet
  facet normal 0 0 -1
    outer loop
      vertex -20.8191 -13.2832 0
      vertex -26.5485 -13.2165 0
      vertex -20.842 -13.1677 0
    endloop
  endfacet
  facet normal 0 0 -1
    outer loop
      vertex -20.7812 -13.3947 0
      vertex -26.5485 -13.2165 0
      vertex -20.8191 -13.2832 0
    endloop
  endfacet
  facet normal -0.946926 -0.321452 0
    outer loop
      vertex -26.5485 -22.7835 0
      vertex -27.0741 -21.2352 4
      vertex -27.0741 -21.2352 0
    endloop
  endfacet
  facet normal -0.946926 -0.321452 0
    outer loop
      vertex -27.0741 -21.2352 4
      vertex -26.5485 -22.7835 0
      vertex -26.5485 -22.7835 4
    endloop
  endfacet
  facet normal -0.831466 -0.555575 0
    outer loop
      vertex -24.9169 -25.6095 0
      vertex -25.8253 -24.25 4
      vertex -25.8253 -24.25 0
    endloop
  endfacet
  facet normal -0.831466 -0.555575 0
    outer loop
      vertex -25.8253 -24.25 4
      vertex -24.9169 -25.6095 0
      vertex -24.9169 -25.6095 4
    endloop
  endfacet
  facet normal -0.980782 0.195105 0
    outer loop
      vertex -27.3931 -16.3684 0
      vertex -27.0741 -14.7648 4
      vertex -27.0741 -14.7648 0
    endloop
  endfacet
  facet normal -0.980782 0.195105 0
    outer loop
      vertex -27.0741 -14.7648 4
      vertex -27.3931 -16.3684 0
      vertex -27.3931 -16.3684 4
    endloop
  endfacet
  facet normal 0.659351 -0.751835 0
    outer loop
      vertex -7.39048 -27.9169 0
      vertex -6.16116 -26.8388 4
      vertex -7.39048 -27.9169 4
    endloop
  endfacet
  facet normal 0.659351 -0.751835 0
    outer loop
      vertex -6.16116 -26.8388 4
      vertex -7.39048 -27.9169 0
      vertex -6.16116 -26.8388 0
    endloop
  endfacet
  facet normal 0.321452 -0.946926 0
    outer loop
      vertex -11.7648 -30.0741 0
      vertex -10.2165 -29.5485 4
      vertex -11.7648 -30.0741 4
    endloop
  endfacet
  facet normal 0.321452 -0.946926 0
    outer loop
      vertex -10.2165 -29.5485 4
      vertex -11.7648 -30.0741 0
      vertex -10.2165 -29.5485 0
    endloop
  endfacet
  facet normal 0.555569 -0.83147 0
    outer loop
      vertex -8.75 -28.8253 0
      vertex -7.39048 -27.9169 4
      vertex -8.75 -28.8253 4
    endloop
  endfacet
  facet normal 0.555569 -0.83147 0
    outer loop
      vertex -7.39048 -27.9169 4
      vertex -8.75 -28.8253 0
      vertex -7.39048 -27.9169 0
    endloop
  endfacet
  facet normal 1 -0 0
    outer loop
      vertex 49 -23 4
      vertex 49 -2 0
      vertex 49 -2 4
    endloop
  endfacet
  facet normal 1 0 0
    outer loop
      vertex 49 -2 0
      vertex 49 -23 4
      vertex 49 -23 0
    endloop
  endfacet
  facet normal 0 -1 -0
    outer loop
      vertex -3.16968 -23 0.711122
      vertex -3.55825 -23 0
      vertex -3 -23 0.7
    endloop
  endfacet
  facet normal 0 -1 -0
    outer loop
      vertex -3.33646 -23 0.744296
      vertex -3.55825 -23 0
      vertex -3.16968 -23 0.711122
    endloop
  endfacet
  facet normal 0 -1 -0
    outer loop
      vertex -3.49749 -23 0.798956
      vertex -3.55825 -23 0
      vertex -3.33646 -23 0.744296
    endloop
  endfacet
  facet normal 0 -1 0
    outer loop
      vertex -3.55825 -23 0
      vertex -3.49749 -23 0.798956
      vertex -3.55825 -23 0.828921
    endloop
  endfacet
  facet normal 0 -1 0
    outer loop
      vertex -2.83032 -23 3.28888
      vertex -3.55825 -23 4
      vertex -3 -23 3.3
    endloop
  endfacet
  facet normal 0 -1 0
    outer loop
      vertex -3.55825 -23 4
      vertex -3.16968 -23 3.28888
      vertex -3 -23 3.3
    endloop
  endfacet
  facet normal 0 -1 0
    outer loop
      vertex -3.55825 -23 4
      vertex -3.33646 -23 3.2557
      vertex -3.16968 -23 3.28888
    endloop
  endfacet
  facet normal 0 -1 0
    outer loop
      vertex -3.55825 -23 4
      vertex -3.49749 -23 3.20104
      vertex -3.33646 -23 3.2557
    endloop
  endfacet
  facet normal -0 -1 0
    outer loop
      vertex -3.49749 -23 3.20104
      vertex -3.55825 -23 4
      vertex -3.55825 -23 3.17108
    endloop
  endfacet
  facet normal 0 -1 0
    outer loop
      vertex -2.66354 -23 3.2557
      vertex -3.55825 -23 4
      vertex -2.83032 -23 3.28888
    endloop
  endfacet
  facet normal 0 -1 0
    outer loop
      vertex -2.50251 -23 3.20104
      vertex -3.55825 -23 4
      vertex -2.66354 -23 3.2557
    endloop
  endfacet
  facet normal 0 -1 0
    outer loop
      vertex -2.35 -23 3.12583
      vertex -3.55825 -23 4
      vertex -2.50251 -23 3.20104
    endloop
  endfacet
  facet normal 0 -1 0
    outer loop
      vertex -2.20861 -23 3.03136
      vertex -3.55825 -23 4
      vertex -2.35 -23 3.12583
    endloop
  endfacet
  facet normal 0 -1 0
    outer loop
      vertex -3.55825 -23 4
      vertex -2.20861 -23 3.03136
      vertex 49 -23 4
    endloop
  endfacet
  facet normal 0 -1 0
    outer loop
      vertex -2.08076 -23 2.91924
      vertex 49 -23 4
      vertex -2.20861 -23 3.03136
    endloop
  endfacet
  facet normal 0 -1 0
    outer loop
      vertex -1.96864 -23 2.79139
      vertex 49 -23 4
      vertex -2.08076 -23 2.91924
    endloop
  endfacet
  facet normal 0 -1 0
    outer loop
      vertex -1.87417 -23 2.65
      vertex 49 -23 4
      vertex -1.96864 -23 2.79139
    endloop
  endfacet
  facet normal 0 -1 0
    outer loop
      vertex -1.79896 -23 2.49749
      vertex 49 -23 4
      vertex -1.87417 -23 2.65
    endloop
  endfacet
  facet normal 0 -1 0
    outer loop
      vertex -1.7443 -23 2.33646
      vertex 49 -23 4
      vertex -1.79896 -23 2.49749
    endloop
  endfacet
  facet normal 0 -1 0
    outer loop
      vertex -1.71112 -23 2.16968
      vertex 49 -23 4
      vertex -1.7443 -23 2.33646
    endloop
  endfacet
  facet normal 0 -1 0
    outer loop
      vertex -1.7 -23 2
      vertex 49 -23 4
      vertex -1.71112 -23 2.16968
    endloop
  endfacet
  facet normal 0 -1 0
    outer loop
      vertex 49 -23 0
      vertex -1.7 -23 2
      vertex -1.71112 -23 1.83032
    endloop
  endfacet
  facet normal 0 -1 0
    outer loop
      vertex 49 -23 0
      vertex -1.71112 -23 1.83032
      vertex -1.7443 -23 1.66354
    endloop
  endfacet
  facet normal 0 -1 0
    outer loop
      vertex 49 -23 0
      vertex -1.7443 -23 1.66354
      vertex -1.79896 -23 1.50251
    endloop
  endfacet
  facet normal 0 -1 0
    outer loop
      vertex 49 -23 0
      vertex -1.79896 -23 1.50251
      vertex -1.87417 -23 1.35
    endloop
  endfacet
  facet normal 0 -1 0
    outer loop
      vertex 49 -23 0
      vertex -1.87417 -23 1.35
      vertex -1.96864 -23 1.20861
    endloop
  endfacet
  facet normal 0 -1 0
    outer loop
      vertex 49 -23 0
      vertex -1.96864 -23 1.20861
      vertex -2.08076 -23 1.08076
    endloop
  endfacet
  facet normal 0 -1 0
    outer loop
      vertex 49 -23 0
      vertex -2.08076 -23 1.08076
      vertex -2.20861 -23 0.96864
    endloop
  endfacet
  facet normal 0 -1 0
    outer loop
      vertex -3.55825 -23 0
      vertex -2.20861 -23 0.96864
      vertex -2.35 -23 0.874166
    endloop
  endfacet
  facet normal 0 -1 0
    outer loop
      vertex -3.55825 -23 0
      vertex -2.35 -23 0.874166
      vertex -2.50251 -23 0.798956
    endloop
  endfacet
  facet normal 0 -1 0
    outer loop
      vertex -3.55825 -23 0
      vertex -2.50251 -23 0.798956
      vertex -2.66354 -23 0.744296
    endloop
  endfacet
  facet normal 0 -1 0
    outer loop
      vertex -3.55825 -23 0
      vertex -2.66354 -23 0.744296
      vertex -2.83032 -23 0.711122
    endloop
  endfacet
  facet normal 0 -1 0
    outer loop
      vertex -3.55825 -23 0
      vertex -2.83032 -23 0.711122
      vertex -3 -23 0.7
    endloop
  endfacet
  facet normal 0 -1 -0
    outer loop
      vertex -2.20861 -23 0.96864
      vertex -3.55825 -23 0
      vertex 49 -23 0
    endloop
  endfacet
  facet normal 0 -1 0
    outer loop
      vertex -1.7 -23 2
      vertex 49 -23 0
      vertex 49 -23 4
    endloop
  endfacet
  facet normal 0 1 -0
    outer loop
      vertex -2.20861 -13 3.03136
      vertex -3.55825 -13 4
      vertex 41 -13 4
    endloop
  endfacet
  facet normal 0 1 0
    outer loop
      vertex -3.55825 -13 4
      vertex -2.83032 -13 3.28888
      vertex -3 -13 3.3
    endloop
  endfacet
  facet normal 0 1 0
    outer loop
      vertex -3.55825 -13 4
      vertex -2.66354 -13 3.2557
      vertex -2.83032 -13 3.28888
    endloop
  endfacet
  facet normal 0 1 0
    outer loop
      vertex -3.55825 -13 4
      vertex -2.50251 -13 3.20104
      vertex -2.66354 -13 3.2557
    endloop
  endfacet
  facet normal 0 1 0
    outer loop
      vertex -3.55825 -13 4
      vertex -2.35 -13 3.12583
      vertex -2.50251 -13 3.20104
    endloop
  endfacet
  facet normal 0 1 0
    outer loop
      vertex -3.55825 -13 4
      vertex -2.20861 -13 3.03136
      vertex -2.35 -13 3.12583
    endloop
  endfacet
  facet normal 0 1 0
    outer loop
      vertex 41 -13 4
      vertex -2.08076 -13 2.91924
      vertex -2.20861 -13 3.03136
    endloop
  endfacet
  facet normal 0 1 0
    outer loop
      vertex 41 -13 4
      vertex -1.96864 -13 2.79139
      vertex -2.08076 -13 2.91924
    endloop
  endfacet
  facet normal 0 1 0
    outer loop
      vertex 41 -13 4
      vertex -1.87417 -13 2.65
      vertex -1.96864 -13 2.79139
    endloop
  endfacet
  facet normal 0 1 0
    outer loop
      vertex 41 -13 4
      vertex -1.79896 -13 2.49749
      vertex -1.87417 -13 2.65
    endloop
  endfacet
  facet normal 0 1 0
    outer loop
      vertex 41 -13 4
      vertex -1.7443 -13 2.33646
      vertex -1.79896 -13 2.49749
    endloop
  endfacet
  facet normal 0 1 0
    outer loop
      vertex 41 -13 4
      vertex -1.71112 -13 2.16968
      vertex -1.7443 -13 2.33646
    endloop
  endfacet
  facet normal 0 1 0
    outer loop
      vertex 41 -13 4
      vertex -1.7 -13 2
      vertex -1.71112 -13 2.16968
    endloop
  endfacet
  facet normal 0 1 -0
    outer loop
      vertex 41 -13 0
      vertex -1.7 -13 2
      vertex 41 -13 4
    endloop
  endfacet
  facet normal 0 1 0
    outer loop
      vertex -1.7 -13 2
      vertex 41 -13 0
      vertex -1.71112 -13 1.83032
    endloop
  endfacet
  facet normal 0 1 0
    outer loop
      vertex -1.71112 -13 1.83032
      vertex 41 -13 0
      vertex -1.7443 -13 1.66354
    endloop
  endfacet
  facet normal 0 1 0
    outer loop
      vertex -1.7443 -13 1.66354
      vertex 41 -13 0
      vertex -1.79896 -13 1.50251
    endloop
  endfacet
  facet normal 0 1 0
    outer loop
      vertex -1.79896 -13 1.50251
      vertex 41 -13 0
      vertex -1.87417 -13 1.35
    endloop
  endfacet
  facet normal 0 1 0
    outer loop
      vertex -1.87417 -13 1.35
      vertex 41 -13 0
      vertex -1.96864 -13 1.20861
    endloop
  endfacet
  facet normal 0 1 0
    outer loop
      vertex -1.96864 -13 1.20861
      vertex 41 -13 0
      vertex -2.08076 -13 1.08076
    endloop
  endfacet
  facet normal 0 1 0
    outer loop
      vertex -2.08076 -13 1.08076
      vertex 41 -13 0
      vertex -2.20861 -13 0.96864
    endloop
  endfacet
  facet normal 0 1 0
    outer loop
      vertex -3.55825 -13 0
      vertex -2.20861 -13 0.96864
      vertex 41 -13 0
    endloop
  endfacet
  facet normal 0 1 0
    outer loop
      vertex -2.20861 -13 0.96864
      vertex -3.55825 -13 0
      vertex -2.35 -13 0.874166
    endloop
  endfacet
  facet normal 0 1 0
    outer loop
      vertex -2.35 -13 0.874166
      vertex -3.55825 -13 0
      vertex -2.50251 -13 0.798956
    endloop
  endfacet
  facet normal 0 1 0
    outer loop
      vertex -2.66354 -13 0.744296
      vertex -3.55825 -13 0
      vertex -2.83032 -13 0.711122
    endloop
  endfacet
  facet normal 0 1 0
    outer loop
      vertex -2.50251 -13 0.798956
      vertex -3.55825 -13 0
      vertex -2.66354 -13 0.744296
    endloop
  endfacet
  facet normal 0 1 -0
    outer loop
      vertex -3.16968 -13 3.28888
      vertex -3.55825 -13 4
      vertex -3 -13 3.3
    endloop
  endfacet
  facet normal 0 1 -0
    outer loop
      vertex -3.33646 -13 3.2557
      vertex -3.55825 -13 4
      vertex -3.16968 -13 3.28888
    endloop
  endfacet
  facet normal 0 1 -0
    outer loop
      vertex -3.49749 -13 3.20104
      vertex -3.55825 -13 4
      vertex -3.33646 -13 3.2557
    endloop
  endfacet
  facet normal 0 1 0
    outer loop
      vertex -3.55825 -13 4
      vertex -3.49749 -13 3.20104
      vertex -3.55825 -13 3.17108
    endloop
  endfacet
  facet normal 0 1 0
    outer loop
      vertex -3.49749 -13 0.798956
      vertex -3.55825 -13 0
      vertex -3.55825 -13 0.828921
    endloop
  endfacet
  facet normal 0 1 0
    outer loop
      vertex -3.33646 -13 0.744296
      vertex -3.55825 -13 0
      vertex -3.49749 -13 0.798956
    endloop
  endfacet
  facet normal 0 1 0
    outer loop
      vertex -3.16968 -13 0.711122
      vertex -3.55825 -13 0
      vertex -3.33646 -13 0.744296
    endloop
  endfacet
  facet normal 0 1 0
    outer loop
      vertex -3 -13 0.7
      vertex -3.55825 -13 0
      vertex -3.16968 -13 0.711122
    endloop
  endfacet
  facet normal 0 1 0
    outer loop
      vertex -2.83032 -13 0.711122
      vertex -3.55825 -13 0
      vertex -3 -13 0.7
    endloop
  endfacet
  facet normal 0 1 -0
    outer loop
      vertex 49 -2 0
      vertex 41 -2 4
      vertex 49 -2 4
    endloop
  endfacet
  facet normal 0 1 0
    outer loop
      vertex 41 -2 4
      vertex 49 -2 0
      vertex 41 -2 0
    endloop
  endfacet
  facet normal -1 0 0
    outer loop
      vertex 41 -13 0
      vertex 41 -2 4
      vertex 41 -2 0
    endloop
  endfacet
  facet normal -1 -0 0
    outer loop
      vertex 41 -2 4
      vertex 41 -13 0
      vertex 41 -13 4
    endloop
  endfacet
  facet normal -0.980792 -0.195055 0
    outer loop
      vertex -9.15795 -22.8323 0
      vertex -9.18092 -22.7168 2
      vertex -9.18092 -22.7168 0
    endloop
  endfacet
  facet normal -0.980792 -0.195055 0
    outer loop
      vertex -9.18092 -22.7168 2
      vertex -9.15795 -22.8323 0
      vertex -9.15795 -22.8323 2
    endloop
  endfacet
  facet normal -0.997856 -0.0654471 0
    outer loop
      vertex -9.15025 -22.9497 0
      vertex -9.15795 -22.8323 2
      vertex -9.15795 -22.8323 0
    endloop
  endfacet
  facet normal -0.997856 -0.0654471 0
    outer loop
      vertex -9.15795 -22.8323 2
      vertex -9.15025 -22.9497 0
      vertex -9.15025 -22.9497 2
    endloop
  endfacet
  facet normal 0.441768 -0.897129 0
    outer loop
      vertex -10.5003 -22.1703 0
      vertex -10.3947 -22.1183 2
      vertex -10.5003 -22.1703 2
    endloop
  endfacet
  facet normal 0.441768 -0.897129 0
    outer loop
      vertex -10.3947 -22.1183 2
      vertex -10.5003 -22.1703 0
      vertex -10.3947 -22.1183 0
    endloop
  endfacet
  facet normal -0.0653806 -0.99786 0
    outer loop
      vertex -10.0503 -22.0497 0
      vertex -9.93278 -22.0574 2
      vertex -10.0503 -22.0497 2
    endloop
  endfacet
  facet normal -0.0653806 -0.99786 -0
    outer loop
      vertex -9.93278 -22.0574 2
      vertex -10.0503 -22.0497 0
      vertex -9.93278 -22.0574 0
    endloop
  endfacet
  facet normal -0.659724 -0.751508 0
    outer loop
      vertex -9.50237 -22.2357 0
      vertex -9.41386 -22.3134 2
      vertex -9.50237 -22.2357 2
    endloop
  endfacet
  facet normal -0.659724 -0.751508 -0
    outer loop
      vertex -9.41386 -22.3134 2
      vertex -9.50237 -22.2357 0
      vertex -9.41386 -22.3134 0
    endloop
  endfacet
  facet normal -0.441802 0.897113 0
    outer loop
      vertex -9.60025 -23.7292 0
      vertex -9.70584 -23.7812 2
      vertex -9.60025 -23.7292 2
    endloop
  endfacet
  facet normal -0.441802 0.897113 0
    outer loop
      vertex -9.70584 -23.7812 2
      vertex -9.60025 -23.7292 0
      vertex -9.70584 -23.7812 0
    endloop
  endfacet
  facet normal -0.194547 0.980893 0
    outer loop
      vertex -9.81732 -23.8191 0
      vertex -9.93278 -23.842 2
      vertex -9.81732 -23.8191 2
    endloop
  endfacet
  facet normal -0.194547 0.980893 0
    outer loop
      vertex -9.93278 -23.842 2
      vertex -9.81732 -23.8191 0
      vertex -9.93278 -23.842 0
    endloop
  endfacet
  facet normal -0.99786 0.0653917 0
    outer loop
      vertex -9.15795 -23.0672 0
      vertex -9.15025 -22.9497 2
      vertex -9.15025 -22.9497 0
    endloop
  endfacet
  facet normal -0.99786 0.0653917 0
    outer loop
      vertex -9.15025 -22.9497 2
      vertex -9.15795 -23.0672 0
      vertex -9.15795 -23.0672 2
    endloop
  endfacet
  facet normal 0.997856 -0.0654471 0
    outer loop
      vertex -10.9503 -22.9497 2
      vertex -10.9426 -22.8323 0
      vertex -10.9426 -22.8323 2
    endloop
  endfacet
  facet normal 0.997856 -0.0654471 0
    outer loop
      vertex -10.9426 -22.8323 0
      vertex -10.9503 -22.9497 2
      vertex -10.9503 -22.9497 0
    endloop
  endfacet
  facet normal -0.831265 -0.555877 0
    outer loop
      vertex -9.27083 -22.4997 0
      vertex -9.33623 -22.4019 2
      vertex -9.33623 -22.4019 0
    endloop
  endfacet
  facet normal -0.831265 -0.555877 0
    outer loop
      vertex -9.33623 -22.4019 2
      vertex -9.27083 -22.4997 0
      vertex -9.27083 -22.4997 2
    endloop
  endfacet
  facet normal -0.896893 -0.442247 0
    outer loop
      vertex -9.21876 -22.6053 0
      vertex -9.27083 -22.4997 2
      vertex -9.27083 -22.4997 0
    endloop
  endfacet
  facet normal -0.896893 -0.442247 0
    outer loop
      vertex -9.27083 -22.4997 2
      vertex -9.21876 -22.6053 0
      vertex -9.21876 -22.6053 2
    endloop
  endfacet
  facet normal -0.751766 0.65943 0
    outer loop
      vertex -9.41386 -23.5861 0
      vertex -9.33623 -23.4976 2
      vertex -9.33623 -23.4976 0
    endloop
  endfacet
  facet normal -0.751766 0.65943 0
    outer loop
      vertex -9.33623 -23.4976 2
      vertex -9.41386 -23.5861 0
      vertex -9.41386 -23.5861 2
    endloop
  endfacet
  facet normal -0.980792 0.195055 0
    outer loop
      vertex -9.18092 -23.1827 0
      vertex -9.15795 -23.0672 2
      vertex -9.15795 -23.0672 0
    endloop
  endfacet
  facet normal -0.980792 0.195055 0
    outer loop
      vertex -9.15795 -23.0672 2
      vertex -9.18092 -23.1827 0
      vertex -9.18092 -23.1827 2
    endloop
  endfacet
  facet normal 0.896963 0.442105 0
    outer loop
      vertex -10.8297 -23.3997 2
      vertex -10.8817 -23.2942 0
      vertex -10.8817 -23.2942 2
    endloop
  endfacet
  facet normal 0.896963 0.442105 0
    outer loop
      vertex -10.8817 -23.2942 0
      vertex -10.8297 -23.3997 2
      vertex -10.8297 -23.3997 0
    endloop
  endfacet
  facet normal 0.659766 -0.751471 0
    outer loop
      vertex -10.6866 -22.3134 0
      vertex -10.5981 -22.2357 2
      vertex -10.6866 -22.3134 2
    endloop
  endfacet
  facet normal 0.659766 -0.751471 0
    outer loop
      vertex -10.5981 -22.2357 2
      vertex -10.6866 -22.3134 0
      vertex -10.5981 -22.2357 0
    endloop
  endfacet
  facet normal 0.555877 -0.831265 0
    outer loop
      vertex -10.5981 -22.2357 0
      vertex -10.5003 -22.1703 2
      vertex -10.5981 -22.2357 2
    endloop
  endfacet
  facet normal 0.555877 -0.831265 0
    outer loop
      vertex -10.5003 -22.1703 2
      vertex -10.5981 -22.2357 0
      vertex -10.5003 -22.1703 0
    endloop
  endfacet
  facet normal 0.831527 0.555484 0
    outer loop
      vertex -10.7643 -23.4976 2
      vertex -10.8297 -23.3997 0
      vertex -10.8297 -23.3997 2
    endloop
  endfacet
  facet normal 0.831527 0.555484 0
    outer loop
      vertex -10.8297 -23.3997 0
      vertex -10.7643 -23.4976 2
      vertex -10.7643 -23.4976 0
    endloop
  endfacet
  facet normal 0.751471 0.659766 0
    outer loop
      vertex -10.6866 -23.5861 2
      vertex -10.7643 -23.4976 0
      vertex -10.7643 -23.4976 2
    endloop
  endfacet
  facet normal 0.751471 0.659766 0
    outer loop
      vertex -10.7643 -23.4976 0
      vertex -10.6866 -23.5861 2
      vertex -10.6866 -23.5861 0
    endloop
  endfacet
  facet normal -0.321878 0.946781 0
    outer loop
      vertex -9.70584 -23.7812 0
      vertex -9.81732 -23.8191 2
      vertex -9.70584 -23.7812 2
    endloop
  endfacet
  facet normal -0.321878 0.946781 0
    outer loop
      vertex -9.81732 -23.8191 2
      vertex -9.70584 -23.7812 0
      vertex -9.81732 -23.8191 0
    endloop
  endfacet
  facet normal 0.321827 -0.946799 0
    outer loop
      vertex -10.3947 -22.1183 0
      vertex -10.2832 -22.0804 2
      vertex -10.3947 -22.1183 2
    endloop
  endfacet
  facet normal 0.321827 -0.946799 0
    outer loop
      vertex -10.2832 -22.0804 2
      vertex -10.3947 -22.1183 0
      vertex -10.2832 -22.0804 0
    endloop
  endfacet
  facet normal -0.659724 0.751508 0
    outer loop
      vertex -9.41386 -23.5861 0
      vertex -9.50237 -23.6638 2
      vertex -9.41386 -23.5861 2
    endloop
  endfacet
  facet normal -0.659724 0.751508 0
    outer loop
      vertex -9.50237 -23.6638 2
      vertex -9.41386 -23.5861 0
      vertex -9.50237 -23.6638 0
    endloop
  endfacet
  facet normal -0.0653806 0.99786 0
    outer loop
      vertex -9.93278 -23.842 0
      vertex -10.0503 -23.8497 2
      vertex -9.93278 -23.842 2
    endloop
  endfacet
  facet normal -0.0653806 0.99786 0
    outer loop
      vertex -10.0503 -23.8497 2
      vertex -9.93278 -23.842 0
      vertex -10.0503 -23.8497 0
    endloop
  endfacet
  facet normal -0.555562 -0.831475 0
    outer loop
      vertex -9.60025 -22.1703 0
      vertex -9.50237 -22.2357 2
      vertex -9.60025 -22.1703 2
    endloop
  endfacet
  facet normal -0.555562 -0.831475 -0
    outer loop
      vertex -9.50237 -22.2357 2
      vertex -9.60025 -22.1703 0
      vertex -9.50237 -22.2357 0
    endloop
  endfacet
  facet normal -0.555562 0.831475 0
    outer loop
      vertex -9.50237 -23.6638 0
      vertex -9.60025 -23.7292 2
      vertex -9.50237 -23.6638 2
    endloop
  endfacet
  facet normal -0.555562 0.831475 0
    outer loop
      vertex -9.60025 -23.7292 2
      vertex -9.50237 -23.6638 0
      vertex -9.60025 -23.7292 0
    endloop
  endfacet
  facet normal 0.751471 -0.659766 0
    outer loop
      vertex -10.7643 -22.4019 2
      vertex -10.6866 -22.3134 0
      vertex -10.6866 -22.3134 2
    endloop
  endfacet
  facet normal 0.751471 -0.659766 0
    outer loop
      vertex -10.6866 -22.3134 0
      vertex -10.7643 -22.4019 2
      vertex -10.7643 -22.4019 0
    endloop
  endfacet
  facet normal 0.1953 -0.980744 0
    outer loop
      vertex -10.2832 -22.0804 0
      vertex -10.1677 -22.0574 2
      vertex -10.2832 -22.0804 2
    endloop
  endfacet
  facet normal 0.1953 -0.980744 0
    outer loop
      vertex -10.1677 -22.0574 2
      vertex -10.2832 -22.0804 0
      vertex -10.1677 -22.0574 0
    endloop
  endfacet
  facet normal -0.441802 -0.897113 0
    outer loop
      vertex -9.70584 -22.1183 0
      vertex -9.60025 -22.1703 2
      vertex -9.70584 -22.1183 2
    endloop
  endfacet
  facet normal -0.441802 -0.897113 -0
    outer loop
      vertex -9.60025 -22.1703 2
      vertex -9.70584 -22.1183 0
      vertex -9.60025 -22.1703 0
    endloop
  endfacet
  facet normal -0.321878 -0.946781 0
    outer loop
      vertex -9.81732 -22.0804 0
      vertex -9.70584 -22.1183 2
      vertex -9.81732 -22.0804 2
    endloop
  endfacet
  facet normal -0.321878 -0.946781 -0
    outer loop
      vertex -9.70584 -22.1183 2
      vertex -9.81732 -22.0804 0
      vertex -9.70584 -22.1183 0
    endloop
  endfacet
  facet normal -0.831527 0.555484 0
    outer loop
      vertex -9.33623 -23.4976 0
      vertex -9.27083 -23.3997 2
      vertex -9.27083 -23.3997 0
    endloop
  endfacet
  facet normal -0.831527 0.555484 0
    outer loop
      vertex -9.27083 -23.3997 2
      vertex -9.33623 -23.4976 0
      vertex -9.33623 -23.4976 2
    endloop
  endfacet
  facet normal -0.946954 0.32137 0
    outer loop
      vertex -9.21876 -23.2942 0
      vertex -9.18092 -23.1827 2
      vertex -9.18092 -23.1827 0
    endloop
  endfacet
  facet normal -0.946954 0.32137 0
    outer loop
      vertex -9.18092 -23.1827 2
      vertex -9.21876 -23.2942 0
      vertex -9.21876 -23.2942 2
    endloop
  endfacet
  facet normal -0.195365 -0.980731 0
    outer loop
      vertex -9.93278 -22.0574 0
      vertex -9.81732 -22.0804 2
      vertex -9.93278 -22.0574 2
    endloop
  endfacet
  facet normal -0.195365 -0.980731 -0
    outer loop
      vertex -9.81732 -22.0804 2
      vertex -9.93278 -22.0574 0
      vertex -9.81732 -22.0804 0
    endloop
  endfacet
  facet normal 0.99786 0.0653917 0
    outer loop
      vertex -10.9426 -23.0672 2
      vertex -10.9503 -22.9497 0
      vertex -10.9503 -22.9497 2
    endloop
  endfacet
  facet normal 0.99786 0.0653917 0
    outer loop
      vertex -10.9503 -22.9497 0
      vertex -10.9426 -23.0672 2
      vertex -10.9426 -23.0672 0
    endloop
  endfacet
  facet normal 0.980744 0.1953 0
    outer loop
      vertex -10.9196 -23.1827 2
      vertex -10.9426 -23.0672 0
      vertex -10.9426 -23.0672 2
    endloop
  endfacet
  facet normal 0.980744 0.1953 0
    outer loop
      vertex -10.9426 -23.0672 0
      vertex -10.9196 -23.1827 2
      vertex -10.9196 -23.1827 0
    endloop
  endfacet
  facet normal -0.751766 -0.65943 0
    outer loop
      vertex -9.33623 -22.4019 0
      vertex -9.41386 -22.3134 2
      vertex -9.41386 -22.3134 0
    endloop
  endfacet
  facet normal -0.751766 -0.65943 0
    outer loop
      vertex -9.41386 -22.3134 2
      vertex -9.33623 -22.4019 0
      vertex -9.33623 -22.4019 2
    endloop
  endfacet
  facet normal -0.946954 -0.32137 0
    outer loop
      vertex -9.18092 -22.7168 0
      vertex -9.21876 -22.6053 2
      vertex -9.21876 -22.6053 0
    endloop
  endfacet
  facet normal -0.946954 -0.32137 0
    outer loop
      vertex -9.21876 -22.6053 2
      vertex -9.18092 -22.7168 0
      vertex -9.18092 -22.7168 2
    endloop
  endfacet
  facet normal 0.194483 0.980906 -0
    outer loop
      vertex -10.1677 -23.842 0
      vertex -10.2832 -23.8191 2
      vertex -10.1677 -23.842 2
    endloop
  endfacet
  facet normal 0.194483 0.980906 0
    outer loop
      vertex -10.2832 -23.8191 2
      vertex -10.1677 -23.842 0
      vertex -10.2832 -23.8191 0
    endloop
  endfacet
  facet normal 0.0654471 0.997856 -0
    outer loop
      vertex -10.0503 -23.8497 0
      vertex -10.1677 -23.842 2
      vertex -10.0503 -23.8497 2
    endloop
  endfacet
  facet normal 0.0654471 0.997856 0
    outer loop
      vertex -10.1677 -23.842 2
      vertex -10.0503 -23.8497 0
      vertex -10.1677 -23.842 0
    endloop
  endfacet
  facet normal 0.831265 -0.555877 0
    outer loop
      vertex -10.8297 -22.4997 2
      vertex -10.7643 -22.4019 0
      vertex -10.7643 -22.4019 2
    endloop
  endfacet
  facet normal 0.831265 -0.555877 0
    outer loop
      vertex -10.7643 -22.4019 0
      vertex -10.8297 -22.4997 2
      vertex -10.8297 -22.4997 0
    endloop
  endfacet
  facet normal 0.946799 0.321827 0
    outer loop
      vertex -10.8817 -23.2942 2
      vertex -10.9196 -23.1827 0
      vertex -10.9196 -23.1827 2
    endloop
  endfacet
  facet normal 0.946799 0.321827 0
    outer loop
      vertex -10.9196 -23.1827 0
      vertex -10.8817 -23.2942 2
      vertex -10.8817 -23.2942 0
    endloop
  endfacet
  facet normal 0.0654471 -0.997856 0
    outer loop
      vertex -10.1677 -22.0574 0
      vertex -10.0503 -22.0497 2
      vertex -10.1677 -22.0574 2
    endloop
  endfacet
  facet normal 0.0654471 -0.997856 0
    outer loop
      vertex -10.0503 -22.0497 2
      vertex -10.1677 -22.0574 0
      vertex -10.0503 -22.0497 0
    endloop
  endfacet
  facet normal 0.980744 -0.1953 0
    outer loop
      vertex -10.9426 -22.8323 2
      vertex -10.9196 -22.7168 0
      vertex -10.9196 -22.7168 2
    endloop
  endfacet
  facet normal 0.980744 -0.1953 0
    outer loop
      vertex -10.9196 -22.7168 0
      vertex -10.9426 -22.8323 2
      vertex -10.9426 -22.8323 0
    endloop
  endfacet
  facet normal 0.946799 -0.321827 0
    outer loop
      vertex -10.9196 -22.7168 2
      vertex -10.8817 -22.6053 0
      vertex -10.8817 -22.6053 2
    endloop
  endfacet
  facet normal 0.946799 -0.321827 0
    outer loop
      vertex -10.8817 -22.6053 0
      vertex -10.9196 -22.7168 2
      vertex -10.9196 -22.7168 0
    endloop
  endfacet
  facet normal 0.659766 0.751471 -0
    outer loop
      vertex -10.5981 -23.6638 0
      vertex -10.6866 -23.5861 2
      vertex -10.5981 -23.6638 2
    endloop
  endfacet
  facet normal 0.659766 0.751471 0
    outer loop
      vertex -10.6866 -23.5861 2
      vertex -10.5981 -23.6638 0
      vertex -10.6866 -23.5861 0
    endloop
  endfacet
  facet normal -0.896727 0.442584 0
    outer loop
      vertex -9.27083 -23.3997 0
      vertex -9.21876 -23.2942 2
      vertex -9.21876 -23.2942 0
    endloop
  endfacet
  facet normal -0.896727 0.442584 0
    outer loop
      vertex -9.21876 -23.2942 2
      vertex -9.27083 -23.3997 0
      vertex -9.27083 -23.3997 2
    endloop
  endfacet
  facet normal 0.897129 -0.441768 0
    outer loop
      vertex -10.8817 -22.6053 2
      vertex -10.8297 -22.4997 0
      vertex -10.8297 -22.4997 2
    endloop
  endfacet
  facet normal 0.897129 -0.441768 0
    outer loop
      vertex -10.8297 -22.4997 0
      vertex -10.8817 -22.6053 2
      vertex -10.8817 -22.6053 0
    endloop
  endfacet
  facet normal 0.321827 0.946799 -0
    outer loop
      vertex -10.2832 -23.8191 0
      vertex -10.3947 -23.7812 2
      vertex -10.2832 -23.8191 2
    endloop
  endfacet
  facet normal 0.321827 0.946799 0
    outer loop
      vertex -10.3947 -23.7812 2
      vertex -10.2832 -23.8191 0
      vertex -10.3947 -23.7812 0
    endloop
  endfacet
  facet normal 0.555877 0.831265 -0
    outer loop
      vertex -10.5003 -23.7292 0
      vertex -10.5981 -23.6638 2
      vertex -10.5003 -23.7292 2
    endloop
  endfacet
  facet normal 0.555877 0.831265 0
    outer loop
      vertex -10.5981 -23.6638 2
      vertex -10.5003 -23.7292 0
      vertex -10.5981 -23.6638 0
    endloop
  endfacet
  facet normal 0.441768 0.897129 -0
    outer loop
      vertex -10.3947 -23.7812 0
      vertex -10.5003 -23.7292 2
      vertex -10.3947 -23.7812 2
    endloop
  endfacet
  facet normal 0.441768 0.897129 0
    outer loop
      vertex -10.5003 -23.7292 2
      vertex -10.3947 -23.7812 0
      vertex -10.5003 -23.7292 0
    endloop
  endfacet
  facet normal -0.980744 -0.1953 0
    outer loop
      vertex -19.0574 -22.8323 0
      vertex -19.0804 -22.7168 2
      vertex -19.0804 -22.7168 0
    endloop
  endfacet
  facet normal -0.980744 -0.1953 0
    outer loop
      vertex -19.0804 -22.7168 2
      vertex -19.0574 -22.8323 0
      vertex -19.0574 -22.8323 2
    endloop
  endfacet
  facet normal -0.997856 -0.0654471 0
    outer loop
      vertex -19.0497 -22.9497 0
      vertex -19.0574 -22.8323 2
      vertex -19.0574 -22.8323 0
    endloop
  endfacet
  facet normal -0.997856 -0.0654471 0
    outer loop
      vertex -19.0574 -22.8323 2
      vertex -19.0497 -22.9497 0
      vertex -19.0497 -22.9497 2
    endloop
  endfacet
  facet normal 0.442105 -0.896963 0
    outer loop
      vertex -20.3997 -22.1703 0
      vertex -20.2942 -22.1183 2
      vertex -20.3997 -22.1703 2
    endloop
  endfacet
  facet normal 0.442105 -0.896963 0
    outer loop
      vertex -20.2942 -22.1183 2
      vertex -20.3997 -22.1703 0
      vertex -20.2942 -22.1183 0
    endloop
  endfacet
  facet normal -0.0654471 -0.997856 0
    outer loop
      vertex -19.9497 -22.0497 0
      vertex -19.8323 -22.0574 2
      vertex -19.9497 -22.0497 2
    endloop
  endfacet
  facet normal -0.0654471 -0.997856 -0
    outer loop
      vertex -19.8323 -22.0574 2
      vertex -19.9497 -22.0497 0
      vertex -19.8323 -22.0574 0
    endloop
  endfacet
  facet normal -0.659766 -0.751471 0
    outer loop
      vertex -19.4019 -22.2357 0
      vertex -19.3134 -22.3134 2
      vertex -19.4019 -22.2357 2
    endloop
  endfacet
  facet normal -0.659766 -0.751471 -0
    outer loop
      vertex -19.3134 -22.3134 2
      vertex -19.4019 -22.2357 0
      vertex -19.3134 -22.3134 0
    endloop
  endfacet
  facet normal -0.441768 0.897129 0
    outer loop
      vertex -19.4997 -23.7292 0
      vertex -19.6053 -23.7812 2
      vertex -19.4997 -23.7292 2
    endloop
  endfacet
  facet normal -0.441768 0.897129 0
    outer loop
      vertex -19.6053 -23.7812 2
      vertex -19.4997 -23.7292 0
      vertex -19.6053 -23.7812 0
    endloop
  endfacet
  facet normal -0.194483 0.980906 0
    outer loop
      vertex -19.7168 -23.8191 0
      vertex -19.8323 -23.842 2
      vertex -19.7168 -23.8191 2
    endloop
  endfacet
  facet normal -0.194483 0.980906 0
    outer loop
      vertex -19.8323 -23.842 2
      vertex -19.7168 -23.8191 0
      vertex -19.8323 -23.842 0
    endloop
  endfacet
  facet normal 0.555484 0.831527 -0
    outer loop
      vertex -20.3997 -23.7292 0
      vertex -20.4976 -23.6638 2
      vertex -20.3997 -23.7292 2
    endloop
  endfacet
  facet normal 0.555484 0.831527 0
    outer loop
      vertex -20.4976 -23.6638 2
      vertex -20.3997 -23.7292 0
      vertex -20.4976 -23.6638 0
    endloop
  endfacet
  facet normal 0.442105 0.896963 -0
    outer loop
      vertex -20.2942 -23.7812 0
      vertex -20.3997 -23.7292 2
      vertex -20.2942 -23.7812 2
    endloop
  endfacet
  facet normal 0.442105 0.896963 0
    outer loop
      vertex -20.3997 -23.7292 2
      vertex -20.2942 -23.7812 0
      vertex -20.3997 -23.7292 0
    endloop
  endfacet
  facet normal -0.99786 0.0653917 0
    outer loop
      vertex -19.0574 -23.0672 0
      vertex -19.0497 -22.9497 2
      vertex -19.0497 -22.9497 0
    endloop
  endfacet
  facet normal -0.99786 0.0653917 0
    outer loop
      vertex -19.0497 -22.9497 2
      vertex -19.0574 -23.0672 0
      vertex -19.0574 -23.0672 2
    endloop
  endfacet
  facet normal 0.997856 -0.0654471 0
    outer loop
      vertex -20.8497 -22.9497 2
      vertex -20.842 -22.8323 0
      vertex -20.842 -22.8323 2
    endloop
  endfacet
  facet normal 0.997856 -0.0654471 0
    outer loop
      vertex -20.842 -22.8323 0
      vertex -20.8497 -22.9497 2
      vertex -20.8497 -22.9497 0
    endloop
  endfacet
  facet normal -0.831265 -0.555877 0
    outer loop
      vertex -19.1703 -22.4997 0
      vertex -19.2357 -22.4019 2
      vertex -19.2357 -22.4019 0
    endloop
  endfacet
  facet normal -0.831265 -0.555877 0
    outer loop
      vertex -19.2357 -22.4019 2
      vertex -19.1703 -22.4997 0
      vertex -19.1703 -22.4997 2
    endloop
  endfacet
  facet normal -0.897129 -0.441768 0
    outer loop
      vertex -19.1183 -22.6053 0
      vertex -19.1703 -22.4997 2
      vertex -19.1703 -22.4997 0
    endloop
  endfacet
  facet normal -0.897129 -0.441768 0
    outer loop
      vertex -19.1703 -22.4997 2
      vertex -19.1183 -22.6053 0
      vertex -19.1183 -22.6053 2
    endloop
  endfacet
  facet normal -0.946799 -0.321827 0
    outer loop
      vertex -19.0804 -22.7168 0
      vertex -19.1183 -22.6053 2
      vertex -19.1183 -22.6053 0
    endloop
  endfacet
  facet normal -0.946799 -0.321827 0
    outer loop
      vertex -19.1183 -22.6053 2
      vertex -19.0804 -22.7168 0
      vertex -19.0804 -22.7168 2
    endloop
  endfacet
  facet normal -0.751471 0.659766 0
    outer loop
      vertex -19.3134 -23.5861 0
      vertex -19.2357 -23.4976 2
      vertex -19.2357 -23.4976 0
    endloop
  endfacet
  facet normal -0.751471 0.659766 0
    outer loop
      vertex -19.2357 -23.4976 2
      vertex -19.3134 -23.5861 0
      vertex -19.3134 -23.5861 2
    endloop
  endfacet
  facet normal 0.194483 0.980906 -0
    outer loop
      vertex -20.0672 -23.842 0
      vertex -20.1827 -23.8191 2
      vertex -20.0672 -23.842 2
    endloop
  endfacet
  facet normal 0.194483 0.980906 0
    outer loop
      vertex -20.1827 -23.8191 2
      vertex -20.0672 -23.842 0
      vertex -20.1827 -23.8191 0
    endloop
  endfacet
  facet normal -0.980744 0.1953 0
    outer loop
      vertex -19.0804 -23.1827 0
      vertex -19.0574 -23.0672 2
      vertex -19.0574 -23.0672 0
    endloop
  endfacet
  facet normal -0.980744 0.1953 0
    outer loop
      vertex -19.0574 -23.0672 2
      vertex -19.0804 -23.1827 0
      vertex -19.0804 -23.1827 2
    endloop
  endfacet
  facet normal 0.896963 0.442105 0
    outer loop
      vertex -20.7292 -23.3997 2
      vertex -20.7812 -23.2942 0
      vertex -20.7812 -23.2942 2
    endloop
  endfacet
  facet normal 0.896963 0.442105 0
    outer loop
      vertex -20.7812 -23.2942 0
      vertex -20.7292 -23.3997 2
      vertex -20.7292 -23.3997 0
    endloop
  endfacet
  facet normal 0.659766 -0.751471 0
    outer loop
      vertex -20.5861 -22.3134 0
      vertex -20.4976 -22.2357 2
      vertex -20.5861 -22.3134 2
    endloop
  endfacet
  facet normal 0.659766 -0.751471 0
    outer loop
      vertex -20.4976 -22.2357 2
      vertex -20.5861 -22.3134 0
      vertex -20.4976 -22.2357 0
    endloop
  endfacet
  facet normal 0.555484 -0.831527 0
    outer loop
      vertex -20.4976 -22.2357 0
      vertex -20.3997 -22.1703 2
      vertex -20.4976 -22.2357 2
    endloop
  endfacet
  facet normal 0.555484 -0.831527 0
    outer loop
      vertex -20.3997 -22.1703 2
      vertex -20.4976 -22.2357 0
      vertex -20.3997 -22.1703 0
    endloop
  endfacet
  facet normal 0.831527 0.555484 0
    outer loop
      vertex -20.6638 -23.4976 2
      vertex -20.7292 -23.3997 0
      vertex -20.7292 -23.3997 2
    endloop
  endfacet
  facet normal 0.831527 0.555484 0
    outer loop
      vertex -20.7292 -23.3997 0
      vertex -20.6638 -23.4976 2
      vertex -20.6638 -23.4976 0
    endloop
  endfacet
  facet normal 0.751471 0.659766 0
    outer loop
      vertex -20.5861 -23.5861 2
      vertex -20.6638 -23.4976 0
      vertex -20.6638 -23.4976 2
    endloop
  endfacet
  facet normal 0.751471 0.659766 0
    outer loop
      vertex -20.6638 -23.4976 0
      vertex -20.5861 -23.5861 2
      vertex -20.5861 -23.5861 0
    endloop
  endfacet
  facet normal -0.321827 0.946799 0
    outer loop
      vertex -19.6053 -23.7812 0
      vertex -19.7168 -23.8191 2
      vertex -19.6053 -23.7812 2
    endloop
  endfacet
  facet normal -0.321827 0.946799 0
    outer loop
      vertex -19.7168 -23.8191 2
      vertex -19.6053 -23.7812 0
      vertex -19.7168 -23.8191 0
    endloop
  endfacet
  facet normal 0.321827 -0.946799 0
    outer loop
      vertex -20.2942 -22.1183 0
      vertex -20.1827 -22.0804 2
      vertex -20.2942 -22.1183 2
    endloop
  endfacet
  facet normal 0.321827 -0.946799 0
    outer loop
      vertex -20.1827 -22.0804 2
      vertex -20.2942 -22.1183 0
      vertex -20.1827 -22.0804 0
    endloop
  endfacet
  facet normal -0.659766 0.751471 0
    outer loop
      vertex -19.3134 -23.5861 0
      vertex -19.4019 -23.6638 2
      vertex -19.3134 -23.5861 2
    endloop
  endfacet
  facet normal -0.659766 0.751471 0
    outer loop
      vertex -19.4019 -23.6638 2
      vertex -19.3134 -23.5861 0
      vertex -19.4019 -23.6638 0
    endloop
  endfacet
  facet normal -0.0654471 0.997856 0
    outer loop
      vertex -19.8323 -23.842 0
      vertex -19.9497 -23.8497 2
      vertex -19.8323 -23.842 2
    endloop
  endfacet
  facet normal -0.0654471 0.997856 0
    outer loop
      vertex -19.9497 -23.8497 2
      vertex -19.8323 -23.842 0
      vertex -19.9497 -23.8497 0
    endloop
  endfacet
  facet normal -0.555877 -0.831265 0
    outer loop
      vertex -19.4997 -22.1703 0
      vertex -19.4019 -22.2357 2
      vertex -19.4997 -22.1703 2
    endloop
  endfacet
  facet normal -0.555877 -0.831265 -0
    outer loop
      vertex -19.4019 -22.2357 2
      vertex -19.4997 -22.1703 0
      vertex -19.4019 -22.2357 0
    endloop
  endfacet
  facet normal 0.0653917 0.99786 -0
    outer loop
      vertex -19.9497 -23.8497 0
      vertex -20.0672 -23.842 2
      vertex -19.9497 -23.8497 2
    endloop
  endfacet
  facet normal 0.0653917 0.99786 0
    outer loop
      vertex -20.0672 -23.842 2
      vertex -19.9497 -23.8497 0
      vertex -20.0672 -23.842 0
    endloop
  endfacet
  facet normal -0.555877 0.831265 0
    outer loop
      vertex -19.4019 -23.6638 0
      vertex -19.4997 -23.7292 2
      vertex -19.4019 -23.6638 2
    endloop
  endfacet
  facet normal -0.555877 0.831265 0
    outer loop
      vertex -19.4997 -23.7292 2
      vertex -19.4019 -23.6638 0
      vertex -19.4997 -23.7292 0
    endloop
  endfacet
  facet normal 0.946799 0.321827 0
    outer loop
      vertex -20.7812 -23.2942 2
      vertex -20.8191 -23.1827 0
      vertex -20.8191 -23.1827 2
    endloop
  endfacet
  facet normal 0.946799 0.321827 0
    outer loop
      vertex -20.8191 -23.1827 0
      vertex -20.7812 -23.2942 2
      vertex -20.7812 -23.2942 0
    endloop
  endfacet
  facet normal 0.1953 -0.980744 0
    outer loop
      vertex -20.1827 -22.0804 0
      vertex -20.0672 -22.0574 2
      vertex -20.1827 -22.0804 2
    endloop
  endfacet
  facet normal 0.1953 -0.980744 0
    outer loop
      vertex -20.0672 -22.0574 2
      vertex -20.1827 -22.0804 0
      vertex -20.0672 -22.0574 0
    endloop
  endfacet
  facet normal -0.441768 -0.897129 0
    outer loop
      vertex -19.6053 -22.1183 0
      vertex -19.4997 -22.1703 2
      vertex -19.6053 -22.1183 2
    endloop
  endfacet
  facet normal -0.441768 -0.897129 -0
    outer loop
      vertex -19.4997 -22.1703 2
      vertex -19.6053 -22.1183 0
      vertex -19.4997 -22.1703 0
    endloop
  endfacet
  facet normal 0.321827 0.946799 -0
    outer loop
      vertex -20.1827 -23.8191 0
      vertex -20.2942 -23.7812 2
      vertex -20.1827 -23.8191 2
    endloop
  endfacet
  facet normal 0.321827 0.946799 0
    outer loop
      vertex -20.2942 -23.7812 2
      vertex -20.1827 -23.8191 0
      vertex -20.2942 -23.7812 0
    endloop
  endfacet
  facet normal -0.321827 -0.946799 0
    outer loop
      vertex -19.7168 -22.0804 0
      vertex -19.6053 -22.1183 2
      vertex -19.7168 -22.0804 2
    endloop
  endfacet
  facet normal -0.321827 -0.946799 -0
    outer loop
      vertex -19.6053 -22.1183 2
      vertex -19.7168 -22.0804 0
      vertex -19.6053 -22.1183 0
    endloop
  endfacet
  facet normal 0.831265 -0.555877 0
    outer loop
      vertex -20.7292 -22.4997 2
      vertex -20.6638 -22.4019 0
      vertex -20.6638 -22.4019 2
    endloop
  endfacet
  facet normal 0.831265 -0.555877 0
    outer loop
      vertex -20.6638 -22.4019 0
      vertex -20.7292 -22.4997 2
      vertex -20.7292 -22.4997 0
    endloop
  endfacet
  facet normal -0.831527 0.555484 0
    outer loop
      vertex -19.2357 -23.4976 0
      vertex -19.1703 -23.3997 2
      vertex -19.1703 -23.3997 0
    endloop
  endfacet
  facet normal -0.831527 0.555484 0
    outer loop
      vertex -19.1703 -23.3997 2
      vertex -19.2357 -23.4976 0
      vertex -19.2357 -23.4976 2
    endloop
  endfacet
  facet normal 0.659766 0.751471 -0
    outer loop
      vertex -20.4976 -23.6638 0
      vertex -20.5861 -23.5861 2
      vertex -20.4976 -23.6638 2
    endloop
  endfacet
  facet normal 0.659766 0.751471 0
    outer loop
      vertex -20.5861 -23.5861 2
      vertex -20.4976 -23.6638 0
      vertex -20.5861 -23.5861 0
    endloop
  endfacet
  facet normal -0.946799 0.321827 0
    outer loop
      vertex -19.1183 -23.2942 0
      vertex -19.0804 -23.1827 2
      vertex -19.0804 -23.1827 0
    endloop
  endfacet
  facet normal -0.946799 0.321827 0
    outer loop
      vertex -19.0804 -23.1827 2
      vertex -19.1183 -23.2942 0
      vertex -19.1183 -23.2942 2
    endloop
  endfacet
  facet normal -0.1953 -0.980744 0
    outer loop
      vertex -19.8323 -22.0574 0
      vertex -19.7168 -22.0804 2
      vertex -19.8323 -22.0574 2
    endloop
  endfacet
  facet normal -0.1953 -0.980744 -0
    outer loop
      vertex -19.7168 -22.0804 2
      vertex -19.8323 -22.0574 0
      vertex -19.7168 -22.0804 0
    endloop
  endfacet
  facet normal 0.99786 0.0653917 0
    outer loop
      vertex -20.842 -23.0672 2
      vertex -20.8497 -22.9497 0
      vertex -20.8497 -22.9497 2
    endloop
  endfacet
  facet normal 0.99786 0.0653917 0
    outer loop
      vertex -20.8497 -22.9497 0
      vertex -20.842 -23.0672 2
      vertex -20.842 -23.0672 0
    endloop
  endfacet
  facet normal 0.980906 0.194483 0
    outer loop
      vertex -20.8191 -23.1827 2
      vertex -20.842 -23.0672 0
      vertex -20.842 -23.0672 2
    endloop
  endfacet
  facet normal 0.980906 0.194483 0
    outer loop
      vertex -20.842 -23.0672 0
      vertex -20.8191 -23.1827 2
      vertex -20.8191 -23.1827 0
    endloop
  endfacet
  facet normal -0.751471 -0.659766 0
    outer loop
      vertex -19.2357 -22.4019 0
      vertex -19.3134 -22.3134 2
      vertex -19.3134 -22.3134 0
    endloop
  endfacet
  facet normal -0.751471 -0.659766 0
    outer loop
      vertex -19.3134 -22.3134 2
      vertex -19.2357 -22.4019 0
      vertex -19.2357 -22.4019 2
    endloop
  endfacet
  facet normal 0.980906 -0.194483 0
    outer loop
      vertex -20.842 -22.8323 2
      vertex -20.8191 -22.7168 0
      vertex -20.8191 -22.7168 2
    endloop
  endfacet
  facet normal 0.980906 -0.194483 0
    outer loop
      vertex -20.8191 -22.7168 0
      vertex -20.842 -22.8323 2
      vertex -20.842 -22.8323 0
    endloop
  endfacet
  facet normal 0.946799 -0.321827 0
    outer loop
      vertex -20.8191 -22.7168 2
      vertex -20.7812 -22.6053 0
      vertex -20.7812 -22.6053 2
    endloop
  endfacet
  facet normal 0.946799 -0.321827 0
    outer loop
      vertex -20.7812 -22.6053 0
      vertex -20.8191 -22.7168 2
      vertex -20.8191 -22.7168 0
    endloop
  endfacet
  facet normal 0.0653917 -0.99786 0
    outer loop
      vertex -20.0672 -22.0574 0
      vertex -19.9497 -22.0497 2
      vertex -20.0672 -22.0574 2
    endloop
  endfacet
  facet normal 0.0653917 -0.99786 0
    outer loop
      vertex -19.9497 -22.0497 2
      vertex -20.0672 -22.0574 0
      vertex -19.9497 -22.0497 0
    endloop
  endfacet
  facet normal -0.896963 0.442105 0
    outer loop
      vertex -19.1703 -23.3997 0
      vertex -19.1183 -23.2942 2
      vertex -19.1183 -23.2942 0
    endloop
  endfacet
  facet normal -0.896963 0.442105 0
    outer loop
      vertex -19.1183 -23.2942 2
      vertex -19.1703 -23.3997 0
      vertex -19.1703 -23.3997 2
    endloop
  endfacet
  facet normal 0.897129 -0.441768 0
    outer loop
      vertex -20.7812 -22.6053 2
      vertex -20.7292 -22.4997 0
      vertex -20.7292 -22.4997 2
    endloop
  endfacet
  facet normal 0.897129 -0.441768 0
    outer loop
      vertex -20.7292 -22.4997 0
      vertex -20.7812 -22.6053 2
      vertex -20.7812 -22.6053 0
    endloop
  endfacet
  facet normal 0.751471 -0.659766 0
    outer loop
      vertex -20.6638 -22.4019 2
      vertex -20.5861 -22.3134 0
      vertex -20.5861 -22.3134 2
    endloop
  endfacet
  facet normal 0.751471 -0.659766 0
    outer loop
      vertex -20.5861 -22.3134 0
      vertex -20.6638 -22.4019 2
      vertex -20.6638 -22.4019 0
    endloop
  endfacet
  facet normal -0.980744 -0.1953 0
    outer loop
      vertex -19.0574 -12.9328 0
      vertex -19.0804 -12.8173 2
      vertex -19.0804 -12.8173 0
    endloop
  endfacet
  facet normal -0.980744 -0.1953 0
    outer loop
      vertex -19.0804 -12.8173 2
      vertex -19.0574 -12.9328 0
      vertex -19.0574 -12.9328 2
    endloop
  endfacet
  facet normal -0.99786 -0.0653917 0
    outer loop
      vertex -19.0497 -13.0503 0
      vertex -19.0574 -12.9328 2
      vertex -19.0574 -12.9328 0
    endloop
  endfacet
  facet normal -0.99786 -0.0653917 0
    outer loop
      vertex -19.0574 -12.9328 2
      vertex -19.0497 -13.0503 0
      vertex -19.0497 -13.0503 2
    endloop
  endfacet
  facet normal 0.442105 -0.896963 0
    outer loop
      vertex -20.3997 -12.2708 0
      vertex -20.2942 -12.2188 2
      vertex -20.3997 -12.2708 2
    endloop
  endfacet
  facet normal 0.442105 -0.896963 0
    outer loop
      vertex -20.2942 -12.2188 2
      vertex -20.3997 -12.2708 0
      vertex -20.2942 -12.2188 0
    endloop
  endfacet
  facet normal -0.0654471 -0.997856 0
    outer loop
      vertex -19.9497 -12.1503 0
      vertex -19.8323 -12.158 2
      vertex -19.9497 -12.1503 2
    endloop
  endfacet
  facet normal -0.0654471 -0.997856 -0
    outer loop
      vertex -19.8323 -12.158 2
      vertex -19.9497 -12.1503 0
      vertex -19.8323 -12.158 0
    endloop
  endfacet
  facet normal -0.659766 -0.751471 0
    outer loop
      vertex -19.4019 -12.3362 0
      vertex -19.3134 -12.4139 2
      vertex -19.4019 -12.3362 2
    endloop
  endfacet
  facet normal -0.659766 -0.751471 -0
    outer loop
      vertex -19.3134 -12.4139 2
      vertex -19.4019 -12.3362 0
      vertex -19.3134 -12.4139 0
    endloop
  endfacet
  facet normal -0.441768 0.897129 0
    outer loop
      vertex -19.4997 -13.8297 0
      vertex -19.6053 -13.8817 2
      vertex -19.4997 -13.8297 2
    endloop
  endfacet
  facet normal -0.441768 0.897129 0
    outer loop
      vertex -19.6053 -13.8817 2
      vertex -19.4997 -13.8297 0
      vertex -19.6053 -13.8817 0
    endloop
  endfacet
  facet normal -0.1953 0.980744 0
    outer loop
      vertex -19.7168 -13.9196 0
      vertex -19.8323 -13.9426 2
      vertex -19.7168 -13.9196 2
    endloop
  endfacet
  facet normal -0.1953 0.980744 0
    outer loop
      vertex -19.8323 -13.9426 2
      vertex -19.7168 -13.9196 0
      vertex -19.8323 -13.9426 0
    endloop
  endfacet
  facet normal 0.555484 0.831527 -0
    outer loop
      vertex -20.3997 -13.8297 0
      vertex -20.4976 -13.7643 2
      vertex -20.3997 -13.8297 2
    endloop
  endfacet
  facet normal 0.555484 0.831527 0
    outer loop
      vertex -20.4976 -13.7643 2
      vertex -20.3997 -13.8297 0
      vertex -20.4976 -13.7643 0
    endloop
  endfacet
  facet normal 0.442105 0.896963 -0
    outer loop
      vertex -20.2942 -13.8817 0
      vertex -20.3997 -13.8297 2
      vertex -20.2942 -13.8817 2
    endloop
  endfacet
  facet normal 0.442105 0.896963 0
    outer loop
      vertex -20.3997 -13.8297 2
      vertex -20.2942 -13.8817 0
      vertex -20.3997 -13.8297 0
    endloop
  endfacet
  facet normal -0.997856 0.0654471 0
    outer loop
      vertex -19.0574 -13.1677 0
      vertex -19.0497 -13.0503 2
      vertex -19.0497 -13.0503 0
    endloop
  endfacet
  facet normal -0.997856 0.0654471 0
    outer loop
      vertex -19.0497 -13.0503 2
      vertex -19.0574 -13.1677 0
      vertex -19.0574 -13.1677 2
    endloop
  endfacet
  facet normal 0.99786 -0.0653917 0
    outer loop
      vertex -20.8497 -13.0503 2
      vertex -20.842 -12.9328 0
      vertex -20.842 -12.9328 2
    endloop
  endfacet
  facet normal 0.99786 -0.0653917 0
    outer loop
      vertex -20.842 -12.9328 0
      vertex -20.8497 -13.0503 2
      vertex -20.8497 -13.0503 0
    endloop
  endfacet
  facet normal -0.831527 -0.555484 0
    outer loop
      vertex -19.1703 -12.6003 0
      vertex -19.2357 -12.5024 2
      vertex -19.2357 -12.5024 0
    endloop
  endfacet
  facet normal -0.831527 -0.555484 0
    outer loop
      vertex -19.2357 -12.5024 2
      vertex -19.1703 -12.6003 0
      vertex -19.1703 -12.6003 2
    endloop
  endfacet
  facet normal -0.896963 -0.442105 0
    outer loop
      vertex -19.1183 -12.7058 0
      vertex -19.1703 -12.6003 2
      vertex -19.1703 -12.6003 0
    endloop
  endfacet
  facet normal -0.896963 -0.442105 0
    outer loop
      vertex -19.1703 -12.6003 2
      vertex -19.1183 -12.7058 0
      vertex -19.1183 -12.7058 2
    endloop
  endfacet
  facet normal -0.946799 -0.321827 0
    outer loop
      vertex -19.0804 -12.8173 0
      vertex -19.1183 -12.7058 2
      vertex -19.1183 -12.7058 0
    endloop
  endfacet
  facet normal -0.946799 -0.321827 0
    outer loop
      vertex -19.1183 -12.7058 2
      vertex -19.0804 -12.8173 0
      vertex -19.0804 -12.8173 2
    endloop
  endfacet
  facet normal -0.751471 0.659766 0
    outer loop
      vertex -19.3134 -13.6866 0
      vertex -19.2357 -13.5981 2
      vertex -19.2357 -13.5981 0
    endloop
  endfacet
  facet normal -0.751471 0.659766 0
    outer loop
      vertex -19.2357 -13.5981 2
      vertex -19.3134 -13.6866 0
      vertex -19.3134 -13.6866 2
    endloop
  endfacet
  facet normal 0.1953 0.980744 -0
    outer loop
      vertex -20.0672 -13.9426 0
      vertex -20.1827 -13.9196 2
      vertex -20.0672 -13.9426 2
    endloop
  endfacet
  facet normal 0.1953 0.980744 0
    outer loop
      vertex -20.1827 -13.9196 2
      vertex -20.0672 -13.9426 0
      vertex -20.1827 -13.9196 0
    endloop
  endfacet
  facet normal -0.980744 0.1953 0
    outer loop
      vertex -19.0804 -13.2832 0
      vertex -19.0574 -13.1677 2
      vertex -19.0574 -13.1677 0
    endloop
  endfacet
  facet normal -0.980744 0.1953 0
    outer loop
      vertex -19.0574 -13.1677 2
      vertex -19.0804 -13.2832 0
      vertex -19.0804 -13.2832 2
    endloop
  endfacet
  facet normal 0.897129 0.441768 0
    outer loop
      vertex -20.7292 -13.5003 2
      vertex -20.7812 -13.3947 0
      vertex -20.7812 -13.3947 2
    endloop
  endfacet
  facet normal 0.897129 0.441768 0
    outer loop
      vertex -20.7812 -13.3947 0
      vertex -20.7292 -13.5003 2
      vertex -20.7292 -13.5003 0
    endloop
  endfacet
  facet normal 0.659766 -0.751471 0
    outer loop
      vertex -20.5861 -12.4139 0
      vertex -20.4976 -12.3362 2
      vertex -20.5861 -12.4139 2
    endloop
  endfacet
  facet normal 0.659766 -0.751471 0
    outer loop
      vertex -20.4976 -12.3362 2
      vertex -20.5861 -12.4139 0
      vertex -20.4976 -12.3362 0
    endloop
  endfacet
  facet normal 0.555484 -0.831527 0
    outer loop
      vertex -20.4976 -12.3362 0
      vertex -20.3997 -12.2708 2
      vertex -20.4976 -12.3362 2
    endloop
  endfacet
  facet normal 0.555484 -0.831527 0
    outer loop
      vertex -20.3997 -12.2708 2
      vertex -20.4976 -12.3362 0
      vertex -20.3997 -12.2708 0
    endloop
  endfacet
  facet normal 0.831265 0.555877 0
    outer loop
      vertex -20.6638 -13.5981 2
      vertex -20.7292 -13.5003 0
      vertex -20.7292 -13.5003 2
    endloop
  endfacet
  facet normal 0.831265 0.555877 0
    outer loop
      vertex -20.7292 -13.5003 0
      vertex -20.6638 -13.5981 2
      vertex -20.6638 -13.5981 0
    endloop
  endfacet
  facet normal 0.751471 0.659766 0
    outer loop
      vertex -20.5861 -13.6866 2
      vertex -20.6638 -13.5981 0
      vertex -20.6638 -13.5981 2
    endloop
  endfacet
  facet normal 0.751471 0.659766 0
    outer loop
      vertex -20.6638 -13.5981 0
      vertex -20.5861 -13.6866 2
      vertex -20.5861 -13.6866 0
    endloop
  endfacet
  facet normal -0.321827 0.946799 0
    outer loop
      vertex -19.6053 -13.8817 0
      vertex -19.7168 -13.9196 2
      vertex -19.6053 -13.8817 2
    endloop
  endfacet
  facet normal -0.321827 0.946799 0
    outer loop
      vertex -19.7168 -13.9196 2
      vertex -19.6053 -13.8817 0
      vertex -19.7168 -13.9196 0
    endloop
  endfacet
  facet normal 0.321827 -0.946799 0
    outer loop
      vertex -20.2942 -12.2188 0
      vertex -20.1827 -12.1809 2
      vertex -20.2942 -12.2188 2
    endloop
  endfacet
  facet normal 0.321827 -0.946799 0
    outer loop
      vertex -20.1827 -12.1809 2
      vertex -20.2942 -12.2188 0
      vertex -20.1827 -12.1809 0
    endloop
  endfacet
  facet normal -0.659766 0.751471 0
    outer loop
      vertex -19.3134 -13.6866 0
      vertex -19.4019 -13.7643 2
      vertex -19.3134 -13.6866 2
    endloop
  endfacet
  facet normal -0.659766 0.751471 0
    outer loop
      vertex -19.4019 -13.7643 2
      vertex -19.3134 -13.6866 0
      vertex -19.4019 -13.7643 0
    endloop
  endfacet
  facet normal -0.0654471 0.997856 0
    outer loop
      vertex -19.8323 -13.9426 0
      vertex -19.9497 -13.9503 2
      vertex -19.8323 -13.9426 2
    endloop
  endfacet
  facet normal -0.0654471 0.997856 0
    outer loop
      vertex -19.9497 -13.9503 2
      vertex -19.8323 -13.9426 0
      vertex -19.9497 -13.9503 0
    endloop
  endfacet
  facet normal -0.555877 -0.831265 0
    outer loop
      vertex -19.4997 -12.2708 0
      vertex -19.4019 -12.3362 2
      vertex -19.4997 -12.2708 2
    endloop
  endfacet
  facet normal -0.555877 -0.831265 -0
    outer loop
      vertex -19.4019 -12.3362 2
      vertex -19.4997 -12.2708 0
      vertex -19.4019 -12.3362 0
    endloop
  endfacet
  facet normal 0.0653917 0.99786 -0
    outer loop
      vertex -19.9497 -13.9503 0
      vertex -20.0672 -13.9426 2
      vertex -19.9497 -13.9503 2
    endloop
  endfacet
  facet normal 0.0653917 0.99786 0
    outer loop
      vertex -20.0672 -13.9426 2
      vertex -19.9497 -13.9503 0
      vertex -20.0672 -13.9426 0
    endloop
  endfacet
  facet normal -0.555877 0.831265 0
    outer loop
      vertex -19.4019 -13.7643 0
      vertex -19.4997 -13.8297 2
      vertex -19.4019 -13.7643 2
    endloop
  endfacet
  facet normal -0.555877 0.831265 0
    outer loop
      vertex -19.4997 -13.8297 2
      vertex -19.4019 -13.7643 0
      vertex -19.4997 -13.8297 0
    endloop
  endfacet
  facet normal 0.946799 0.321827 0
    outer loop
      vertex -20.7812 -13.3947 2
      vertex -20.8191 -13.2832 0
      vertex -20.8191 -13.2832 2
    endloop
  endfacet
  facet normal 0.946799 0.321827 0
    outer loop
      vertex -20.8191 -13.2832 0
      vertex -20.7812 -13.3947 2
      vertex -20.7812 -13.3947 0
    endloop
  endfacet
  facet normal 0.194483 -0.980906 0
    outer loop
      vertex -20.1827 -12.1809 0
      vertex -20.0672 -12.158 2
      vertex -20.1827 -12.1809 2
    endloop
  endfacet
  facet normal 0.194483 -0.980906 0
    outer loop
      vertex -20.0672 -12.158 2
      vertex -20.1827 -12.1809 0
      vertex -20.0672 -12.158 0
    endloop
  endfacet
  facet normal -0.441768 -0.897129 0
    outer loop
      vertex -19.6053 -12.2188 0
      vertex -19.4997 -12.2708 2
      vertex -19.6053 -12.2188 2
    endloop
  endfacet
  facet normal -0.441768 -0.897129 -0
    outer loop
      vertex -19.4997 -12.2708 2
      vertex -19.6053 -12.2188 0
      vertex -19.4997 -12.2708 0
    endloop
  endfacet
  facet normal 0.321827 0.946799 -0
    outer loop
      vertex -20.1827 -13.9196 0
      vertex -20.2942 -13.8817 2
      vertex -20.1827 -13.9196 2
    endloop
  endfacet
  facet normal 0.321827 0.946799 0
    outer loop
      vertex -20.2942 -13.8817 2
      vertex -20.1827 -13.9196 0
      vertex -20.2942 -13.8817 0
    endloop
  endfacet
  facet normal -0.321827 -0.946799 0
    outer loop
      vertex -19.7168 -12.1809 0
      vertex -19.6053 -12.2188 2
      vertex -19.7168 -12.1809 2
    endloop
  endfacet
  facet normal -0.321827 -0.946799 -0
    outer loop
      vertex -19.6053 -12.2188 2
      vertex -19.7168 -12.1809 0
      vertex -19.6053 -12.2188 0
    endloop
  endfacet
  facet normal 0.831527 -0.555484 0
    outer loop
      vertex -20.7292 -12.6003 2
      vertex -20.6638 -12.5024 0
      vertex -20.6638 -12.5024 2
    endloop
  endfacet
  facet normal 0.831527 -0.555484 0
    outer loop
      vertex -20.6638 -12.5024 0
      vertex -20.7292 -12.6003 2
      vertex -20.7292 -12.6003 0
    endloop
  endfacet
  facet normal -0.831265 0.555877 0
    outer loop
      vertex -19.2357 -13.5981 0
      vertex -19.1703 -13.5003 2
      vertex -19.1703 -13.5003 0
    endloop
  endfacet
  facet normal -0.831265 0.555877 0
    outer loop
      vertex -19.1703 -13.5003 2
      vertex -19.2357 -13.5981 0
      vertex -19.2357 -13.5981 2
    endloop
  endfacet
  facet normal 0.659766 0.751471 -0
    outer loop
      vertex -20.4976 -13.7643 0
      vertex -20.5861 -13.6866 2
      vertex -20.4976 -13.7643 2
    endloop
  endfacet
  facet normal 0.659766 0.751471 0
    outer loop
      vertex -20.5861 -13.6866 2
      vertex -20.4976 -13.7643 0
      vertex -20.5861 -13.6866 0
    endloop
  endfacet
  facet normal -0.946799 0.321827 0
    outer loop
      vertex -19.1183 -13.3947 0
      vertex -19.0804 -13.2832 2
      vertex -19.0804 -13.2832 0
    endloop
  endfacet
  facet normal -0.946799 0.321827 0
    outer loop
      vertex -19.0804 -13.2832 2
      vertex -19.1183 -13.3947 0
      vertex -19.1183 -13.3947 2
    endloop
  endfacet
  facet normal -0.194483 -0.980906 0
    outer loop
      vertex -19.8323 -12.158 0
      vertex -19.7168 -12.1809 2
      vertex -19.8323 -12.158 2
    endloop
  endfacet
  facet normal -0.194483 -0.980906 -0
    outer loop
      vertex -19.7168 -12.1809 2
      vertex -19.8323 -12.158 0
      vertex -19.7168 -12.1809 0
    endloop
  endfacet
  facet normal 0.997856 0.0654471 0
    outer loop
      vertex -20.842 -13.1677 2
      vertex -20.8497 -13.0503 0
      vertex -20.8497 -13.0503 2
    endloop
  endfacet
  facet normal 0.997856 0.0654471 0
    outer loop
      vertex -20.8497 -13.0503 0
      vertex -20.842 -13.1677 2
      vertex -20.842 -13.1677 0
    endloop
  endfacet
  facet normal 0.980906 0.194483 0
    outer loop
      vertex -20.8191 -13.2832 2
      vertex -20.842 -13.1677 0
      vertex -20.842 -13.1677 2
    endloop
  endfacet
  facet normal 0.980906 0.194483 0
    outer loop
      vertex -20.842 -13.1677 0
      vertex -20.8191 -13.2832 2
      vertex -20.8191 -13.2832 0
    endloop
  endfacet
  facet normal -0.751471 -0.659766 0
    outer loop
      vertex -19.2357 -12.5024 0
      vertex -19.3134 -12.4139 2
      vertex -19.3134 -12.4139 0
    endloop
  endfacet
  facet normal -0.751471 -0.659766 0
    outer loop
      vertex -19.3134 -12.4139 2
      vertex -19.2357 -12.5024 0
      vertex -19.2357 -12.5024 2
    endloop
  endfacet
  facet normal 0.980906 -0.194483 0
    outer loop
      vertex -20.842 -12.9328 2
      vertex -20.8191 -12.8173 0
      vertex -20.8191 -12.8173 2
    endloop
  endfacet
  facet normal 0.980906 -0.194483 0
    outer loop
      vertex -20.8191 -12.8173 0
      vertex -20.842 -12.9328 2
      vertex -20.842 -12.9328 0
    endloop
  endfacet
  facet normal 0.946799 -0.321827 0
    outer loop
      vertex -20.8191 -12.8173 2
      vertex -20.7812 -12.7058 0
      vertex -20.7812 -12.7058 2
    endloop
  endfacet
  facet normal 0.946799 -0.321827 0
    outer loop
      vertex -20.7812 -12.7058 0
      vertex -20.8191 -12.8173 2
      vertex -20.8191 -12.8173 0
    endloop
  endfacet
  facet normal 0.0653917 -0.99786 0
    outer loop
      vertex -20.0672 -12.158 0
      vertex -19.9497 -12.1503 2
      vertex -20.0672 -12.158 2
    endloop
  endfacet
  facet normal 0.0653917 -0.99786 0
    outer loop
      vertex -19.9497 -12.1503 2
      vertex -20.0672 -12.158 0
      vertex -19.9497 -12.1503 0
    endloop
  endfacet
  facet normal -0.897129 0.441768 0
    outer loop
      vertex -19.1703 -13.5003 0
      vertex -19.1183 -13.3947 2
      vertex -19.1183 -13.3947 0
    endloop
  endfacet
  facet normal -0.897129 0.441768 0
    outer loop
      vertex -19.1183 -13.3947 2
      vertex -19.1703 -13.5003 0
      vertex -19.1703 -13.5003 2
    endloop
  endfacet
  facet normal 0.896963 -0.442105 0
    outer loop
      vertex -20.7812 -12.7058 2
      vertex -20.7292 -12.6003 0
      vertex -20.7292 -12.6003 2
    endloop
  endfacet
  facet normal 0.896963 -0.442105 0
    outer loop
      vertex -20.7292 -12.6003 0
      vertex -20.7812 -12.7058 2
      vertex -20.7812 -12.7058 0
    endloop
  endfacet
  facet normal 0.751471 -0.659766 0
    outer loop
      vertex -20.6638 -12.5024 2
      vertex -20.5861 -12.4139 0
      vertex -20.5861 -12.4139 2
    endloop
  endfacet
  facet normal 0.751471 -0.659766 0
    outer loop
      vertex -20.5861 -12.4139 0
      vertex -20.6638 -12.5024 2
      vertex -20.6638 -12.5024 0
    endloop
  endfacet
  facet normal -0.980792 -0.195055 0
    outer loop
      vertex -9.15795 -12.9328 0
      vertex -9.18092 -12.8173 2
      vertex -9.18092 -12.8173 0
    endloop
  endfacet
  facet normal -0.980792 -0.195055 0
    outer loop
      vertex -9.18092 -12.8173 2
      vertex -9.15795 -12.9328 0
      vertex -9.15795 -12.9328 2
    endloop
  endfacet
  facet normal -0.99786 -0.0653917 0
    outer loop
      vertex -9.15025 -13.0503 0
      vertex -9.15795 -12.9328 2
      vertex -9.15795 -12.9328 0
    endloop
  endfacet
  facet normal -0.99786 -0.0653917 0
    outer loop
      vertex -9.15795 -12.9328 2
      vertex -9.15025 -13.0503 0
      vertex -9.15025 -13.0503 2
    endloop
  endfacet
  facet normal 0.441768 -0.897129 0
    outer loop
      vertex -10.5003 -12.2708 0
      vertex -10.3947 -12.2188 2
      vertex -10.5003 -12.2708 2
    endloop
  endfacet
  facet normal 0.441768 -0.897129 0
    outer loop
      vertex -10.3947 -12.2188 2
      vertex -10.5003 -12.2708 0
      vertex -10.3947 -12.2188 0
    endloop
  endfacet
  facet normal -0.0653806 -0.99786 0
    outer loop
      vertex -10.0503 -12.1503 0
      vertex -9.93278 -12.158 2
      vertex -10.0503 -12.1503 2
    endloop
  endfacet
  facet normal -0.0653806 -0.99786 -0
    outer loop
      vertex -9.93278 -12.158 2
      vertex -10.0503 -12.1503 0
      vertex -9.93278 -12.158 0
    endloop
  endfacet
  facet normal -0.659724 -0.751508 0
    outer loop
      vertex -9.50237 -12.3362 0
      vertex -9.41386 -12.4139 2
      vertex -9.50237 -12.3362 2
    endloop
  endfacet
  facet normal -0.659724 -0.751508 -0
    outer loop
      vertex -9.41386 -12.4139 2
      vertex -9.50237 -12.3362 0
      vertex -9.41386 -12.4139 0
    endloop
  endfacet
  facet normal -0.441802 0.897113 0
    outer loop
      vertex -9.60025 -13.8297 0
      vertex -9.70584 -13.8817 2
      vertex -9.60025 -13.8297 2
    endloop
  endfacet
  facet normal -0.441802 0.897113 0
    outer loop
      vertex -9.70584 -13.8817 2
      vertex -9.60025 -13.8297 0
      vertex -9.70584 -13.8817 0
    endloop
  endfacet
  facet normal -0.195365 0.980731 0
    outer loop
      vertex -9.81732 -13.9196 0
      vertex -9.93278 -13.9426 2
      vertex -9.81732 -13.9196 2
    endloop
  endfacet
  facet normal -0.195365 0.980731 0
    outer loop
      vertex -9.93278 -13.9426 2
      vertex -9.81732 -13.9196 0
      vertex -9.93278 -13.9426 0
    endloop
  endfacet
  facet normal 0.555877 0.831265 -0
    outer loop
      vertex -10.5003 -13.8297 0
      vertex -10.5981 -13.7643 2
      vertex -10.5003 -13.8297 2
    endloop
  endfacet
  facet normal 0.555877 0.831265 0
    outer loop
      vertex -10.5981 -13.7643 2
      vertex -10.5003 -13.8297 0
      vertex -10.5981 -13.7643 0
    endloop
  endfacet
  facet normal 0.441768 0.897129 -0
    outer loop
      vertex -10.3947 -13.8817 0
      vertex -10.5003 -13.8297 2
      vertex -10.3947 -13.8817 2
    endloop
  endfacet
  facet normal 0.441768 0.897129 0
    outer loop
      vertex -10.5003 -13.8297 2
      vertex -10.3947 -13.8817 0
      vertex -10.5003 -13.8297 0
    endloop
  endfacet
  facet normal -0.997856 0.0654471 0
    outer loop
      vertex -9.15795 -13.1677 0
      vertex -9.15025 -13.0503 2
      vertex -9.15025 -13.0503 0
    endloop
  endfacet
  facet normal -0.997856 0.0654471 0
    outer loop
      vertex -9.15025 -13.0503 2
      vertex -9.15795 -13.1677 0
      vertex -9.15795 -13.1677 2
    endloop
  endfacet
  facet normal 0.99786 -0.0653917 0
    outer loop
      vertex -10.9503 -13.0503 2
      vertex -10.9426 -12.9328 0
      vertex -10.9426 -12.9328 2
    endloop
  endfacet
  facet normal 0.99786 -0.0653917 0
    outer loop
      vertex -10.9426 -12.9328 0
      vertex -10.9503 -13.0503 2
      vertex -10.9503 -13.0503 0
    endloop
  endfacet
  facet normal -0.831527 -0.555484 0
    outer loop
      vertex -9.27083 -12.6003 0
      vertex -9.33623 -12.5024 2
      vertex -9.33623 -12.5024 0
    endloop
  endfacet
  facet normal -0.831527 -0.555484 0
    outer loop
      vertex -9.33623 -12.5024 2
      vertex -9.27083 -12.6003 0
      vertex -9.27083 -12.6003 2
    endloop
  endfacet
  facet normal -0.896727 -0.442584 0
    outer loop
      vertex -9.21876 -12.7058 0
      vertex -9.27083 -12.6003 2
      vertex -9.27083 -12.6003 0
    endloop
  endfacet
  facet normal -0.896727 -0.442584 0
    outer loop
      vertex -9.27083 -12.6003 2
      vertex -9.21876 -12.7058 0
      vertex -9.21876 -12.7058 2
    endloop
  endfacet
  facet normal -0.946954 -0.32137 0
    outer loop
      vertex -9.18092 -12.8173 0
      vertex -9.21876 -12.7058 2
      vertex -9.21876 -12.7058 0
    endloop
  endfacet
  facet normal -0.946954 -0.32137 0
    outer loop
      vertex -9.21876 -12.7058 2
      vertex -9.18092 -12.8173 0
      vertex -9.18092 -12.8173 2
    endloop
  endfacet
  facet normal -0.751766 0.65943 0
    outer loop
      vertex -9.41386 -13.6866 0
      vertex -9.33623 -13.5981 2
      vertex -9.33623 -13.5981 0
    endloop
  endfacet
  facet normal -0.751766 0.65943 0
    outer loop
      vertex -9.33623 -13.5981 2
      vertex -9.41386 -13.6866 0
      vertex -9.41386 -13.6866 2
    endloop
  endfacet
  facet normal 0.1953 0.980744 -0
    outer loop
      vertex -10.1677 -13.9426 0
      vertex -10.2832 -13.9196 2
      vertex -10.1677 -13.9426 2
    endloop
  endfacet
  facet normal 0.1953 0.980744 0
    outer loop
      vertex -10.2832 -13.9196 2
      vertex -10.1677 -13.9426 0
      vertex -10.2832 -13.9196 0
    endloop
  endfacet
  facet normal -0.980792 0.195055 0
    outer loop
      vertex -9.18092 -13.2832 0
      vertex -9.15795 -13.1677 2
      vertex -9.15795 -13.1677 0
    endloop
  endfacet
  facet normal -0.980792 0.195055 0
    outer loop
      vertex -9.15795 -13.1677 2
      vertex -9.18092 -13.2832 0
      vertex -9.18092 -13.2832 2
    endloop
  endfacet
  facet normal 0.897129 0.441768 0
    outer loop
      vertex -10.8297 -13.5003 2
      vertex -10.8817 -13.3947 0
      vertex -10.8817 -13.3947 2
    endloop
  endfacet
  facet normal 0.897129 0.441768 0
    outer loop
      vertex -10.8817 -13.3947 0
      vertex -10.8297 -13.5003 2
      vertex -10.8297 -13.5003 0
    endloop
  endfacet
  facet normal 0.659766 -0.751471 0
    outer loop
      vertex -10.6866 -12.4139 0
      vertex -10.5981 -12.3362 2
      vertex -10.6866 -12.4139 2
    endloop
  endfacet
  facet normal 0.659766 -0.751471 0
    outer loop
      vertex -10.5981 -12.3362 2
      vertex -10.6866 -12.4139 0
      vertex -10.5981 -12.3362 0
    endloop
  endfacet
  facet normal 0.555877 -0.831265 0
    outer loop
      vertex -10.5981 -12.3362 0
      vertex -10.5003 -12.2708 2
      vertex -10.5981 -12.3362 2
    endloop
  endfacet
  facet normal 0.555877 -0.831265 0
    outer loop
      vertex -10.5003 -12.2708 2
      vertex -10.5981 -12.3362 0
      vertex -10.5003 -12.2708 0
    endloop
  endfacet
  facet normal 0.831265 0.555877 0
    outer loop
      vertex -10.7643 -13.5981 2
      vertex -10.8297 -13.5003 0
      vertex -10.8297 -13.5003 2
    endloop
  endfacet
  facet normal 0.831265 0.555877 0
    outer loop
      vertex -10.8297 -13.5003 0
      vertex -10.7643 -13.5981 2
      vertex -10.7643 -13.5981 0
    endloop
  endfacet
  facet normal 0.751471 0.659766 0
    outer loop
      vertex -10.6866 -13.6866 2
      vertex -10.7643 -13.5981 0
      vertex -10.7643 -13.5981 2
    endloop
  endfacet
  facet normal 0.751471 0.659766 0
    outer loop
      vertex -10.7643 -13.5981 0
      vertex -10.6866 -13.6866 2
      vertex -10.6866 -13.6866 0
    endloop
  endfacet
  facet normal -0.321878 0.946781 0
    outer loop
      vertex -9.70584 -13.8817 0
      vertex -9.81732 -13.9196 2
      vertex -9.70584 -13.8817 2
    endloop
  endfacet
  facet normal -0.321878 0.946781 0
    outer loop
      vertex -9.81732 -13.9196 2
      vertex -9.70584 -13.8817 0
      vertex -9.81732 -13.9196 0
    endloop
  endfacet
  facet normal 0.321827 -0.946799 0
    outer loop
      vertex -10.3947 -12.2188 0
      vertex -10.2832 -12.1809 2
      vertex -10.3947 -12.2188 2
    endloop
  endfacet
  facet normal 0.321827 -0.946799 0
    outer loop
      vertex -10.2832 -12.1809 2
      vertex -10.3947 -12.2188 0
      vertex -10.2832 -12.1809 0
    endloop
  endfacet
  facet normal -0.659724 0.751508 0
    outer loop
      vertex -9.41386 -13.6866 0
      vertex -9.50237 -13.7643 2
      vertex -9.41386 -13.6866 2
    endloop
  endfacet
  facet normal -0.659724 0.751508 0
    outer loop
      vertex -9.50237 -13.7643 2
      vertex -9.41386 -13.6866 0
      vertex -9.50237 -13.7643 0
    endloop
  endfacet
  facet normal -0.0653806 0.99786 0
    outer loop
      vertex -9.93278 -13.9426 0
      vertex -10.0503 -13.9503 2
      vertex -9.93278 -13.9426 2
    endloop
  endfacet
  facet normal -0.0653806 0.99786 0
    outer loop
      vertex -10.0503 -13.9503 2
      vertex -9.93278 -13.9426 0
      vertex -10.0503 -13.9503 0
    endloop
  endfacet
  facet normal -0.555562 -0.831475 0
    outer loop
      vertex -9.60025 -12.2708 0
      vertex -9.50237 -12.3362 2
      vertex -9.60025 -12.2708 2
    endloop
  endfacet
  facet normal -0.555562 -0.831475 -0
    outer loop
      vertex -9.50237 -12.3362 2
      vertex -9.60025 -12.2708 0
      vertex -9.50237 -12.3362 0
    endloop
  endfacet
  facet normal 0.0654471 0.997856 -0
    outer loop
      vertex -10.0503 -13.9503 0
      vertex -10.1677 -13.9426 2
      vertex -10.0503 -13.9503 2
    endloop
  endfacet
  facet normal 0.0654471 0.997856 0
    outer loop
      vertex -10.1677 -13.9426 2
      vertex -10.0503 -13.9503 0
      vertex -10.1677 -13.9426 0
    endloop
  endfacet
  facet normal -0.555562 0.831475 0
    outer loop
      vertex -9.50237 -13.7643 0
      vertex -9.60025 -13.8297 2
      vertex -9.50237 -13.7643 2
    endloop
  endfacet
  facet normal -0.555562 0.831475 0
    outer loop
      vertex -9.60025 -13.8297 2
      vertex -9.50237 -13.7643 0
      vertex -9.60025 -13.8297 0
    endloop
  endfacet
  facet normal 0.194483 -0.980906 0
    outer loop
      vertex -10.2832 -12.1809 0
      vertex -10.1677 -12.158 2
      vertex -10.2832 -12.1809 2
    endloop
  endfacet
  facet normal 0.194483 -0.980906 0
    outer loop
      vertex -10.1677 -12.158 2
      vertex -10.2832 -12.1809 0
      vertex -10.1677 -12.158 0
    endloop
  endfacet
  facet normal -0.441802 -0.897113 0
    outer loop
      vertex -9.70584 -12.2188 0
      vertex -9.60025 -12.2708 2
      vertex -9.70584 -12.2188 2
    endloop
  endfacet
  facet normal -0.441802 -0.897113 -0
    outer loop
      vertex -9.60025 -12.2708 2
      vertex -9.70584 -12.2188 0
      vertex -9.60025 -12.2708 0
    endloop
  endfacet
  facet normal 0.321827 0.946799 -0
    outer loop
      vertex -10.2832 -13.9196 0
      vertex -10.3947 -13.8817 2
      vertex -10.2832 -13.9196 2
    endloop
  endfacet
  facet normal 0.321827 0.946799 0
    outer loop
      vertex -10.3947 -13.8817 2
      vertex -10.2832 -13.9196 0
      vertex -10.3947 -13.8817 0
    endloop
  endfacet
  facet normal -0.321878 -0.946781 0
    outer loop
      vertex -9.81732 -12.1809 0
      vertex -9.70584 -12.2188 2
      vertex -9.81732 -12.1809 2
    endloop
  endfacet
  facet normal -0.321878 -0.946781 -0
    outer loop
      vertex -9.70584 -12.2188 2
      vertex -9.81732 -12.1809 0
      vertex -9.70584 -12.2188 0
    endloop
  endfacet
  facet normal 0.831527 -0.555484 0
    outer loop
      vertex -10.8297 -12.6003 2
      vertex -10.7643 -12.5024 0
      vertex -10.7643 -12.5024 2
    endloop
  endfacet
  facet normal 0.831527 -0.555484 0
    outer loop
      vertex -10.7643 -12.5024 0
      vertex -10.8297 -12.6003 2
      vertex -10.8297 -12.6003 0
    endloop
  endfacet
  facet normal -0.831265 0.555877 0
    outer loop
      vertex -9.33623 -13.5981 0
      vertex -9.27083 -13.5003 2
      vertex -9.27083 -13.5003 0
    endloop
  endfacet
  facet normal -0.831265 0.555877 0
    outer loop
      vertex -9.27083 -13.5003 2
      vertex -9.33623 -13.5981 0
      vertex -9.33623 -13.5981 2
    endloop
  endfacet
  facet normal 0.659766 0.751471 -0
    outer loop
      vertex -10.5981 -13.7643 0
      vertex -10.6866 -13.6866 2
      vertex -10.5981 -13.7643 2
    endloop
  endfacet
  facet normal 0.659766 0.751471 0
    outer loop
      vertex -10.6866 -13.6866 2
      vertex -10.5981 -13.7643 0
      vertex -10.6866 -13.6866 0
    endloop
  endfacet
  facet normal -0.946954 0.32137 0
    outer loop
      vertex -9.21876 -13.3947 0
      vertex -9.18092 -13.2832 2
      vertex -9.18092 -13.2832 0
    endloop
  endfacet
  facet normal -0.946954 0.32137 0
    outer loop
      vertex -9.18092 -13.2832 2
      vertex -9.21876 -13.3947 0
      vertex -9.21876 -13.3947 2
    endloop
  endfacet
  facet normal -0.194547 -0.980893 0
    outer loop
      vertex -9.93278 -12.158 0
      vertex -9.81732 -12.1809 2
      vertex -9.93278 -12.158 2
    endloop
  endfacet
  facet normal -0.194547 -0.980893 -0
    outer loop
      vertex -9.81732 -12.1809 2
      vertex -9.93278 -12.158 0
      vertex -9.81732 -12.1809 0
    endloop
  endfacet
  facet normal 0.997856 0.0654471 0
    outer loop
      vertex -10.9426 -13.1677 2
      vertex -10.9503 -13.0503 0
      vertex -10.9503 -13.0503 2
    endloop
  endfacet
  facet normal 0.997856 0.0654471 0
    outer loop
      vertex -10.9503 -13.0503 0
      vertex -10.9426 -13.1677 2
      vertex -10.9426 -13.1677 0
    endloop
  endfacet
  facet normal 0.980744 0.1953 0
    outer loop
      vertex -10.9196 -13.2832 2
      vertex -10.9426 -13.1677 0
      vertex -10.9426 -13.1677 2
    endloop
  endfacet
  facet normal 0.980744 0.1953 0
    outer loop
      vertex -10.9426 -13.1677 0
      vertex -10.9196 -13.2832 2
      vertex -10.9196 -13.2832 0
    endloop
  endfacet
  facet normal -0.751766 -0.65943 0
    outer loop
      vertex -9.33623 -12.5024 0
      vertex -9.41386 -12.4139 2
      vertex -9.41386 -12.4139 0
    endloop
  endfacet
  facet normal -0.751766 -0.65943 0
    outer loop
      vertex -9.41386 -12.4139 2
      vertex -9.33623 -12.5024 0
      vertex -9.33623 -12.5024 2
    endloop
  endfacet
  facet normal 0.946799 0.321827 0
    outer loop
      vertex -10.8817 -13.3947 2
      vertex -10.9196 -13.2832 0
      vertex -10.9196 -13.2832 2
    endloop
  endfacet
  facet normal 0.946799 0.321827 0
    outer loop
      vertex -10.9196 -13.2832 0
      vertex -10.8817 -13.3947 2
      vertex -10.8817 -13.3947 0
    endloop
  endfacet
  facet normal 0.0654471 -0.997856 0
    outer loop
      vertex -10.1677 -12.158 0
      vertex -10.0503 -12.1503 2
      vertex -10.1677 -12.158 2
    endloop
  endfacet
  facet normal 0.0654471 -0.997856 0
    outer loop
      vertex -10.0503 -12.1503 2
      vertex -10.1677 -12.158 0
      vertex -10.0503 -12.1503 0
    endloop
  endfacet
  facet normal 0.980744 -0.1953 0
    outer loop
      vertex -10.9426 -12.9328 2
      vertex -10.9196 -12.8173 0
      vertex -10.9196 -12.8173 2
    endloop
  endfacet
  facet normal 0.980744 -0.1953 0
    outer loop
      vertex -10.9196 -12.8173 0
      vertex -10.9426 -12.9328 2
      vertex -10.9426 -12.9328 0
    endloop
  endfacet
  facet normal 0.946799 -0.321827 0
    outer loop
      vertex -10.9196 -12.8173 2
      vertex -10.8817 -12.7058 0
      vertex -10.8817 -12.7058 2
    endloop
  endfacet
  facet normal 0.946799 -0.321827 0
    outer loop
      vertex -10.8817 -12.7058 0
      vertex -10.9196 -12.8173 2
      vertex -10.9196 -12.8173 0
    endloop
  endfacet
  facet normal -0.896893 0.442247 0
    outer loop
      vertex -9.27083 -13.5003 0
      vertex -9.21876 -13.3947 2
      vertex -9.21876 -13.3947 0
    endloop
  endfacet
  facet normal -0.896893 0.442247 0
    outer loop
      vertex -9.21876 -13.3947 2
      vertex -9.27083 -13.5003 0
      vertex -9.27083 -13.5003 2
    endloop
  endfacet
  facet normal 0.896963 -0.442105 0
    outer loop
      vertex -10.8817 -12.7058 2
      vertex -10.8297 -12.6003 0
      vertex -10.8297 -12.6003 2
    endloop
  endfacet
  facet normal 0.896963 -0.442105 0
    outer loop
      vertex -10.8297 -12.6003 0
      vertex -10.8817 -12.7058 2
      vertex -10.8817 -12.7058 0
    endloop
  endfacet
  facet normal 0.751471 -0.659766 0
    outer loop
      vertex -10.7643 -12.5024 2
      vertex -10.6866 -12.4139 0
      vertex -10.6866 -12.4139 2
    endloop
  endfacet
  facet normal 0.751471 -0.659766 0
    outer loop
      vertex -10.6866 -12.4139 0
      vertex -10.7643 -12.5024 2
      vertex -10.7643 -12.5024 0
    endloop
  endfacet
  facet normal -0.980788 -0.195079 0
    outer loop
      vertex -4.39154 -16.6034 2
      vertex -4.66459 -15.2306 4
      vertex -4.66459 -15.2306 2
    endloop
  endfacet
  facet normal -0.980788 -0.195079 0
    outer loop
      vertex -4.66459 -15.2306 4
      vertex -4.39154 -16.6034 2
      vertex -4.39154 -16.6034 4
    endloop
  endfacet
  facet normal -0.997859 -0.0654046 0
    outer loop
      vertex -4.3 -18 2
      vertex -4.39154 -16.6034 4
      vertex -4.39154 -16.6034 2
    endloop
  endfacet
  facet normal -0.997859 -0.0654046 0
    outer loop
      vertex -4.39154 -16.6034 4
      vertex -4.3 -18 2
      vertex -4.3 -18 4
    endloop
  endfacet
  facet normal -0.0653761 0.997861 0
    outer loop
      vertex -13.6034 -28.6085 2
      vertex -15 -28.7 4
      vertex -13.6034 -28.6085 4
    endloop
  endfacet
  facet normal -0.0653761 0.997861 0
    outer loop
      vertex -15 -28.7 4
      vertex -13.6034 -28.6085 2
      vertex -15 -28.7 2
    endloop
  endfacet
  facet normal 0.659361 -0.751826 0
    outer loop
      vertex -22.566 -10.434 2
      vertex -21.5137 -9.51112 4
      vertex -22.566 -10.434 4
    endloop
  endfacet
  facet normal 0.659361 -0.751826 0
    outer loop
      vertex -21.5137 -9.51112 4
      vertex -22.566 -10.434 2
      vertex -21.5137 -9.51112 2
    endloop
  endfacet
  facet normal 0.831456 0.55559 0
    outer loop
      vertex -23.4889 -24.5137 4
      vertex -24.2665 -23.35 2
      vertex -24.2665 -23.35 4
    endloop
  endfacet
  facet normal 0.831456 0.55559 0
    outer loop
      vertex -24.2665 -23.35 2
      vertex -23.4889 -24.5137 4
      vertex -23.4889 -24.5137 2
    endloop
  endfacet
  facet normal 0.195113 0.980781 -0
    outer loop
      vertex -16.3966 -28.6085 2
      vertex -17.7694 -28.3354 4
      vertex -16.3966 -28.6085 4
    endloop
  endfacet
  facet normal 0.195113 0.980781 0
    outer loop
      vertex -17.7694 -28.3354 4
      vertex -16.3966 -28.6085 2
      vertex -17.7694 -28.3354 2
    endloop
  endfacet
  facet normal -0.659365 -0.751823 0
    outer loop
      vertex -8.48625 -9.51112 2
      vertex -7.43396 -10.434 4
      vertex -8.48625 -9.51112 4
    endloop
  endfacet
  facet normal -0.659365 -0.751823 -0
    outer loop
      vertex -7.43396 -10.434 4
      vertex -8.48625 -9.51112 2
      vertex -7.43396 -10.434 2
    endloop
  endfacet
  facet normal -0.946926 0.321453 0
    outer loop
      vertex -5.11449 -22.0947 2
      vertex -4.66459 -20.7694 4
      vertex -4.66459 -20.7694 2
    endloop
  endfacet
  facet normal -0.946926 0.321453 0
    outer loop
      vertex -4.66459 -20.7694 4
      vertex -5.11449 -22.0947 2
      vertex -5.11449 -22.0947 4
    endloop
  endfacet
  facet normal -0.751841 0.659345 0
    outer loop
      vertex -7.43396 -25.566 2
      vertex -6.51112 -24.5137 4
      vertex -6.51112 -24.5137 2
    endloop
  endfacet
  facet normal -0.751841 0.659345 0
    outer loop
      vertex -6.51112 -24.5137 4
      vertex -7.43396 -25.566 2
      vertex -7.43396 -25.566 4
    endloop
  endfacet
  facet normal -0.751841 -0.659345 0
    outer loop
      vertex -6.51112 -11.4863 2
      vertex -7.43396 -10.434 4
      vertex -7.43396 -10.434 2
    endloop
  endfacet
  facet normal -0.751841 -0.659345 0
    outer loop
      vertex -7.43396 -10.434 4
      vertex -6.51112 -11.4863 2
      vertex -6.51112 -11.4863 4
    endloop
  endfacet
  facet normal 0.946926 0.321453 0
    outer loop
      vertex -24.8855 -22.0947 4
      vertex -25.3354 -20.7694 2
      vertex -25.3354 -20.7694 4
    endloop
  endfacet
  facet normal 0.946926 0.321453 0
    outer loop
      vertex -25.3354 -20.7694 2
      vertex -24.8855 -22.0947 4
      vertex -24.8855 -22.0947 2
    endloop
  endfacet
  facet normal -0.321453 0.946926 0
    outer loop
      vertex -10.9053 -27.8855 2
      vertex -12.2306 -28.3354 4
      vertex -10.9053 -27.8855 4
    endloop
  endfacet
  facet normal -0.321453 0.946926 0
    outer loop
      vertex -12.2306 -28.3354 4
      vertex -10.9053 -27.8855 2
      vertex -12.2306 -28.3354 2
    endloop
  endfacet
  facet normal 0.0653761 0.997861 -0
    outer loop
      vertex -15 -28.7 2
      vertex -16.3966 -28.6085 4
      vertex -15 -28.7 4
    endloop
  endfacet
  facet normal 0.0653761 0.997861 0
    outer loop
      vertex -16.3966 -28.6085 4
      vertex -15 -28.7 2
      vertex -16.3966 -28.6085 2
    endloop
  endfacet
  facet normal 0.321453 -0.946926 0
    outer loop
      vertex -19.0947 -8.11449 2
      vertex -17.7694 -7.66459 4
      vertex -19.0947 -8.11449 4
    endloop
  endfacet
  facet normal 0.321453 -0.946926 0
    outer loop
      vertex -17.7694 -7.66459 4
      vertex -19.0947 -8.11449 2
      vertex -17.7694 -7.66459 2
    endloop
  endfacet
  facet normal 0.751819 -0.659369 0
    outer loop
      vertex -23.4889 -11.4863 4
      vertex -22.566 -10.434 2
      vertex -22.566 -10.434 4
    endloop
  endfacet
  facet normal 0.751819 -0.659369 0
    outer loop
      vertex -22.566 -10.434 2
      vertex -23.4889 -11.4863 4
      vertex -23.4889 -11.4863 2
    endloop
  endfacet
  facet normal 0.442263 0.896886 -0
    outer loop
      vertex -19.0947 -27.8855 2
      vertex -20.35 -27.2665 4
      vertex -19.0947 -27.8855 4
    endloop
  endfacet
  facet normal 0.442263 0.896886 0
    outer loop
      vertex -20.35 -27.2665 4
      vertex -19.0947 -27.8855 2
      vertex -20.35 -27.2665 2
    endloop
  endfacet
  facet normal 0.0654046 -0.997859 0
    outer loop
      vertex -16.3966 -7.39154 2
      vertex -15 -7.3 4
      vertex -16.3966 -7.39154 4
    endloop
  endfacet
  facet normal 0.0654046 -0.997859 0
    outer loop
      vertex -15 -7.3 4
      vertex -16.3966 -7.39154 2
      vertex -15 -7.3 2
    endloop
  endfacet
  facet normal -0.896874 0.442286 0
    outer loop
      vertex -5.73353 -23.35 2
      vertex -5.11449 -22.0947 4
      vertex -5.11449 -22.0947 2
    endloop
  endfacet
  facet normal -0.896874 0.442286 0
    outer loop
      vertex -5.11449 -22.0947 4
      vertex -5.73353 -23.35 2
      vertex -5.73353 -23.35 4
    endloop
  endfacet
  facet normal -0.555574 0.831467 0
    outer loop
      vertex -8.48625 -26.4889 2
      vertex -9.65 -27.2665 4
      vertex -8.48625 -26.4889 4
    endloop
  endfacet
  facet normal -0.555574 0.831467 0
    outer loop
      vertex -9.65 -27.2665 4
      vertex -8.48625 -26.4889 2
      vertex -9.65 -27.2665 2
    endloop
  endfacet
  facet normal 0.980781 0.195113 0
    outer loop
      vertex -25.3354 -20.7694 4
      vertex -25.6085 -19.3966 2
      vertex -25.6085 -19.3966 4
    endloop
  endfacet
  facet normal 0.980781 0.195113 0
    outer loop
      vertex -25.6085 -19.3966 2
      vertex -25.3354 -20.7694 4
      vertex -25.3354 -20.7694 2
    endloop
  endfacet
  facet normal -0.195079 -0.980788 0
    outer loop
      vertex -13.6034 -7.39154 2
      vertex -12.2306 -7.66459 4
      vertex -13.6034 -7.39154 4
    endloop
  endfacet
  facet normal -0.195079 -0.980788 -0
    outer loop
      vertex -12.2306 -7.66459 4
      vertex -13.6034 -7.39154 2
      vertex -12.2306 -7.66459 2
    endloop
  endfacet
  facet normal -0.83146 -0.555585 0
    outer loop
      vertex -5.73353 -12.65 2
      vertex -6.51112 -11.4863 4
      vertex -6.51112 -11.4863 2
    endloop
  endfacet
  facet normal -0.83146 -0.555585 0
    outer loop
      vertex -6.51112 -11.4863 4
      vertex -5.73353 -12.65 2
      vertex -5.73353 -12.65 4
    endloop
  endfacet
  facet normal -0.997859 0.0654046 0
    outer loop
      vertex -4.39154 -19.3966 2
      vertex -4.3 -18 4
      vertex -4.3 -18 2
    endloop
  endfacet
  facet normal -0.997859 0.0654046 0
    outer loop
      vertex -4.3 -18 4
      vertex -4.39154 -19.3966 2
      vertex -4.39154 -19.3966 4
    endloop
  endfacet
  facet normal -0.321453 -0.946926 0
    outer loop
      vertex -12.2306 -7.66459 2
      vertex -10.9053 -8.11449 4
      vertex -12.2306 -7.66459 4
    endloop
  endfacet
  facet normal -0.321453 -0.946926 -0
    outer loop
      vertex -10.9053 -8.11449 4
      vertex -12.2306 -7.66459 2
      vertex -10.9053 -8.11449 2
    endloop
  endfacet
  facet normal -0.555569 -0.831471 0
    outer loop
      vertex -9.65 -8.73353 2
      vertex -8.48625 -9.51112 4
      vertex -9.65 -8.73353 4
    endloop
  endfacet
  facet normal -0.555569 -0.831471 -0
    outer loop
      vertex -8.48625 -9.51112 4
      vertex -9.65 -8.73353 2
      vertex -8.48625 -9.51112 2
    endloop
  endfacet
  facet normal 0.195079 -0.980788 0
    outer loop
      vertex -17.7694 -7.66459 2
      vertex -16.3966 -7.39154 4
      vertex -17.7694 -7.66459 4
    endloop
  endfacet
  facet normal 0.195079 -0.980788 0
    outer loop
      vertex -16.3966 -7.39154 4
      vertex -17.7694 -7.66459 2
      vertex -16.3966 -7.39154 2
    endloop
  endfacet
  facet normal -0.659373 0.751816 0
    outer loop
      vertex -7.43396 -25.566 2
      vertex -8.48625 -26.4889 4
      vertex -7.43396 -25.566 4
    endloop
  endfacet
  facet normal -0.659373 0.751816 0
    outer loop
      vertex -8.48625 -26.4889 4
      vertex -7.43396 -25.566 2
      vertex -8.48625 -26.4889 2
    endloop
  endfacet
  facet normal 0.896886 -0.442263 0
    outer loop
      vertex -24.8855 -13.9053 4
      vertex -24.2665 -12.65 2
      vertex -24.2665 -12.65 4
    endloop
  endfacet
  facet normal 0.896886 -0.442263 0
    outer loop
      vertex -24.2665 -12.65 2
      vertex -24.8855 -13.9053 4
      vertex -24.8855 -13.9053 2
    endloop
  endfacet
  facet normal -0.980788 0.195079 0
    outer loop
      vertex -4.66459 -20.7694 2
      vertex -4.39154 -19.3966 4
      vertex -4.39154 -19.3966 2
    endloop
  endfacet
  facet normal -0.980788 0.195079 0
    outer loop
      vertex -4.39154 -19.3966 4
      vertex -4.66459 -20.7694 2
      vertex -4.66459 -20.7694 4
    endloop
  endfacet
  facet normal -0.195113 0.980781 0
    outer loop
      vertex -12.2306 -28.3354 2
      vertex -13.6034 -28.6085 4
      vertex -12.2306 -28.3354 4
    endloop
  endfacet
  facet normal -0.195113 0.980781 0
    outer loop
      vertex -13.6034 -28.6085 4
      vertex -12.2306 -28.3354 2
      vertex -13.6034 -28.6085 2
    endloop
  endfacet
  facet normal 0.659369 0.751819 -0
    outer loop
      vertex -21.5137 -26.4889 2
      vertex -22.566 -25.566 4
      vertex -21.5137 -26.4889 4
    endloop
  endfacet
  facet normal 0.659369 0.751819 0
    outer loop
      vertex -22.566 -25.566 4
      vertex -21.5137 -26.4889 2
      vertex -22.566 -25.566 2
    endloop
  endfacet
  facet normal 0.751819 0.659369 0
    outer loop
      vertex -22.566 -25.566 4
      vertex -23.4889 -24.5137 2
      vertex -23.4889 -24.5137 4
    endloop
  endfacet
  facet normal 0.751819 0.659369 0
    outer loop
      vertex -23.4889 -24.5137 2
      vertex -22.566 -25.566 4
      vertex -22.566 -25.566 2
    endloop
  endfacet
  facet normal -0.0654046 -0.997859 0
    outer loop
      vertex -15 -7.3 2
      vertex -13.6034 -7.39154 4
      vertex -15 -7.3 4
    endloop
  endfacet
  facet normal -0.0654046 -0.997859 -0
    outer loop
      vertex -13.6034 -7.39154 4
      vertex -15 -7.3 2
      vertex -13.6034 -7.39154 2
    endloop
  endfacet
  facet normal -0.442286 -0.896874 0
    outer loop
      vertex -10.9053 -8.11449 2
      vertex -9.65 -8.73353 4
      vertex -10.9053 -8.11449 4
    endloop
  endfacet
  facet normal -0.442286 -0.896874 -0
    outer loop
      vertex -9.65 -8.73353 4
      vertex -10.9053 -8.11449 2
      vertex -9.65 -8.73353 2
    endloop
  endfacet
  facet normal -0.83146 0.555585 0
    outer loop
      vertex -6.51112 -24.5137 2
      vertex -5.73353 -23.35 4
      vertex -5.73353 -23.35 2
    endloop
  endfacet
  facet normal -0.83146 0.555585 0
    outer loop
      vertex -5.73353 -23.35 4
      vertex -6.51112 -24.5137 2
      vertex -6.51112 -24.5137 4
    endloop
  endfacet
  facet normal 0.997861 0.0653761 0
    outer loop
      vertex -25.6085 -19.3966 4
      vertex -25.7 -18 2
      vertex -25.7 -18 4
    endloop
  endfacet
  facet normal 0.997861 0.0653761 0
    outer loop
      vertex -25.7 -18 2
      vertex -25.6085 -19.3966 4
      vertex -25.6085 -19.3966 2
    endloop
  endfacet
  facet normal -0.442263 0.896886 0
    outer loop
      vertex -9.65 -27.2665 2
      vertex -10.9053 -27.8855 4
      vertex -9.65 -27.2665 4
    endloop
  endfacet
  facet normal -0.442263 0.896886 0
    outer loop
      vertex -10.9053 -27.8855 4
      vertex -9.65 -27.2665 2
      vertex -10.9053 -27.8855 2
    endloop
  endfacet
  facet normal 0.980781 -0.195113 0
    outer loop
      vertex -25.6085 -16.6034 4
      vertex -25.3354 -15.2306 2
      vertex -25.3354 -15.2306 4
    endloop
  endfacet
  facet normal 0.980781 -0.195113 0
    outer loop
      vertex -25.3354 -15.2306 2
      vertex -25.6085 -16.6034 4
      vertex -25.6085 -16.6034 2
    endloop
  endfacet
  facet normal 0.896886 0.442263 0
    outer loop
      vertex -24.2665 -23.35 4
      vertex -24.8855 -22.0947 2
      vertex -24.8855 -22.0947 4
    endloop
  endfacet
  facet normal 0.896886 0.442263 0
    outer loop
      vertex -24.8855 -22.0947 2
      vertex -24.2665 -23.35 4
      vertex -24.2665 -23.35 2
    endloop
  endfacet
  facet normal 0.946926 -0.321453 0
    outer loop
      vertex -25.3354 -15.2306 4
      vertex -24.8855 -13.9053 2
      vertex -24.8855 -13.9053 4
    endloop
  endfacet
  facet normal 0.946926 -0.321453 0
    outer loop
      vertex -24.8855 -13.9053 2
      vertex -25.3354 -15.2306 4
      vertex -25.3354 -15.2306 2
    endloop
  endfacet
  facet normal -0.896874 -0.442286 0
    outer loop
      vertex -5.11449 -13.9053 2
      vertex -5.73353 -12.65 4
      vertex -5.73353 -12.65 2
    endloop
  endfacet
  facet normal -0.896874 -0.442286 0
    outer loop
      vertex -5.73353 -12.65 4
      vertex -5.11449 -13.9053 2
      vertex -5.11449 -13.9053 4
    endloop
  endfacet
  facet normal -0.946926 -0.321453 0
    outer loop
      vertex -4.66459 -15.2306 2
      vertex -5.11449 -13.9053 4
      vertex -5.11449 -13.9053 2
    endloop
  endfacet
  facet normal -0.946926 -0.321453 0
    outer loop
      vertex -5.11449 -13.9053 4
      vertex -4.66459 -15.2306 2
      vertex -4.66459 -15.2306 4
    endloop
  endfacet
  facet normal 0.997861 -0.0653761 0
    outer loop
      vertex -25.7 -18 4
      vertex -25.6085 -16.6034 2
      vertex -25.6085 -16.6034 4
    endloop
  endfacet
  facet normal 0.997861 -0.0653761 0
    outer loop
      vertex -25.6085 -16.6034 2
      vertex -25.7 -18 4
      vertex -25.7 -18 2
    endloop
  endfacet
  facet normal 0.321453 0.946926 -0
    outer loop
      vertex -17.7694 -28.3354 2
      vertex -19.0947 -27.8855 4
      vertex -17.7694 -28.3354 4
    endloop
  endfacet
  facet normal 0.321453 0.946926 0
    outer loop
      vertex -19.0947 -27.8855 4
      vertex -17.7694 -28.3354 2
      vertex -19.0947 -27.8855 2
    endloop
  endfacet
  facet normal 0.442286 -0.896874 0
    outer loop
      vertex -20.35 -8.73353 2
      vertex -19.0947 -8.11449 4
      vertex -20.35 -8.73353 4
    endloop
  endfacet
  facet normal 0.442286 -0.896874 0
    outer loop
      vertex -19.0947 -8.11449 4
      vertex -20.35 -8.73353 2
      vertex -19.0947 -8.11449 2
    endloop
  endfacet
  facet normal 0.555585 -0.83146 0
    outer loop
      vertex -21.5137 -9.51112 2
      vertex -20.35 -8.73353 4
      vertex -21.5137 -9.51112 4
    endloop
  endfacet
  facet normal 0.555585 -0.83146 0
    outer loop
      vertex -20.35 -8.73353 4
      vertex -21.5137 -9.51112 2
      vertex -20.35 -8.73353 2
    endloop
  endfacet
  facet normal 0.831456 -0.55559 0
    outer loop
      vertex -24.2665 -12.65 4
      vertex -23.4889 -11.4863 2
      vertex -23.4889 -11.4863 4
    endloop
  endfacet
  facet normal 0.831456 -0.55559 0
    outer loop
      vertex -23.4889 -11.4863 2
      vertex -24.2665 -12.65 4
      vertex -24.2665 -12.65 2
    endloop
  endfacet
  facet normal 0 0 1
    outer loop
      vertex -17.2981 -15.7019 2
      vertex -19.4019 -13.7643 2
      vertex -17.5784 -16.0215 2
    endloop
  endfacet
  facet normal 0 0 1
    outer loop
      vertex -18.25 -18 2
      vertex -19.0574 -22.8323 2
      vertex -19.0497 -22.9497 2
    endloop
  endfacet
  facet normal -0 0 1
    outer loop
      vertex -19.4997 -13.8297 2
      vertex -17.5784 -16.0215 2
      vertex -19.4019 -13.7643 2
    endloop
  endfacet
  facet normal 0 0 1
    outer loop
      vertex -18.25 -18 2
      vertex -19.0804 -22.7168 2
      vertex -19.0574 -22.8323 2
    endloop
  endfacet
  facet normal -0 0 1
    outer loop
      vertex -19.6053 -13.8817 2
      vertex -17.5784 -16.0215 2
      vertex -19.4997 -13.8297 2
    endloop
  endfacet
  facet normal 0 0 1
    outer loop
      vertex -18.25 -18 2
      vertex -19.1183 -22.6053 2
      vertex -19.0804 -22.7168 2
    endloop
  endfacet
  facet normal 0 0 1
    outer loop
      vertex -17.5784 -16.0215 2
      vertex -19.6053 -13.8817 2
      vertex -17.8146 -16.375 2
    endloop
  endfacet
  facet normal 0 0 1
    outer loop
      vertex -18.25 -18 2
      vertex -19.1703 -22.4997 2
      vertex -19.1183 -22.6053 2
    endloop
  endfacet
  facet normal -0 0 1
    outer loop
      vertex -19.7168 -13.9196 2
      vertex -17.8146 -16.375 2
      vertex -19.6053 -13.8817 2
    endloop
  endfacet
  facet normal 0 0 1
    outer loop
      vertex -18.25 -18 2
      vertex -19.2357 -22.4019 2
      vertex -19.1703 -22.4997 2
    endloop
  endfacet
  facet normal -0 0 1
    outer loop
      vertex -19.8323 -13.9426 2
      vertex -17.8146 -16.375 2
      vertex -19.7168 -13.9196 2
    endloop
  endfacet
  facet normal 0 0 1
    outer loop
      vertex -18.25 -18 2
      vertex -19.3134 -22.3134 2
      vertex -19.2357 -22.4019 2
    endloop
  endfacet
  facet normal 0 0 1
    outer loop
      vertex -17.8146 -16.375 2
      vertex -19.8323 -13.9426 2
      vertex -18.0026 -16.7563 2
    endloop
  endfacet
  facet normal 0 0 1
    outer loop
      vertex -18.25 -18 2
      vertex -19.4019 -22.2357 2
      vertex -19.3134 -22.3134 2
    endloop
  endfacet
  facet normal -0 0 1
    outer loop
      vertex -19.9497 -13.9503 2
      vertex -18.0026 -16.7563 2
      vertex -19.8323 -13.9426 2
    endloop
  endfacet
  facet normal 0 0 1
    outer loop
      vertex -18.25 -18 2
      vertex -19.4997 -22.1703 2
      vertex -19.4019 -22.2357 2
    endloop
  endfacet
  facet normal 0 0 1
    outer loop
      vertex -20.0672 -13.9426 2
      vertex -18.0026 -16.7563 2
      vertex -19.9497 -13.9503 2
    endloop
  endfacet
  facet normal 0 0 1
    outer loop
      vertex -18.25 -18 2
      vertex -19.6053 -22.1183 2
      vertex -19.4997 -22.1703 2
    endloop
  endfacet
  facet normal 0 0 1
    outer loop
      vertex -18.0026 -16.7563 2
      vertex -20.0672 -13.9426 2
      vertex -18.1393 -17.1588 2
    endloop
  endfacet
  facet normal 0 0 1
    outer loop
      vertex -18.25 -18 2
      vertex -19.7168 -22.0804 2
      vertex -19.6053 -22.1183 2
    endloop
  endfacet
  facet normal 0 0 1
    outer loop
      vertex -20.1827 -13.9196 2
      vertex -18.1393 -17.1588 2
      vertex -20.0672 -13.9426 2
    endloop
  endfacet
  facet normal 0 0 1
    outer loop
      vertex -18.25 -18 2
      vertex -19.8323 -22.0574 2
      vertex -19.7168 -22.0804 2
    endloop
  endfacet
  facet normal 0 0 1
    outer loop
      vertex -18.1393 -17.1588 2
      vertex -20.1827 -13.9196 2
      vertex -18.2222 -17.5758 2
    endloop
  endfacet
  facet normal 0 0 1
    outer loop
      vertex -18.25 -18 2
      vertex -19.9497 -22.0497 2
      vertex -19.8323 -22.0574 2
    endloop
  endfacet
  facet normal 0 0 1
    outer loop
      vertex -20.2942 -13.8817 2
      vertex -18.2222 -17.5758 2
      vertex -20.1827 -13.9196 2
    endloop
  endfacet
  facet normal 0 0 1
    outer loop
      vertex -18.25 -18 2
      vertex -20.0672 -22.0574 2
      vertex -19.9497 -22.0497 2
    endloop
  endfacet
  facet normal -0 0 1
    outer loop
      vertex -25.6085 -16.6034 2
      vertex -18.2222 -17.5758 2
      vertex -20.2942 -13.8817 2
    endloop
  endfacet
  facet normal 0 0 1
    outer loop
      vertex -18.25 -18 2
      vertex -20.1827 -22.0804 2
      vertex -20.0672 -22.0574 2
    endloop
  endfacet
  facet normal 0 0 1
    outer loop
      vertex -18.2222 -17.5758 2
      vertex -25.6085 -16.6034 2
      vertex -18.25 -18 2
    endloop
  endfacet
  facet normal 0 -0 1
    outer loop
      vertex -25.6085 -19.3966 2
      vertex -18.25 -18 2
      vertex -25.7 -18 2
    endloop
  endfacet
  facet normal 0 0 1
    outer loop
      vertex -25.6085 -16.6034 2
      vertex -20.2942 -13.8817 2
      vertex -20.3997 -13.8297 2
    endloop
  endfacet
  facet normal 0 0 1
    outer loop
      vertex -18.25 -18 2
      vertex -20.2942 -22.1183 2
      vertex -20.1827 -22.0804 2
    endloop
  endfacet
  facet normal 0 0 1
    outer loop
      vertex -25.6085 -16.6034 2
      vertex -20.3997 -13.8297 2
      vertex -20.4976 -13.7643 2
    endloop
  endfacet
  facet normal 0 0 1
    outer loop
      vertex -18.25 -18 2
      vertex -25.6085 -19.3966 2
      vertex -20.2942 -22.1183 2
    endloop
  endfacet
  facet normal 0 0 1
    outer loop
      vertex -25.3354 -15.2306 2
      vertex -20.4976 -13.7643 2
      vertex -20.5861 -13.6866 2
    endloop
  endfacet
  facet normal 0 0 1
    outer loop
      vertex -20.2942 -22.1183 2
      vertex -25.6085 -19.3966 2
      vertex -20.3997 -22.1703 2
    endloop
  endfacet
  facet normal 0 0 1
    outer loop
      vertex -25.3354 -15.2306 2
      vertex -20.5861 -13.6866 2
      vertex -20.6638 -13.5981 2
    endloop
  endfacet
  facet normal 0 0 1
    outer loop
      vertex -20.3997 -22.1703 2
      vertex -25.6085 -19.3966 2
      vertex -20.4976 -22.2357 2
    endloop
  endfacet
  facet normal 0 0 1
    outer loop
      vertex -24.8855 -13.9053 2
      vertex -20.6638 -13.5981 2
      vertex -20.7292 -13.5003 2
    endloop
  endfacet
  facet normal -0 -0 1
    outer loop
      vertex -25.3354 -20.7694 2
      vertex -20.4976 -22.2357 2
      vertex -25.6085 -19.3966 2
    endloop
  endfacet
  facet normal 0 0 1
    outer loop
      vertex -24.8855 -13.9053 2
      vertex -20.7292 -13.5003 2
      vertex -20.7812 -13.3947 2
    endloop
  endfacet
  facet normal 0 0 1
    outer loop
      vertex -20.4976 -22.2357 2
      vertex -25.3354 -20.7694 2
      vertex -20.5861 -22.3134 2
    endloop
  endfacet
  facet normal 0 0 1
    outer loop
      vertex -24.2665 -12.65 2
      vertex -20.7812 -13.3947 2
      vertex -20.8191 -13.2832 2
    endloop
  endfacet
  facet normal 0 0 1
    outer loop
      vertex -20.5861 -22.3134 2
      vertex -25.3354 -20.7694 2
      vertex -20.6638 -22.4019 2
    endloop
  endfacet
  facet normal 0 0 1
    outer loop
      vertex -24.2665 -12.65 2
      vertex -20.8191 -13.2832 2
      vertex -20.842 -13.1677 2
    endloop
  endfacet
  facet normal -0 -0 1
    outer loop
      vertex -24.8855 -22.0947 2
      vertex -20.6638 -22.4019 2
      vertex -25.3354 -20.7694 2
    endloop
  endfacet
  facet normal 0 0 1
    outer loop
      vertex -24.2665 -12.65 2
      vertex -20.842 -13.1677 2
      vertex -20.8497 -13.0503 2
    endloop
  endfacet
  facet normal 0 0 1
    outer loop
      vertex -20.6638 -22.4019 2
      vertex -24.8855 -22.0947 2
      vertex -20.7292 -22.4997 2
    endloop
  endfacet
  facet normal -0 0 1
    outer loop
      vertex -9.33623 -13.5981 2
      vertex -5.11449 -13.9053 2
      vertex -9.27083 -13.5003 2
    endloop
  endfacet
  facet normal 0 0 1
    outer loop
      vertex -4.3 -18 2
      vertex -9.15795 -22.8323 2
      vertex -9.15025 -22.9497 2
    endloop
  endfacet
  facet normal 0 0 1
    outer loop
      vertex -5.11449 -13.9053 2
      vertex -9.33623 -13.5981 2
      vertex -4.66459 -15.2306 2
    endloop
  endfacet
  facet normal 0 0 1
    outer loop
      vertex -4.3 -18 2
      vertex -9.18092 -22.7168 2
      vertex -9.15795 -22.8323 2
    endloop
  endfacet
  facet normal -0 0 1
    outer loop
      vertex -9.41386 -13.6866 2
      vertex -4.66459 -15.2306 2
      vertex -9.33623 -13.5981 2
    endloop
  endfacet
  facet normal 0 0 1
    outer loop
      vertex -4.3 -18 2
      vertex -9.21876 -22.6053 2
      vertex -9.18092 -22.7168 2
    endloop
  endfacet
  facet normal -0 0 1
    outer loop
      vertex -9.50237 -13.7643 2
      vertex -4.66459 -15.2306 2
      vertex -9.41386 -13.6866 2
    endloop
  endfacet
  facet normal 0 0 1
    outer loop
      vertex -4.3 -18 2
      vertex -9.27083 -22.4997 2
      vertex -9.21876 -22.6053 2
    endloop
  endfacet
  facet normal 0 0 1
    outer loop
      vertex -4.66459 -15.2306 2
      vertex -9.50237 -13.7643 2
      vertex -4.39154 -16.6034 2
    endloop
  endfacet
  facet normal 0 0 1
    outer loop
      vertex -4.3 -18 2
      vertex -9.33623 -22.4019 2
      vertex -9.27083 -22.4997 2
    endloop
  endfacet
  facet normal -0 0 1
    outer loop
      vertex -9.60025 -13.8297 2
      vertex -4.39154 -16.6034 2
      vertex -9.50237 -13.7643 2
    endloop
  endfacet
  facet normal 0 0 1
    outer loop
      vertex -4.3 -18 2
      vertex -9.41386 -22.3134 2
      vertex -9.33623 -22.4019 2
    endloop
  endfacet
  facet normal -0 0 1
    outer loop
      vertex -9.70584 -13.8817 2
      vertex -4.39154 -16.6034 2
      vertex -9.60025 -13.8297 2
    endloop
  endfacet
  facet normal 0 0 1
    outer loop
      vertex -4.3 -18 2
      vertex -9.50237 -22.2357 2
      vertex -9.41386 -22.3134 2
    endloop
  endfacet
  facet normal 0 0 1
    outer loop
      vertex -4.39154 -16.6034 2
      vertex -11.7778 -17.5758 2
      vertex -4.3 -18 2
    endloop
  endfacet
  facet normal 0 0 1
    outer loop
      vertex -11.7778 -18.4242 2
      vertex -4.3 -18 2
      vertex -11.75 -18 2
    endloop
  endfacet
  facet normal 0 0 1
    outer loop
      vertex -4.39154 -16.6034 2
      vertex -9.70584 -13.8817 2
      vertex -11.7778 -17.5758 2
    endloop
  endfacet
  facet normal 0 0 1
    outer loop
      vertex -4.3 -18 2
      vertex -9.60025 -22.1703 2
      vertex -9.50237 -22.2357 2
    endloop
  endfacet
  facet normal 0 0 1
    outer loop
      vertex -11.7778 -17.5758 2
      vertex -9.70584 -13.8817 2
      vertex -9.81732 -13.9196 2
    endloop
  endfacet
  facet normal 0 0 1
    outer loop
      vertex -4.3 -18 2
      vertex -11.7778 -18.4242 2
      vertex -9.60025 -22.1703 2
    endloop
  endfacet
  facet normal 0 0 1
    outer loop
      vertex -11.8607 -17.1588 2
      vertex -9.81732 -13.9196 2
      vertex -9.93278 -13.9426 2
    endloop
  endfacet
  facet normal 0 0 1
    outer loop
      vertex -9.60025 -22.1703 2
      vertex -11.7778 -18.4242 2
      vertex -9.70584 -22.1183 2
    endloop
  endfacet
  facet normal 0 0 1
    outer loop
      vertex -11.9974 -16.7563 2
      vertex -9.93278 -13.9426 2
      vertex -10.0503 -13.9503 2
    endloop
  endfacet
  facet normal 0 0 1
    outer loop
      vertex -9.70584 -22.1183 2
      vertex -11.7778 -18.4242 2
      vertex -9.81732 -22.0804 2
    endloop
  endfacet
  facet normal 0 0 1
    outer loop
      vertex -11.9974 -16.7563 2
      vertex -10.0503 -13.9503 2
      vertex -10.1677 -13.9426 2
    endloop
  endfacet
  facet normal -0 0 1
    outer loop
      vertex -11.8607 -18.8412 2
      vertex -9.81732 -22.0804 2
      vertex -11.7778 -18.4242 2
    endloop
  endfacet
  facet normal 0 0 1
    outer loop
      vertex -12.1854 -16.375 2
      vertex -10.1677 -13.9426 2
      vertex -10.2832 -13.9196 2
    endloop
  endfacet
  facet normal 0 0 1
    outer loop
      vertex -9.81732 -22.0804 2
      vertex -11.8607 -18.8412 2
      vertex -9.93278 -22.0574 2
    endloop
  endfacet
  facet normal 0 0 1
    outer loop
      vertex -12.1854 -16.375 2
      vertex -10.2832 -13.9196 2
      vertex -10.3947 -13.8817 2
    endloop
  endfacet
  facet normal -0 0 1
    outer loop
      vertex -11.9974 -19.2437 2
      vertex -9.93278 -22.0574 2
      vertex -11.8607 -18.8412 2
    endloop
  endfacet
  facet normal 0 0 1
    outer loop
      vertex -12.4216 -16.0215 2
      vertex -10.3947 -13.8817 2
      vertex -10.5003 -13.8297 2
    endloop
  endfacet
  facet normal 0 0 1
    outer loop
      vertex -9.93278 -22.0574 2
      vertex -11.9974 -19.2437 2
      vertex -10.0503 -22.0497 2
    endloop
  endfacet
  facet normal 0 0 1
    outer loop
      vertex -12.4216 -16.0215 2
      vertex -10.5003 -13.8297 2
      vertex -10.5981 -13.7643 2
    endloop
  endfacet
  facet normal 0 0 1
    outer loop
      vertex -10.0503 -22.0497 2
      vertex -11.9974 -19.2437 2
      vertex -10.1677 -22.0574 2
    endloop
  endfacet
  facet normal 0 0 1
    outer loop
      vertex -12.7019 -15.7019 2
      vertex -10.5981 -13.7643 2
      vertex -10.6866 -13.6866 2
    endloop
  endfacet
  facet normal -0 0 1
    outer loop
      vertex -12.1854 -19.625 2
      vertex -10.1677 -22.0574 2
      vertex -11.9974 -19.2437 2
    endloop
  endfacet
  facet normal 0 0 1
    outer loop
      vertex -12.7019 -15.7019 2
      vertex -10.6866 -13.6866 2
      vertex -10.7643 -13.5981 2
    endloop
  endfacet
  facet normal 0 0 1
    outer loop
      vertex -10.1677 -22.0574 2
      vertex -12.1854 -19.625 2
      vertex -10.2832 -22.0804 2
    endloop
  endfacet
  facet normal 0 0 1
    outer loop
      vertex -13.0215 -15.4216 2
      vertex -10.7643 -13.5981 2
      vertex -10.8297 -13.5003 2
    endloop
  endfacet
  facet normal 0 0 1
    outer loop
      vertex -10.2832 -22.0804 2
      vertex -12.1854 -19.625 2
      vertex -10.3947 -22.1183 2
    endloop
  endfacet
  facet normal 0 0 1
    outer loop
      vertex -13.0215 -15.4216 2
      vertex -10.8297 -13.5003 2
      vertex -10.8817 -13.3947 2
    endloop
  endfacet
  facet normal -0 0 1
    outer loop
      vertex -12.4216 -19.9785 2
      vertex -10.3947 -22.1183 2
      vertex -12.1854 -19.625 2
    endloop
  endfacet
  facet normal 0 0 1
    outer loop
      vertex -13.375 -15.1854 2
      vertex -10.8817 -13.3947 2
      vertex -10.9196 -13.2832 2
    endloop
  endfacet
  facet normal 0 0 1
    outer loop
      vertex -10.3947 -22.1183 2
      vertex -12.4216 -19.9785 2
      vertex -10.5003 -22.1703 2
    endloop
  endfacet
  facet normal 0 0 1
    outer loop
      vertex -13.375 -15.1854 2
      vertex -10.9196 -13.2832 2
      vertex -10.9426 -13.1677 2
    endloop
  endfacet
  facet normal 0 0 1
    outer loop
      vertex -10.5003 -22.1703 2
      vertex -12.4216 -19.9785 2
      vertex -10.5981 -22.2357 2
    endloop
  endfacet
  facet normal 0 0 1
    outer loop
      vertex -13.7563 -14.9974 2
      vertex -10.9426 -13.1677 2
      vertex -10.9503 -13.0503 2
    endloop
  endfacet
  facet normal -0 0 1
    outer loop
      vertex -12.7019 -20.2981 2
      vertex -10.5981 -22.2357 2
      vertex -12.4216 -19.9785 2
    endloop
  endfacet
  facet normal 0 0 1
    outer loop
      vertex -5.73353 -12.65 2
      vertex -9.21876 -13.3947 2
      vertex -5.11449 -13.9053 2
    endloop
  endfacet
  facet normal 0 0 1
    outer loop
      vertex -9.21876 -13.3947 2
      vertex -5.73353 -12.65 2
      vertex -9.18092 -13.2832 2
    endloop
  endfacet
  facet normal -0 0 1
    outer loop
      vertex -9.27083 -13.5003 2
      vertex -5.11449 -13.9053 2
      vertex -9.21876 -13.3947 2
    endloop
  endfacet
  facet normal 0 0 1
    outer loop
      vertex -9.18092 -13.2832 2
      vertex -5.73353 -12.65 2
      vertex -9.15795 -13.1677 2
    endloop
  endfacet
  facet normal 0 0 1
    outer loop
      vertex -4.3 -18 2
      vertex -9.15025 -22.9497 2
      vertex -4.39154 -19.3966 2
    endloop
  endfacet
  facet normal 0 0 1
    outer loop
      vertex -9.15795 -13.1677 2
      vertex -5.73353 -12.65 2
      vertex -9.15025 -13.0503 2
    endloop
  endfacet
  facet normal 0 0 1
    outer loop
      vertex -4.39154 -19.3966 2
      vertex -9.15025 -22.9497 2
      vertex -4.66459 -20.7694 2
    endloop
  endfacet
  facet normal 0 0 1
    outer loop
      vertex -9.15025 -13.0503 2
      vertex -5.73353 -12.65 2
      vertex -6.51112 -11.4863 2
    endloop
  endfacet
  facet normal 0 0 1
    outer loop
      vertex -4.66459 -20.7694 2
      vertex -9.15025 -22.9497 2
      vertex -5.11449 -22.0947 2
    endloop
  endfacet
  facet normal 0 0 1
    outer loop
      vertex -9.27083 -12.6003 2
      vertex -6.51112 -11.4863 2
      vertex -7.43396 -10.434 2
    endloop
  endfacet
  facet normal 0 0 1
    outer loop
      vertex -5.11449 -22.0947 2
      vertex -9.15025 -22.9497 2
      vertex -5.73353 -23.35 2
    endloop
  endfacet
  facet normal 0 0 1
    outer loop
      vertex -9.60025 -12.2708 2
      vertex -7.43396 -10.434 2
      vertex -8.48625 -9.51112 2
    endloop
  endfacet
  facet normal 0 0 1
    outer loop
      vertex -5.73353 -23.35 2
      vertex -9.15025 -22.9497 2
      vertex -6.51112 -24.5137 2
    endloop
  endfacet
  facet normal -0 0 1
    outer loop
      vertex -9.15795 -23.0672 2
      vertex -6.51112 -24.5137 2
      vertex -9.15025 -22.9497 2
    endloop
  endfacet
  facet normal 0 0 1
    outer loop
      vertex -6.51112 -11.4863 2
      vertex -9.15795 -12.9328 2
      vertex -9.15025 -13.0503 2
    endloop
  endfacet
  facet normal 0 0 1
    outer loop
      vertex -6.51112 -11.4863 2
      vertex -9.18092 -12.8173 2
      vertex -9.15795 -12.9328 2
    endloop
  endfacet
  facet normal 0 0 1
    outer loop
      vertex -6.51112 -11.4863 2
      vertex -9.21876 -12.7058 2
      vertex -9.18092 -12.8173 2
    endloop
  endfacet
  facet normal 0 0 1
    outer loop
      vertex -6.51112 -11.4863 2
      vertex -9.27083 -12.6003 2
      vertex -9.21876 -12.7058 2
    endloop
  endfacet
  facet normal 0 0 1
    outer loop
      vertex -7.43396 -10.434 2
      vertex -9.33623 -12.5024 2
      vertex -9.27083 -12.6003 2
    endloop
  endfacet
  facet normal 0 0 1
    outer loop
      vertex -7.43396 -10.434 2
      vertex -9.41386 -12.4139 2
      vertex -9.33623 -12.5024 2
    endloop
  endfacet
  facet normal 0 0 1
    outer loop
      vertex -7.43396 -10.434 2
      vertex -9.50237 -12.3362 2
      vertex -9.41386 -12.4139 2
    endloop
  endfacet
  facet normal 0 0 1
    outer loop
      vertex -7.43396 -10.434 2
      vertex -9.60025 -12.2708 2
      vertex -9.50237 -12.3362 2
    endloop
  endfacet
  facet normal 0 0 1
    outer loop
      vertex -10.0503 -12.1503 2
      vertex -8.48625 -9.51112 2
      vertex -9.65 -8.73353 2
    endloop
  endfacet
  facet normal 0 0 1
    outer loop
      vertex -8.48625 -9.51112 2
      vertex -9.70584 -12.2188 2
      vertex -9.60025 -12.2708 2
    endloop
  endfacet
  facet normal 0 0 1
    outer loop
      vertex -8.48625 -9.51112 2
      vertex -9.81732 -12.1809 2
      vertex -9.70584 -12.2188 2
    endloop
  endfacet
  facet normal 0 0 1
    outer loop
      vertex -8.48625 -9.51112 2
      vertex -9.93278 -12.158 2
      vertex -9.81732 -12.1809 2
    endloop
  endfacet
  facet normal 0 0 1
    outer loop
      vertex -8.48625 -9.51112 2
      vertex -10.0503 -12.1503 2
      vertex -9.93278 -12.158 2
    endloop
  endfacet
  facet normal 0 0 1
    outer loop
      vertex -9.65 -8.73353 2
      vertex -10.1677 -12.158 2
      vertex -10.0503 -12.1503 2
    endloop
  endfacet
  facet normal 0 0 1
    outer loop
      vertex -9.65 -8.73353 2
      vertex -10.2832 -12.1809 2
      vertex -10.1677 -12.158 2
    endloop
  endfacet
  facet normal 0 0 1
    outer loop
      vertex -9.65 -8.73353 2
      vertex -10.3947 -12.2188 2
      vertex -10.2832 -12.1809 2
    endloop
  endfacet
  facet normal 0 0 1
    outer loop
      vertex -10.9053 -8.11449 2
      vertex -10.3947 -12.2188 2
      vertex -9.65 -8.73353 2
    endloop
  endfacet
  facet normal 0 0 1
    outer loop
      vertex -10.3947 -12.2188 2
      vertex -10.9053 -8.11449 2
      vertex -10.5003 -12.2708 2
    endloop
  endfacet
  facet normal 0 0 1
    outer loop
      vertex -10.5003 -12.2708 2
      vertex -10.9053 -8.11449 2
      vertex -10.5981 -12.3362 2
    endloop
  endfacet
  facet normal 0 0 1
    outer loop
      vertex -10.5981 -12.3362 2
      vertex -10.9053 -8.11449 2
      vertex -10.6866 -12.4139 2
    endloop
  endfacet
  facet normal 0 0 1
    outer loop
      vertex -12.2306 -7.66459 2
      vertex -10.6866 -12.4139 2
      vertex -10.9053 -8.11449 2
    endloop
  endfacet
  facet normal 0 0 1
    outer loop
      vertex -10.6866 -12.4139 2
      vertex -12.2306 -7.66459 2
      vertex -10.7643 -12.5024 2
    endloop
  endfacet
  facet normal 0 0 1
    outer loop
      vertex -10.7643 -12.5024 2
      vertex -12.2306 -7.66459 2
      vertex -10.8297 -12.6003 2
    endloop
  endfacet
  facet normal 0 0 1
    outer loop
      vertex -13.6034 -7.39154 2
      vertex -10.8297 -12.6003 2
      vertex -12.2306 -7.66459 2
    endloop
  endfacet
  facet normal 0 0 1
    outer loop
      vertex -10.8297 -12.6003 2
      vertex -13.6034 -7.39154 2
      vertex -10.8817 -12.7058 2
    endloop
  endfacet
  facet normal 0 0 1
    outer loop
      vertex -14.5758 -14.7778 2
      vertex -10.8817 -12.7058 2
      vertex -13.6034 -7.39154 2
    endloop
  endfacet
  facet normal 0 0 1
    outer loop
      vertex -10.5981 -22.2357 2
      vertex -12.7019 -20.2981 2
      vertex -10.6866 -22.3134 2
    endloop
  endfacet
  facet normal 0 0 1
    outer loop
      vertex -10.8817 -12.7058 2
      vertex -14.5758 -14.7778 2
      vertex -10.9196 -12.8173 2
    endloop
  endfacet
  facet normal 0 0 1
    outer loop
      vertex -4.3 -18 2
      vertex -11.7778 -17.5758 2
      vertex -11.75 -18 2
    endloop
  endfacet
  facet normal 0 0 1
    outer loop
      vertex -9.81732 -13.9196 2
      vertex -11.8607 -17.1588 2
      vertex -11.7778 -17.5758 2
    endloop
  endfacet
  facet normal 0 0 1
    outer loop
      vertex -9.93278 -13.9426 2
      vertex -11.9974 -16.7563 2
      vertex -11.8607 -17.1588 2
    endloop
  endfacet
  facet normal 0 0 1
    outer loop
      vertex -10.1677 -13.9426 2
      vertex -12.1854 -16.375 2
      vertex -11.9974 -16.7563 2
    endloop
  endfacet
  facet normal 0 -0 1
    outer loop
      vertex -14.1588 -14.8607 2
      vertex -10.9196 -12.8173 2
      vertex -14.5758 -14.7778 2
    endloop
  endfacet
  facet normal 0 0 1
    outer loop
      vertex -10.3947 -13.8817 2
      vertex -12.4216 -16.0215 2
      vertex -12.1854 -16.375 2
    endloop
  endfacet
  facet normal 0 0 1
    outer loop
      vertex -10.5981 -13.7643 2
      vertex -12.7019 -15.7019 2
      vertex -12.4216 -16.0215 2
    endloop
  endfacet
  facet normal 0 0 1
    outer loop
      vertex -10.7643 -13.5981 2
      vertex -13.0215 -15.4216 2
      vertex -12.7019 -15.7019 2
    endloop
  endfacet
  facet normal 0 0 1
    outer loop
      vertex -10.8817 -13.3947 2
      vertex -13.375 -15.1854 2
      vertex -13.0215 -15.4216 2
    endloop
  endfacet
  facet normal 0 0 1
    outer loop
      vertex -10.9196 -12.8173 2
      vertex -14.1588 -14.8607 2
      vertex -10.9426 -12.9328 2
    endloop
  endfacet
  facet normal 0 0 1
    outer loop
      vertex -10.9426 -13.1677 2
      vertex -13.7563 -14.9974 2
      vertex -13.375 -15.1854 2
    endloop
  endfacet
  facet normal 0 0 1
    outer loop
      vertex -10.9426 -12.9328 2
      vertex -13.7563 -14.9974 2
      vertex -10.9503 -13.0503 2
    endloop
  endfacet
  facet normal 0 -0 1
    outer loop
      vertex -13.7563 -14.9974 2
      vertex -10.9426 -12.9328 2
      vertex -14.1588 -14.8607 2
    endloop
  endfacet
  facet normal 0 0 1
    outer loop
      vertex -15 -7.3 2
      vertex -14.5758 -14.7778 2
      vertex -13.6034 -7.39154 2
    endloop
  endfacet
  facet normal 0 0 1
    outer loop
      vertex -15 -7.3 2
      vertex -15 -14.75 2
      vertex -14.5758 -14.7778 2
    endloop
  endfacet
  facet normal 0 0 1
    outer loop
      vertex -15 -7.3 2
      vertex -15.4242 -14.7778 2
      vertex -15 -14.75 2
    endloop
  endfacet
  facet normal -0 0 1
    outer loop
      vertex -16.3966 -7.39154 2
      vertex -15.4242 -14.7778 2
      vertex -15 -7.3 2
    endloop
  endfacet
  facet normal -0 0 1
    outer loop
      vertex -19.1183 -12.7058 2
      vertex -15.4242 -14.7778 2
      vertex -16.3966 -7.39154 2
    endloop
  endfacet
  facet normal -0 -0 1
    outer loop
      vertex -19.0804 -12.8173 2
      vertex -15.4242 -14.7778 2
      vertex -19.1183 -12.7058 2
    endloop
  endfacet
  facet normal 0 0 1
    outer loop
      vertex -15.4242 -14.7778 2
      vertex -19.0804 -12.8173 2
      vertex -15.8412 -14.8607 2
    endloop
  endfacet
  facet normal -0 -0 1
    outer loop
      vertex -19.0574 -12.9328 2
      vertex -15.8412 -14.8607 2
      vertex -19.0804 -12.8173 2
    endloop
  endfacet
  facet normal -0 -0 1
    outer loop
      vertex -19.0497 -13.0503 2
      vertex -16.2437 -14.9974 2
      vertex -19.0574 -12.9328 2
    endloop
  endfacet
  facet normal -0 0 1
    outer loop
      vertex -19.0574 -13.1677 2
      vertex -16.2437 -14.9974 2
      vertex -19.0497 -13.0503 2
    endloop
  endfacet
  facet normal 0 0 1
    outer loop
      vertex -19.1703 -12.6003 2
      vertex -16.3966 -7.39154 2
      vertex -17.7694 -7.66459 2
    endloop
  endfacet
  facet normal -0 0 1
    outer loop
      vertex -19.0804 -13.2832 2
      vertex -16.625 -15.1854 2
      vertex -19.0574 -13.1677 2
    endloop
  endfacet
  facet normal -0 0 1
    outer loop
      vertex -19.1183 -13.3947 2
      vertex -16.625 -15.1854 2
      vertex -19.0804 -13.2832 2
    endloop
  endfacet
  facet normal -0 0 1
    outer loop
      vertex -19.1703 -13.5003 2
      vertex -16.9785 -15.4216 2
      vertex -19.1183 -13.3947 2
    endloop
  endfacet
  facet normal -0 0 1
    outer loop
      vertex -19.2357 -13.5981 2
      vertex -16.9785 -15.4216 2
      vertex -19.1703 -13.5003 2
    endloop
  endfacet
  facet normal 0 0 1
    outer loop
      vertex -16.9785 -15.4216 2
      vertex -19.2357 -13.5981 2
      vertex -17.2981 -15.7019 2
    endloop
  endfacet
  facet normal -0 0 1
    outer loop
      vertex -19.3134 -13.6866 2
      vertex -17.2981 -15.7019 2
      vertex -19.2357 -13.5981 2
    endloop
  endfacet
  facet normal 0 0 1
    outer loop
      vertex -16.625 -15.1854 2
      vertex -19.1183 -13.3947 2
      vertex -16.9785 -15.4216 2
    endloop
  endfacet
  facet normal 0 0 1
    outer loop
      vertex -16.2437 -14.9974 2
      vertex -19.0574 -13.1677 2
      vertex -16.625 -15.1854 2
    endloop
  endfacet
  facet normal 0 0 1
    outer loop
      vertex -19.3134 -12.4139 2
      vertex -17.7694 -7.66459 2
      vertex -19.0947 -8.11449 2
    endloop
  endfacet
  facet normal 0 0 1
    outer loop
      vertex -15.8412 -14.8607 2
      vertex -19.0574 -12.9328 2
      vertex -16.2437 -14.9974 2
    endloop
  endfacet
  facet normal 0 0 1
    outer loop
      vertex -16.3966 -7.39154 2
      vertex -19.1703 -12.6003 2
      vertex -19.1183 -12.7058 2
    endloop
  endfacet
  facet normal 0 0 1
    outer loop
      vertex -17.7694 -7.66459 2
      vertex -19.2357 -12.5024 2
      vertex -19.1703 -12.6003 2
    endloop
  endfacet
  facet normal 0 0 1
    outer loop
      vertex -17.7694 -7.66459 2
      vertex -19.3134 -12.4139 2
      vertex -19.2357 -12.5024 2
    endloop
  endfacet
  facet normal 0 0 1
    outer loop
      vertex -19.0947 -8.11449 2
      vertex -19.4019 -12.3362 2
      vertex -19.3134 -12.4139 2
    endloop
  endfacet
  facet normal 0 0 1
    outer loop
      vertex -19.0947 -8.11449 2
      vertex -19.4997 -12.2708 2
      vertex -19.4019 -12.3362 2
    endloop
  endfacet
  facet normal 0 0 1
    outer loop
      vertex -19.0947 -8.11449 2
      vertex -19.6053 -12.2188 2
      vertex -19.4997 -12.2708 2
    endloop
  endfacet
  facet normal -0 0 1
    outer loop
      vertex -20.35 -8.73353 2
      vertex -19.6053 -12.2188 2
      vertex -19.0947 -8.11449 2
    endloop
  endfacet
  facet normal 0 0 1
    outer loop
      vertex -19.6053 -12.2188 2
      vertex -20.35 -8.73353 2
      vertex -19.7168 -12.1809 2
    endloop
  endfacet
  facet normal 0 0 1
    outer loop
      vertex -19.7168 -12.1809 2
      vertex -20.35 -8.73353 2
      vertex -19.8323 -12.158 2
    endloop
  endfacet
  facet normal 0 0 1
    outer loop
      vertex -19.8323 -12.158 2
      vertex -20.35 -8.73353 2
      vertex -19.9497 -12.1503 2
    endloop
  endfacet
  facet normal -0 0 1
    outer loop
      vertex -21.5137 -9.51112 2
      vertex -19.9497 -12.1503 2
      vertex -20.35 -8.73353 2
    endloop
  endfacet
  facet normal 0 0 1
    outer loop
      vertex -19.9497 -12.1503 2
      vertex -21.5137 -9.51112 2
      vertex -20.0672 -12.158 2
    endloop
  endfacet
  facet normal 0 0 1
    outer loop
      vertex -20.0672 -12.158 2
      vertex -21.5137 -9.51112 2
      vertex -20.1827 -12.1809 2
    endloop
  endfacet
  facet normal 0 0 1
    outer loop
      vertex -20.1827 -12.1809 2
      vertex -21.5137 -9.51112 2
      vertex -20.2942 -12.2188 2
    endloop
  endfacet
  facet normal 0 0 1
    outer loop
      vertex -20.2942 -12.2188 2
      vertex -21.5137 -9.51112 2
      vertex -20.3997 -12.2708 2
    endloop
  endfacet
  facet normal -0 0 1
    outer loop
      vertex -22.566 -10.434 2
      vertex -20.3997 -12.2708 2
      vertex -21.5137 -9.51112 2
    endloop
  endfacet
  facet normal 0 0 1
    outer loop
      vertex -20.3997 -12.2708 2
      vertex -22.566 -10.434 2
      vertex -20.4976 -12.3362 2
    endloop
  endfacet
  facet normal 0 0 1
    outer loop
      vertex -20.4976 -12.3362 2
      vertex -22.566 -10.434 2
      vertex -20.5861 -12.4139 2
    endloop
  endfacet
  facet normal 0 0 1
    outer loop
      vertex -20.5861 -12.4139 2
      vertex -22.566 -10.434 2
      vertex -20.6638 -12.5024 2
    endloop
  endfacet
  facet normal 0 0 1
    outer loop
      vertex -20.6638 -12.5024 2
      vertex -22.566 -10.434 2
      vertex -20.7292 -12.6003 2
    endloop
  endfacet
  facet normal -0 0 1
    outer loop
      vertex -23.4889 -11.4863 2
      vertex -20.7292 -12.6003 2
      vertex -22.566 -10.434 2
    endloop
  endfacet
  facet normal 0 0 1
    outer loop
      vertex -20.8191 -12.8173 2
      vertex -23.4889 -11.4863 2
      vertex -20.842 -12.9328 2
    endloop
  endfacet
  facet normal 0 0 1
    outer loop
      vertex -20.7812 -12.7058 2
      vertex -23.4889 -11.4863 2
      vertex -20.8191 -12.8173 2
    endloop
  endfacet
  facet normal 0 0 1
    outer loop
      vertex -20.7292 -12.6003 2
      vertex -23.4889 -11.4863 2
      vertex -20.7812 -12.7058 2
    endloop
  endfacet
  facet normal -0 0 1
    outer loop
      vertex -9.18092 -23.1827 2
      vertex -6.51112 -24.5137 2
      vertex -9.15795 -23.0672 2
    endloop
  endfacet
  facet normal -0 0 1
    outer loop
      vertex -9.21876 -23.2942 2
      vertex -6.51112 -24.5137 2
      vertex -9.18092 -23.1827 2
    endloop
  endfacet
  facet normal -0 0 1
    outer loop
      vertex -9.27083 -23.3997 2
      vertex -6.51112 -24.5137 2
      vertex -9.21876 -23.2942 2
    endloop
  endfacet
  facet normal 0 0 1
    outer loop
      vertex -6.51112 -24.5137 2
      vertex -9.27083 -23.3997 2
      vertex -7.43396 -25.566 2
    endloop
  endfacet
  facet normal -0 0 1
    outer loop
      vertex -9.33623 -23.4976 2
      vertex -7.43396 -25.566 2
      vertex -9.27083 -23.3997 2
    endloop
  endfacet
  facet normal -0 0 1
    outer loop
      vertex -9.41386 -23.5861 2
      vertex -7.43396 -25.566 2
      vertex -9.33623 -23.4976 2
    endloop
  endfacet
  facet normal -0 0 1
    outer loop
      vertex -9.50237 -23.6638 2
      vertex -7.43396 -25.566 2
      vertex -9.41386 -23.5861 2
    endloop
  endfacet
  facet normal -0 0 1
    outer loop
      vertex -9.60025 -23.7292 2
      vertex -7.43396 -25.566 2
      vertex -9.50237 -23.6638 2
    endloop
  endfacet
  facet normal 0 0 1
    outer loop
      vertex -7.43396 -25.566 2
      vertex -9.60025 -23.7292 2
      vertex -8.48625 -26.4889 2
    endloop
  endfacet
  facet normal -0 0 1
    outer loop
      vertex -9.70584 -23.7812 2
      vertex -8.48625 -26.4889 2
      vertex -9.60025 -23.7292 2
    endloop
  endfacet
  facet normal -0 0 1
    outer loop
      vertex -9.81732 -23.8191 2
      vertex -8.48625 -26.4889 2
      vertex -9.70584 -23.7812 2
    endloop
  endfacet
  facet normal -0 0 1
    outer loop
      vertex -9.93278 -23.842 2
      vertex -8.48625 -26.4889 2
      vertex -9.81732 -23.8191 2
    endloop
  endfacet
  facet normal -0 0 1
    outer loop
      vertex -10.0503 -23.8497 2
      vertex -8.48625 -26.4889 2
      vertex -9.93278 -23.842 2
    endloop
  endfacet
  facet normal 0 0 1
    outer loop
      vertex -8.48625 -26.4889 2
      vertex -10.0503 -23.8497 2
      vertex -9.65 -27.2665 2
    endloop
  endfacet
  facet normal 0 0 1
    outer loop
      vertex -10.1677 -23.842 2
      vertex -9.65 -27.2665 2
      vertex -10.0503 -23.8497 2
    endloop
  endfacet
  facet normal 0 0 1
    outer loop
      vertex -10.2832 -23.8191 2
      vertex -9.65 -27.2665 2
      vertex -10.1677 -23.842 2
    endloop
  endfacet
  facet normal 0 0 1
    outer loop
      vertex -10.3947 -23.7812 2
      vertex -9.65 -27.2665 2
      vertex -10.2832 -23.8191 2
    endloop
  endfacet
  facet normal 0 0 1
    outer loop
      vertex -10.9053 -27.8855 2
      vertex -10.3947 -23.7812 2
      vertex -10.5003 -23.7292 2
    endloop
  endfacet
  facet normal 0 0 1
    outer loop
      vertex -10.9053 -27.8855 2
      vertex -10.5003 -23.7292 2
      vertex -10.5981 -23.6638 2
    endloop
  endfacet
  facet normal 0 0 1
    outer loop
      vertex -10.9053 -27.8855 2
      vertex -10.5981 -23.6638 2
      vertex -10.6866 -23.5861 2
    endloop
  endfacet
  facet normal 0 0 1
    outer loop
      vertex -12.2306 -28.3354 2
      vertex -10.6866 -23.5861 2
      vertex -10.7643 -23.4976 2
    endloop
  endfacet
  facet normal 0 0 1
    outer loop
      vertex -12.2306 -28.3354 2
      vertex -10.7643 -23.4976 2
      vertex -10.8297 -23.3997 2
    endloop
  endfacet
  facet normal 0 0 1
    outer loop
      vertex -13.6034 -28.6085 2
      vertex -10.8297 -23.3997 2
      vertex -10.8817 -23.2942 2
    endloop
  endfacet
  facet normal 0 0 1
    outer loop
      vertex -10.3947 -23.7812 2
      vertex -10.9053 -27.8855 2
      vertex -9.65 -27.2665 2
    endloop
  endfacet
  facet normal 0 0 1
    outer loop
      vertex -14.5758 -21.2222 2
      vertex -10.8817 -23.2942 2
      vertex -10.9196 -23.1827 2
    endloop
  endfacet
  facet normal 0 0 1
    outer loop
      vertex -14.1588 -21.1393 2
      vertex -10.9196 -23.1827 2
      vertex -10.9426 -23.0672 2
    endloop
  endfacet
  facet normal 0 0 1
    outer loop
      vertex -13.7563 -21.0026 2
      vertex -10.9426 -23.0672 2
      vertex -10.9503 -22.9497 2
    endloop
  endfacet
  facet normal 0 0 1
    outer loop
      vertex -10.6866 -22.3134 2
      vertex -12.7019 -20.2981 2
      vertex -10.7643 -22.4019 2
    endloop
  endfacet
  facet normal -0 0 1
    outer loop
      vertex -13.0215 -20.5784 2
      vertex -10.7643 -22.4019 2
      vertex -12.7019 -20.2981 2
    endloop
  endfacet
  facet normal 0 0 1
    outer loop
      vertex -10.7643 -22.4019 2
      vertex -13.0215 -20.5784 2
      vertex -10.8297 -22.4997 2
    endloop
  endfacet
  facet normal 0 0 1
    outer loop
      vertex -10.8297 -22.4997 2
      vertex -13.0215 -20.5784 2
      vertex -10.8817 -22.6053 2
    endloop
  endfacet
  facet normal -0 0 1
    outer loop
      vertex -13.375 -20.8146 2
      vertex -10.8817 -22.6053 2
      vertex -13.0215 -20.5784 2
    endloop
  endfacet
  facet normal 0 0 1
    outer loop
      vertex -10.8817 -22.6053 2
      vertex -13.375 -20.8146 2
      vertex -10.9196 -22.7168 2
    endloop
  endfacet
  facet normal 0 0 1
    outer loop
      vertex -10.9196 -22.7168 2
      vertex -13.375 -20.8146 2
      vertex -10.9426 -22.8323 2
    endloop
  endfacet
  facet normal -0 0 1
    outer loop
      vertex -13.7563 -21.0026 2
      vertex -10.9426 -22.8323 2
      vertex -13.375 -20.8146 2
    endloop
  endfacet
  facet normal 0 0 1
    outer loop
      vertex -10.9426 -22.8323 2
      vertex -13.7563 -21.0026 2
      vertex -10.9503 -22.9497 2
    endloop
  endfacet
  facet normal 0 0 1
    outer loop
      vertex -10.9426 -23.0672 2
      vertex -13.7563 -21.0026 2
      vertex -14.1588 -21.1393 2
    endloop
  endfacet
  facet normal 0 0 1
    outer loop
      vertex -10.6866 -23.5861 2
      vertex -12.2306 -28.3354 2
      vertex -10.9053 -27.8855 2
    endloop
  endfacet
  facet normal 0 0 1
    outer loop
      vertex -10.9196 -23.1827 2
      vertex -14.1588 -21.1393 2
      vertex -14.5758 -21.2222 2
    endloop
  endfacet
  facet normal 0 0 1
    outer loop
      vertex -10.8297 -23.3997 2
      vertex -13.6034 -28.6085 2
      vertex -12.2306 -28.3354 2
    endloop
  endfacet
  facet normal 0 0 1
    outer loop
      vertex -10.8817 -23.2942 2
      vertex -14.5758 -21.2222 2
      vertex -13.6034 -28.6085 2
    endloop
  endfacet
  facet normal -0 0 1
    outer loop
      vertex -15 -21.25 2
      vertex -13.6034 -28.6085 2
      vertex -14.5758 -21.2222 2
    endloop
  endfacet
  facet normal 0 0 1
    outer loop
      vertex -15 -21.25 2
      vertex -15 -28.7 2
      vertex -13.6034 -28.6085 2
    endloop
  endfacet
  facet normal 0 0 1
    outer loop
      vertex -15.4242 -21.2222 2
      vertex -15 -28.7 2
      vertex -15 -21.25 2
    endloop
  endfacet
  facet normal 0 0 1
    outer loop
      vertex -19.0804 -23.1827 2
      vertex -15.4242 -21.2222 2
      vertex -15.8412 -21.1393 2
    endloop
  endfacet
  facet normal 0 0 1
    outer loop
      vertex -19.0574 -23.0672 2
      vertex -15.8412 -21.1393 2
      vertex -16.2437 -21.0026 2
    endloop
  endfacet
  facet normal 0 0 1
    outer loop
      vertex -15.4242 -21.2222 2
      vertex -16.3966 -28.6085 2
      vertex -15 -28.7 2
    endloop
  endfacet
  facet normal 0 0 1
    outer loop
      vertex -19.0497 -22.9497 2
      vertex -16.2437 -21.0026 2
      vertex -16.625 -20.8146 2
    endloop
  endfacet
  facet normal 0 0 1
    outer loop
      vertex -19.0497 -22.9497 2
      vertex -16.625 -20.8146 2
      vertex -16.9785 -20.5784 2
    endloop
  endfacet
  facet normal 0 0 1
    outer loop
      vertex -19.0497 -22.9497 2
      vertex -16.9785 -20.5784 2
      vertex -17.2981 -20.2981 2
    endloop
  endfacet
  facet normal 0 0 1
    outer loop
      vertex -19.0497 -22.9497 2
      vertex -17.2981 -20.2981 2
      vertex -17.5784 -19.9785 2
    endloop
  endfacet
  facet normal 0 0 1
    outer loop
      vertex -15.8412 -21.1393 2
      vertex -19.0574 -23.0672 2
      vertex -19.0804 -23.1827 2
    endloop
  endfacet
  facet normal 0 0 1
    outer loop
      vertex -19.0497 -22.9497 2
      vertex -17.5784 -19.9785 2
      vertex -17.8146 -19.625 2
    endloop
  endfacet
  facet normal 0 0 1
    outer loop
      vertex -19.0497 -22.9497 2
      vertex -17.8146 -19.625 2
      vertex -18.0026 -19.2437 2
    endloop
  endfacet
  facet normal 0 0 1
    outer loop
      vertex -19.0497 -22.9497 2
      vertex -18.0026 -19.2437 2
      vertex -18.1393 -18.8412 2
    endloop
  endfacet
  facet normal 0 0 1
    outer loop
      vertex -19.0497 -22.9497 2
      vertex -18.1393 -18.8412 2
      vertex -18.2222 -18.4242 2
    endloop
  endfacet
  facet normal 0 0 1
    outer loop
      vertex -19.0497 -22.9497 2
      vertex -18.2222 -18.4242 2
      vertex -18.25 -18 2
    endloop
  endfacet
  facet normal -0 0 1
    outer loop
      vertex -19.4019 -13.7643 2
      vertex -17.2981 -15.7019 2
      vertex -19.3134 -13.6866 2
    endloop
  endfacet
  facet normal 0 0 1
    outer loop
      vertex -16.2437 -21.0026 2
      vertex -19.0497 -22.9497 2
      vertex -19.0574 -23.0672 2
    endloop
  endfacet
  facet normal 0 0 1
    outer loop
      vertex -15.4242 -21.2222 2
      vertex -19.0804 -23.1827 2
      vertex -19.1183 -23.2942 2
    endloop
  endfacet
  facet normal 0 0 1
    outer loop
      vertex -15.4242 -21.2222 2
      vertex -19.1183 -23.2942 2
      vertex -16.3966 -28.6085 2
    endloop
  endfacet
  facet normal -0 0 1
    outer loop
      vertex -19.1703 -23.3997 2
      vertex -16.3966 -28.6085 2
      vertex -19.1183 -23.2942 2
    endloop
  endfacet
  facet normal 0 0 1
    outer loop
      vertex -16.3966 -28.6085 2
      vertex -19.1703 -23.3997 2
      vertex -17.7694 -28.3354 2
    endloop
  endfacet
  facet normal -0 0 1
    outer loop
      vertex -19.2357 -23.4976 2
      vertex -17.7694 -28.3354 2
      vertex -19.1703 -23.3997 2
    endloop
  endfacet
  facet normal -0 0 1
    outer loop
      vertex -19.3134 -23.5861 2
      vertex -17.7694 -28.3354 2
      vertex -19.2357 -23.4976 2
    endloop
  endfacet
  facet normal 0 0 1
    outer loop
      vertex -17.7694 -28.3354 2
      vertex -19.3134 -23.5861 2
      vertex -19.0947 -27.8855 2
    endloop
  endfacet
  facet normal -0 0 1
    outer loop
      vertex -19.4019 -23.6638 2
      vertex -19.0947 -27.8855 2
      vertex -19.3134 -23.5861 2
    endloop
  endfacet
  facet normal -0 0 1
    outer loop
      vertex -19.4997 -23.7292 2
      vertex -19.0947 -27.8855 2
      vertex -19.4019 -23.6638 2
    endloop
  endfacet
  facet normal -0 0 1
    outer loop
      vertex -19.6053 -23.7812 2
      vertex -19.0947 -27.8855 2
      vertex -19.4997 -23.7292 2
    endloop
  endfacet
  facet normal 0 0 1
    outer loop
      vertex -20.35 -27.2665 2
      vertex -19.6053 -23.7812 2
      vertex -19.7168 -23.8191 2
    endloop
  endfacet
  facet normal 0 0 1
    outer loop
      vertex -20.35 -27.2665 2
      vertex -19.7168 -23.8191 2
      vertex -19.8323 -23.842 2
    endloop
  endfacet
  facet normal 0 0 1
    outer loop
      vertex -20.35 -27.2665 2
      vertex -19.8323 -23.842 2
      vertex -19.9497 -23.8497 2
    endloop
  endfacet
  facet normal 0 0 1
    outer loop
      vertex -21.5137 -26.4889 2
      vertex -19.9497 -23.8497 2
      vertex -20.0672 -23.842 2
    endloop
  endfacet
  facet normal 0 0 1
    outer loop
      vertex -21.5137 -26.4889 2
      vertex -20.0672 -23.842 2
      vertex -20.1827 -23.8191 2
    endloop
  endfacet
  facet normal 0 0 1
    outer loop
      vertex -21.5137 -26.4889 2
      vertex -20.1827 -23.8191 2
      vertex -20.2942 -23.7812 2
    endloop
  endfacet
  facet normal 0 0 1
    outer loop
      vertex -19.6053 -23.7812 2
      vertex -20.35 -27.2665 2
      vertex -19.0947 -27.8855 2
    endloop
  endfacet
  facet normal 0 0 1
    outer loop
      vertex -21.5137 -26.4889 2
      vertex -20.2942 -23.7812 2
      vertex -20.3997 -23.7292 2
    endloop
  endfacet
  facet normal 0 0 1
    outer loop
      vertex -22.566 -25.566 2
      vertex -20.3997 -23.7292 2
      vertex -20.4976 -23.6638 2
    endloop
  endfacet
  facet normal 0 0 1
    outer loop
      vertex -22.566 -25.566 2
      vertex -20.4976 -23.6638 2
      vertex -20.5861 -23.5861 2
    endloop
  endfacet
  facet normal 0 0 1
    outer loop
      vertex -22.566 -25.566 2
      vertex -20.5861 -23.5861 2
      vertex -20.6638 -23.4976 2
    endloop
  endfacet
  facet normal 0 0 1
    outer loop
      vertex -22.566 -25.566 2
      vertex -20.6638 -23.4976 2
      vertex -20.7292 -23.3997 2
    endloop
  endfacet
  facet normal 0 0 1
    outer loop
      vertex -23.4889 -24.5137 2
      vertex -20.7292 -23.3997 2
      vertex -20.7812 -23.2942 2
    endloop
  endfacet
  facet normal 0 0 1
    outer loop
      vertex -23.4889 -24.5137 2
      vertex -20.7812 -23.2942 2
      vertex -20.8191 -23.1827 2
    endloop
  endfacet
  facet normal 0 0 1
    outer loop
      vertex -23.4889 -24.5137 2
      vertex -20.8191 -23.1827 2
      vertex -20.842 -23.0672 2
    endloop
  endfacet
  facet normal 0 0 1
    outer loop
      vertex -19.9497 -23.8497 2
      vertex -21.5137 -26.4889 2
      vertex -20.35 -27.2665 2
    endloop
  endfacet
  facet normal 0 0 1
    outer loop
      vertex -23.4889 -24.5137 2
      vertex -20.842 -23.0672 2
      vertex -20.8497 -22.9497 2
    endloop
  endfacet
  facet normal 0 0 1
    outer loop
      vertex -20.842 -12.9328 2
      vertex -23.4889 -11.4863 2
      vertex -20.8497 -13.0503 2
    endloop
  endfacet
  facet normal -0 0 1
    outer loop
      vertex -24.2665 -12.65 2
      vertex -20.8497 -13.0503 2
      vertex -23.4889 -11.4863 2
    endloop
  endfacet
  facet normal 0 0 1
    outer loop
      vertex -20.3997 -23.7292 2
      vertex -22.566 -25.566 2
      vertex -21.5137 -26.4889 2
    endloop
  endfacet
  facet normal 0 0 1
    outer loop
      vertex -20.7812 -13.3947 2
      vertex -24.2665 -12.65 2
      vertex -24.8855 -13.9053 2
    endloop
  endfacet
  facet normal 0 0 1
    outer loop
      vertex -20.7292 -23.3997 2
      vertex -23.4889 -24.5137 2
      vertex -22.566 -25.566 2
    endloop
  endfacet
  facet normal 0 0 1
    outer loop
      vertex -20.6638 -13.5981 2
      vertex -24.8855 -13.9053 2
      vertex -25.3354 -15.2306 2
    endloop
  endfacet
  facet normal 0 0 1
    outer loop
      vertex -20.8497 -22.9497 2
      vertex -24.2665 -23.35 2
      vertex -23.4889 -24.5137 2
    endloop
  endfacet
  facet normal 0 0 1
    outer loop
      vertex -20.4976 -13.7643 2
      vertex -25.3354 -15.2306 2
      vertex -25.6085 -16.6034 2
    endloop
  endfacet
  facet normal 0 0 1
    outer loop
      vertex -20.842 -22.8323 2
      vertex -24.2665 -23.35 2
      vertex -20.8497 -22.9497 2
    endloop
  endfacet
  facet normal 0 0 1
    outer loop
      vertex -18.25 -18 2
      vertex -25.6085 -16.6034 2
      vertex -25.7 -18 2
    endloop
  endfacet
  facet normal 0 0 1
    outer loop
      vertex -20.8191 -22.7168 2
      vertex -24.2665 -23.35 2
      vertex -20.842 -22.8323 2
    endloop
  endfacet
  facet normal 0 0 1
    outer loop
      vertex -20.7292 -22.4997 2
      vertex -24.8855 -22.0947 2
      vertex -20.7812 -22.6053 2
    endloop
  endfacet
  facet normal 0 0 1
    outer loop
      vertex -20.7812 -22.6053 2
      vertex -24.2665 -23.35 2
      vertex -20.8191 -22.7168 2
    endloop
  endfacet
  facet normal 0 -0 1
    outer loop
      vertex -24.2665 -23.35 2
      vertex -20.7812 -22.6053 2
      vertex -24.8855 -22.0947 2
    endloop
  endfacet
  facet normal 0.55559 0.831456 -0
    outer loop
      vertex -20.35 -27.2665 2
      vertex -21.5137 -26.4889 4
      vertex -20.35 -27.2665 4
    endloop
  endfacet
  facet normal 0.55559 0.831456 0
    outer loop
      vertex -21.5137 -26.4889 4
      vertex -20.35 -27.2665 2
      vertex -21.5137 -26.4889 2
    endloop
  endfacet
  facet normal -0.0653948 0.997859 0
    outer loop
      vertex -14.5758 -21.2222 0
      vertex -15 -21.25 2
      vertex -14.5758 -21.2222 2
    endloop
  endfacet
  facet normal -0.0653948 0.997859 0
    outer loop
      vertex -15 -21.25 2
      vertex -14.5758 -21.2222 0
      vertex -15 -21.25 0
    endloop
  endfacet
  facet normal -0.980806 -0.194985 0
    outer loop
      vertex -11.7778 -17.5758 0
      vertex -11.8607 -17.1588 2
      vertex -11.8607 -17.1588 0
    endloop
  endfacet
  facet normal -0.980806 -0.194985 0
    outer loop
      vertex -11.8607 -17.1588 2
      vertex -11.7778 -17.5758 0
      vertex -11.7778 -17.5758 2
    endloop
  endfacet
  facet normal -0.997859 -0.0653948 0
    outer loop
      vertex -11.75 -18 0
      vertex -11.7778 -17.5758 2
      vertex -11.7778 -17.5758 0
    endloop
  endfacet
  facet normal -0.997859 -0.0653948 0
    outer loop
      vertex -11.7778 -17.5758 2
      vertex -11.75 -18 0
      vertex -11.75 -18 2
    endloop
  endfacet
  facet normal -0.94688 -0.321586 0
    outer loop
      vertex -11.8607 -17.1588 0
      vertex -11.9974 -16.7563 2
      vertex -11.9974 -16.7563 0
    endloop
  endfacet
  facet normal -0.94688 -0.321586 0
    outer loop
      vertex -11.9974 -16.7563 2
      vertex -11.8607 -17.1588 0
      vertex -11.8607 -17.1588 2
    endloop
  endfacet
  facet normal 0.44222 0.896907 -0
    outer loop
      vertex -16.2437 -21.0026 0
      vertex -16.625 -20.8146 2
      vertex -16.2437 -21.0026 2
    endloop
  endfacet
  facet normal 0.44222 0.896907 0
    outer loop
      vertex -16.625 -20.8146 2
      vertex -16.2437 -21.0026 0
      vertex -16.625 -20.8146 0
    endloop
  endfacet
  facet normal 0.997859 0.0653948 0
    outer loop
      vertex -18.2222 -18.4242 2
      vertex -18.25 -18 0
      vertex -18.25 -18 2
    endloop
  endfacet
  facet normal 0.997859 0.0653948 0
    outer loop
      vertex -18.25 -18 0
      vertex -18.2222 -18.4242 2
      vertex -18.2222 -18.4242 0
    endloop
  endfacet
  facet normal -0.896907 -0.44222 0
    outer loop
      vertex -11.9974 -16.7563 0
      vertex -12.1854 -16.375 2
      vertex -12.1854 -16.375 0
    endloop
  endfacet
  facet normal -0.896907 -0.44222 0
    outer loop
      vertex -12.1854 -16.375 2
      vertex -11.9974 -16.7563 0
      vertex -11.9974 -16.7563 2
    endloop
  endfacet
  facet normal 0.980806 0.194985 0
    outer loop
      vertex -18.1393 -18.8412 2
      vertex -18.2222 -18.4242 0
      vertex -18.2222 -18.4242 2
    endloop
  endfacet
  facet normal 0.980806 0.194985 0
    outer loop
      vertex -18.2222 -18.4242 0
      vertex -18.1393 -18.8412 2
      vertex -18.1393 -18.8412 0
    endloop
  endfacet
  facet normal 0.194985 -0.980806 0
    outer loop
      vertex -15.8412 -14.8607 0
      vertex -15.4242 -14.7778 2
      vertex -15.8412 -14.8607 2
    endloop
  endfacet
  facet normal 0.194985 -0.980806 0
    outer loop
      vertex -15.4242 -14.7778 2
      vertex -15.8412 -14.8607 0
      vertex -15.4242 -14.7778 0
    endloop
  endfacet
  facet normal -0.44222 -0.896907 0
    outer loop
      vertex -13.7563 -14.9974 0
      vertex -13.375 -15.1854 2
      vertex -13.7563 -14.9974 2
    endloop
  endfacet
  facet normal -0.44222 -0.896907 -0
    outer loop
      vertex -13.375 -15.1854 2
      vertex -13.7563 -14.9974 0
      vertex -13.375 -15.1854 0
    endloop
  endfacet
  facet normal 0.0653948 0.997859 -0
    outer loop
      vertex -15 -21.25 0
      vertex -15.4242 -21.2222 2
      vertex -15 -21.25 2
    endloop
  endfacet
  facet normal 0.0653948 0.997859 0
    outer loop
      vertex -15.4242 -21.2222 2
      vertex -15 -21.25 0
      vertex -15.4242 -21.2222 0
    endloop
  endfacet
  facet normal -0.980806 0.194985 0
    outer loop
      vertex -11.8607 -18.8412 0
      vertex -11.7778 -18.4242 2
      vertex -11.7778 -18.4242 0
    endloop
  endfacet
  facet normal -0.980806 0.194985 0
    outer loop
      vertex -11.7778 -18.4242 2
      vertex -11.8607 -18.8412 0
      vertex -11.8607 -18.8412 2
    endloop
  endfacet
  facet normal -0.321586 -0.94688 0
    outer loop
      vertex -14.1588 -14.8607 0
      vertex -13.7563 -14.9974 2
      vertex -14.1588 -14.8607 2
    endloop
  endfacet
  facet normal -0.321586 -0.94688 -0
    outer loop
      vertex -13.7563 -14.9974 2
      vertex -14.1588 -14.8607 0
      vertex -13.7563 -14.9974 0
    endloop
  endfacet
  facet normal -0.831471 -0.555568 0
    outer loop
      vertex -12.1854 -16.375 0
      vertex -12.4216 -16.0215 2
      vertex -12.4216 -16.0215 0
    endloop
  endfacet
  facet normal -0.831471 -0.555568 0
    outer loop
      vertex -12.4216 -16.0215 2
      vertex -12.1854 -16.375 0
      vertex -12.1854 -16.375 2
    endloop
  endfacet
  facet normal -0.751818 -0.65937 0
    outer loop
      vertex -12.4216 -16.0215 0
      vertex -12.7019 -15.7019 2
      vertex -12.7019 -15.7019 0
    endloop
  endfacet
  facet normal -0.751818 -0.65937 0
    outer loop
      vertex -12.7019 -15.7019 2
      vertex -12.4216 -16.0215 0
      vertex -12.4216 -16.0215 2
    endloop
  endfacet
  facet normal -0.321586 0.94688 0
    outer loop
      vertex -13.7563 -21.0026 0
      vertex -14.1588 -21.1393 2
      vertex -13.7563 -21.0026 2
    endloop
  endfacet
  facet normal -0.321586 0.94688 0
    outer loop
      vertex -14.1588 -21.1393 2
      vertex -13.7563 -21.0026 0
      vertex -14.1588 -21.1393 0
    endloop
  endfacet
  facet normal 0.751818 0.65937 0
    outer loop
      vertex -17.2981 -20.2981 2
      vertex -17.5784 -19.9785 0
      vertex -17.5784 -19.9785 2
    endloop
  endfacet
  facet normal 0.751818 0.65937 0
    outer loop
      vertex -17.5784 -19.9785 0
      vertex -17.2981 -20.2981 2
      vertex -17.2981 -20.2981 0
    endloop
  endfacet
  facet normal 0.555568 -0.831471 0
    outer loop
      vertex -16.9785 -15.4216 0
      vertex -16.625 -15.1854 2
      vertex -16.9785 -15.4216 2
    endloop
  endfacet
  facet normal 0.555568 -0.831471 0
    outer loop
      vertex -16.625 -15.1854 2
      vertex -16.9785 -15.4216 0
      vertex -16.625 -15.1854 0
    endloop
  endfacet
  facet normal -0.831471 0.555568 0
    outer loop
      vertex -12.4216 -19.9785 0
      vertex -12.1854 -19.625 2
      vertex -12.1854 -19.625 0
    endloop
  endfacet
  facet normal -0.831471 0.555568 0
    outer loop
      vertex -12.1854 -19.625 2
      vertex -12.4216 -19.9785 0
      vertex -12.4216 -19.9785 2
    endloop
  endfacet
  facet normal 0.896907 -0.44222 0
    outer loop
      vertex -18.0026 -16.7563 2
      vertex -17.8146 -16.375 0
      vertex -17.8146 -16.375 2
    endloop
  endfacet
  facet normal 0.896907 -0.44222 0
    outer loop
      vertex -17.8146 -16.375 0
      vertex -18.0026 -16.7563 2
      vertex -18.0026 -16.7563 0
    endloop
  endfacet
  facet normal -0.997859 0.0653948 0
    outer loop
      vertex -11.7778 -18.4242 0
      vertex -11.75 -18 2
      vertex -11.75 -18 0
    endloop
  endfacet
  facet normal -0.997859 0.0653948 0
    outer loop
      vertex -11.75 -18 2
      vertex -11.7778 -18.4242 0
      vertex -11.7778 -18.4242 2
    endloop
  endfacet
  facet normal -0.751818 0.65937 0
    outer loop
      vertex -12.7019 -20.2981 0
      vertex -12.4216 -19.9785 2
      vertex -12.4216 -19.9785 0
    endloop
  endfacet
  facet normal -0.751818 0.65937 0
    outer loop
      vertex -12.4216 -19.9785 2
      vertex -12.7019 -20.2981 0
      vertex -12.7019 -20.2981 2
    endloop
  endfacet
  facet normal 0.751818 -0.65937 0
    outer loop
      vertex -17.5784 -16.0215 2
      vertex -17.2981 -15.7019 0
      vertex -17.2981 -15.7019 2
    endloop
  endfacet
  facet normal 0.751818 -0.65937 0
    outer loop
      vertex -17.2981 -15.7019 0
      vertex -17.5784 -16.0215 2
      vertex -17.5784 -16.0215 0
    endloop
  endfacet
  facet normal 0.896907 0.44222 0
    outer loop
      vertex -17.8146 -19.625 2
      vertex -18.0026 -19.2437 0
      vertex -18.0026 -19.2437 2
    endloop
  endfacet
  facet normal 0.896907 0.44222 0
    outer loop
      vertex -18.0026 -19.2437 0
      vertex -17.8146 -19.625 2
      vertex -17.8146 -19.625 0
    endloop
  endfacet
  facet normal 0.65937 -0.751818 0
    outer loop
      vertex -17.2981 -15.7019 0
      vertex -16.9785 -15.4216 2
      vertex -17.2981 -15.7019 2
    endloop
  endfacet
  facet normal 0.65937 -0.751818 0
    outer loop
      vertex -16.9785 -15.4216 2
      vertex -17.2981 -15.7019 0
      vertex -16.9785 -15.4216 0
    endloop
  endfacet
  facet normal 0.980806 -0.194985 0
    outer loop
      vertex -18.2222 -17.5758 2
      vertex -18.1393 -17.1588 0
      vertex -18.1393 -17.1588 2
    endloop
  endfacet
  facet normal 0.980806 -0.194985 0
    outer loop
      vertex -18.1393 -17.1588 0
      vertex -18.2222 -17.5758 2
      vertex -18.2222 -17.5758 0
    endloop
  endfacet
  facet normal -0.94688 0.321586 0
    outer loop
      vertex -11.9974 -19.2437 0
      vertex -11.8607 -18.8412 2
      vertex -11.8607 -18.8412 0
    endloop
  endfacet
  facet normal -0.94688 0.321586 0
    outer loop
      vertex -11.8607 -18.8412 2
      vertex -11.9974 -19.2437 0
      vertex -11.9974 -19.2437 2
    endloop
  endfacet
  facet normal 0.44222 -0.896907 0
    outer loop
      vertex -16.625 -15.1854 0
      vertex -16.2437 -14.9974 2
      vertex -16.625 -15.1854 2
    endloop
  endfacet
  facet normal 0.44222 -0.896907 0
    outer loop
      vertex -16.2437 -14.9974 2
      vertex -16.625 -15.1854 0
      vertex -16.2437 -14.9974 0
    endloop
  endfacet
  facet normal 0.194985 0.980806 -0
    outer loop
      vertex -15.4242 -21.2222 0
      vertex -15.8412 -21.1393 2
      vertex -15.4242 -21.2222 2
    endloop
  endfacet
  facet normal 0.194985 0.980806 0
    outer loop
      vertex -15.8412 -21.1393 2
      vertex -15.4242 -21.2222 0
      vertex -15.8412 -21.1393 0
    endloop
  endfacet
  facet normal 0.321586 0.94688 -0
    outer loop
      vertex -15.8412 -21.1393 0
      vertex -16.2437 -21.0026 2
      vertex -15.8412 -21.1393 2
    endloop
  endfacet
  facet normal 0.321586 0.94688 0
    outer loop
      vertex -16.2437 -21.0026 2
      vertex -15.8412 -21.1393 0
      vertex -16.2437 -21.0026 0
    endloop
  endfacet
  facet normal 0.65937 0.751818 -0
    outer loop
      vertex -16.9785 -20.5784 0
      vertex -17.2981 -20.2981 2
      vertex -16.9785 -20.5784 2
    endloop
  endfacet
  facet normal 0.65937 0.751818 0
    outer loop
      vertex -17.2981 -20.2981 2
      vertex -16.9785 -20.5784 0
      vertex -17.2981 -20.2981 0
    endloop
  endfacet
  facet normal -0.896907 0.44222 0
    outer loop
      vertex -12.1854 -19.625 0
      vertex -11.9974 -19.2437 2
      vertex -11.9974 -19.2437 0
    endloop
  endfacet
  facet normal -0.896907 0.44222 0
    outer loop
      vertex -11.9974 -19.2437 2
      vertex -12.1854 -19.625 0
      vertex -12.1854 -19.625 2
    endloop
  endfacet
  facet normal -0.65937 -0.751818 0
    outer loop
      vertex -13.0215 -15.4216 0
      vertex -12.7019 -15.7019 2
      vertex -13.0215 -15.4216 2
    endloop
  endfacet
  facet normal -0.65937 -0.751818 -0
    outer loop
      vertex -12.7019 -15.7019 2
      vertex -13.0215 -15.4216 0
      vertex -12.7019 -15.7019 0
    endloop
  endfacet
  facet normal -0.194985 -0.980806 0
    outer loop
      vertex -14.5758 -14.7778 0
      vertex -14.1588 -14.8607 2
      vertex -14.5758 -14.7778 2
    endloop
  endfacet
  facet normal -0.194985 -0.980806 -0
    outer loop
      vertex -14.1588 -14.8607 2
      vertex -14.5758 -14.7778 0
      vertex -14.1588 -14.8607 0
    endloop
  endfacet
  facet normal 0.94688 -0.321586 0
    outer loop
      vertex -18.1393 -17.1588 2
      vertex -18.0026 -16.7563 0
      vertex -18.0026 -16.7563 2
    endloop
  endfacet
  facet normal 0.94688 -0.321586 0
    outer loop
      vertex -18.0026 -16.7563 0
      vertex -18.1393 -17.1588 2
      vertex -18.1393 -17.1588 0
    endloop
  endfacet
  facet normal -0.555568 -0.831471 0
    outer loop
      vertex -13.375 -15.1854 0
      vertex -13.0215 -15.4216 2
      vertex -13.375 -15.1854 2
    endloop
  endfacet
  facet normal -0.555568 -0.831471 -0
    outer loop
      vertex -13.0215 -15.4216 2
      vertex -13.375 -15.1854 0
      vertex -13.0215 -15.4216 0
    endloop
  endfacet
  facet normal 0.321586 -0.94688 0
    outer loop
      vertex -16.2437 -14.9974 0
      vertex -15.8412 -14.8607 2
      vertex -16.2437 -14.9974 2
    endloop
  endfacet
  facet normal 0.321586 -0.94688 0
    outer loop
      vertex -15.8412 -14.8607 2
      vertex -16.2437 -14.9974 0
      vertex -15.8412 -14.8607 0
    endloop
  endfacet
  facet normal 0.94688 0.321586 0
    outer loop
      vertex -18.0026 -19.2437 2
      vertex -18.1393 -18.8412 0
      vertex -18.1393 -18.8412 2
    endloop
  endfacet
  facet normal 0.94688 0.321586 0
    outer loop
      vertex -18.1393 -18.8412 0
      vertex -18.0026 -19.2437 2
      vertex -18.0026 -19.2437 0
    endloop
  endfacet
  facet normal 0.831471 -0.555568 0
    outer loop
      vertex -17.8146 -16.375 2
      vertex -17.5784 -16.0215 0
      vertex -17.5784 -16.0215 2
    endloop
  endfacet
  facet normal 0.831471 -0.555568 0
    outer loop
      vertex -17.5784 -16.0215 0
      vertex -17.8146 -16.375 2
      vertex -17.8146 -16.375 0
    endloop
  endfacet
  facet normal 0.997859 -0.0653948 0
    outer loop
      vertex -18.25 -18 2
      vertex -18.2222 -17.5758 0
      vertex -18.2222 -17.5758 2
    endloop
  endfacet
  facet normal 0.997859 -0.0653948 0
    outer loop
      vertex -18.2222 -17.5758 0
      vertex -18.25 -18 2
      vertex -18.25 -18 0
    endloop
  endfacet
  facet normal -0.194985 0.980806 0
    outer loop
      vertex -14.1588 -21.1393 0
      vertex -14.5758 -21.2222 2
      vertex -14.1588 -21.1393 2
    endloop
  endfacet
  facet normal -0.194985 0.980806 0
    outer loop
      vertex -14.5758 -21.2222 2
      vertex -14.1588 -21.1393 0
      vertex -14.5758 -21.2222 0
    endloop
  endfacet
  facet normal 0.0653948 -0.997859 0
    outer loop
      vertex -15.4242 -14.7778 0
      vertex -15 -14.75 2
      vertex -15.4242 -14.7778 2
    endloop
  endfacet
  facet normal 0.0653948 -0.997859 0
    outer loop
      vertex -15 -14.75 2
      vertex -15.4242 -14.7778 0
      vertex -15 -14.75 0
    endloop
  endfacet
  facet normal -0.555568 0.831471 0
    outer loop
      vertex -13.0215 -20.5784 0
      vertex -13.375 -20.8146 2
      vertex -13.0215 -20.5784 2
    endloop
  endfacet
  facet normal -0.555568 0.831471 0
    outer loop
      vertex -13.375 -20.8146 2
      vertex -13.0215 -20.5784 0
      vertex -13.375 -20.8146 0
    endloop
  endfacet
  facet normal -0.0653948 -0.997859 0
    outer loop
      vertex -15 -14.75 0
      vertex -14.5758 -14.7778 2
      vertex -15 -14.75 2
    endloop
  endfacet
  facet normal -0.0653948 -0.997859 -0
    outer loop
      vertex -14.5758 -14.7778 2
      vertex -15 -14.75 0
      vertex -14.5758 -14.7778 0
    endloop
  endfacet
  facet normal 0.555568 0.831471 -0
    outer loop
      vertex -16.625 -20.8146 0
      vertex -16.9785 -20.5784 2
      vertex -16.625 -20.8146 2
    endloop
  endfacet
  facet normal 0.555568 0.831471 0
    outer loop
      vertex -16.9785 -20.5784 2
      vertex -16.625 -20.8146 0
      vertex -16.9785 -20.5784 0
    endloop
  endfacet
  facet normal -0.44222 0.896907 0
    outer loop
      vertex -13.375 -20.8146 0
      vertex -13.7563 -21.0026 2
      vertex -13.375 -20.8146 2
    endloop
  endfacet
  facet normal -0.44222 0.896907 0
    outer loop
      vertex -13.7563 -21.0026 2
      vertex -13.375 -20.8146 0
      vertex -13.7563 -21.0026 0
    endloop
  endfacet
  facet normal -0.65937 0.751818 0
    outer loop
      vertex -12.7019 -20.2981 0
      vertex -13.0215 -20.5784 2
      vertex -12.7019 -20.2981 2
    endloop
  endfacet
  facet normal -0.65937 0.751818 0
    outer loop
      vertex -13.0215 -20.5784 2
      vertex -12.7019 -20.2981 0
      vertex -13.0215 -20.5784 0
    endloop
  endfacet
  facet normal 0.831471 0.555568 0
    outer loop
      vertex -17.5784 -19.9785 2
      vertex -17.8146 -19.625 0
      vertex -17.8146 -19.625 2
    endloop
  endfacet
  facet normal 0.831471 0.555568 0
    outer loop
      vertex -17.8146 -19.625 0
      vertex -17.5784 -19.9785 2
      vertex -17.5784 -19.9785 0
    endloop
  endfacet
  facet normal -0.321427 0 0.946934
    outer loop
      vertex -2.66354 -13 0.744296
      vertex -2.50251 -23 0.798956
      vertex -2.50251 -13 0.798956
    endloop
  endfacet
  facet normal -0.321427 0 0.946934
    outer loop
      vertex -2.50251 -23 0.798956
      vertex -2.66354 -13 0.744296
      vertex -2.66354 -23 0.744296
    endloop
  endfacet
  facet normal -0.980779 0 -0.195121
    outer loop
      vertex -1.71112 -23 2.16968
      vertex -1.7443 -13 2.33646
      vertex -1.71112 -13 2.16968
    endloop
  endfacet
  facet normal -0.980779 -0 -0.195121
    outer loop
      vertex -1.7443 -13 2.33646
      vertex -1.71112 -23 2.16968
      vertex -1.7443 -23 2.33646
    endloop
  endfacet
  facet normal -0.997859 0 -0.0653948
    outer loop
      vertex -1.7 -23 2
      vertex -1.71112 -13 2.16968
      vertex -1.7 -13 2
    endloop
  endfacet
  facet normal -0.997859 -0 -0.0653948
    outer loop
      vertex -1.71112 -13 2.16968
      vertex -1.7 -23 2
      vertex -1.71112 -23 2.16968
    endloop
  endfacet
  facet normal -0.946934 0 -0.321427
    outer loop
      vertex -1.7443 -23 2.33646
      vertex -1.79896 -13 2.49749
      vertex -1.7443 -13 2.33646
    endloop
  endfacet
  facet normal -0.946934 -0 -0.321427
    outer loop
      vertex -1.79896 -13 2.49749
      vertex -1.7443 -23 2.33646
      vertex -1.79896 -23 2.49749
    endloop
  endfacet
  facet normal -0.321427 0 -0.946934
    outer loop
      vertex -2.66354 -23 3.2557
      vertex -2.50251 -13 3.20104
      vertex -2.50251 -23 3.20104
    endloop
  endfacet
  facet normal -0.321427 0 -0.946934
    outer loop
      vertex -2.50251 -13 3.20104
      vertex -2.66354 -23 3.2557
      vertex -2.66354 -13 3.2557
    endloop
  endfacet
  facet normal 0.896828 -0.000122534 -0.44238
    outer loop
      vertex -4.12583 -11.8491 2.65
      vertex -4.20104 -11.7105 2.49749
      vertex -4.17468 -11.75 2.55094
    endloop
  endfacet
  facet normal 0.896872 0 -0.442291
    outer loop
      vertex -4.12583 -24.1509 2.65
      vertex -4.20104 -11.7105 2.49749
      vertex -4.12583 -11.8491 2.65
    endloop
  endfacet
  facet normal 0.896828 0.000122534 -0.44238
    outer loop
      vertex -4.20104 -24.2895 2.49749
      vertex -4.12583 -24.1509 2.65
      vertex -4.17468 -24.25 2.55094
    endloop
  endfacet
  facet normal 0.896872 0 -0.442291
    outer loop
      vertex -4.12583 -24.1509 2.65
      vertex -4.20104 -24.2895 2.49749
      vertex -4.20104 -11.7105 2.49749
    endloop
  endfacet
  facet normal -0.83148 0 -0.555555
    outer loop
      vertex -1.87417 -23 2.65
      vertex -1.96864 -13 2.79139
      vertex -1.87417 -13 2.65
    endloop
  endfacet
  facet normal -0.83148 -0 -0.555555
    outer loop
      vertex -1.96864 -13 2.79139
      vertex -1.87417 -23 2.65
      vertex -1.96864 -23 2.79139
    endloop
  endfacet
  facet normal -0.896872 0 -0.442291
    outer loop
      vertex -1.79896 -23 2.49749
      vertex -1.87417 -13 2.65
      vertex -1.79896 -13 2.49749
    endloop
  endfacet
  facet normal -0.896872 -0 -0.442291
    outer loop
      vertex -1.87417 -13 2.65
      vertex -1.79896 -23 2.49749
      vertex -1.87417 -23 2.65
    endloop
  endfacet
  facet normal 0.442306 0 0.896864
    outer loop
      vertex -3.55825 -13 0.828921
      vertex -3.49749 -23 0.798956
      vertex -3.49749 -13 0.798956
    endloop
  endfacet
  facet normal 0.442306 0 0.896864
    outer loop
      vertex -3.55825 -13 0.828921
      vertex -3.55825 -23 0.828921
      vertex -3.49749 -23 0.798956
    endloop
  endfacet
  facet normal 0.44228 0 0.896877
    outer loop
      vertex -3.65 -12.814 0.874166
      vertex -3.55825 -23 0.828921
      vertex -3.55825 -13 0.828921
    endloop
  endfacet
  facet normal 0.44228 0 0.896877
    outer loop
      vertex -3.55825 -23 0.828921
      vertex -3.65 -12.814 0.874166
      vertex -3.65 -23.186 0.874166
    endloop
  endfacet
  facet normal 0.946934 0 -0.321427
    outer loop
      vertex -4.20104 -24.2895 2.49749
      vertex -4.2557 -11.6287 2.33646
      vertex -4.20104 -11.7105 2.49749
    endloop
  endfacet
  facet normal 0.946934 0 -0.321427
    outer loop
      vertex -4.2557 -11.6287 2.33646
      vertex -4.20104 -24.2895 2.49749
      vertex -4.2557 -24.3713 2.33646
    endloop
  endfacet
  facet normal 0.751844 0 -0.659341
    outer loop
      vertex -3.91924 -23.732 2.91924
      vertex -4.03136 -12.0406 2.79139
      vertex -3.91924 -12.268 2.91924
    endloop
  endfacet
  facet normal 0.751844 0 -0.659341
    outer loop
      vertex -4.03136 -12.0406 2.79139
      vertex -3.91924 -23.732 2.91924
      vertex -4.03136 -23.9594 2.79139
    endloop
  endfacet
  facet normal -0.946934 0 0.321427
    outer loop
      vertex -1.79896 -23 1.50251
      vertex -1.7443 -13 1.66354
      vertex -1.79896 -13 1.50251
    endloop
  endfacet
  facet normal -0.946934 0 0.321427
    outer loop
      vertex -1.7443 -13 1.66354
      vertex -1.79896 -23 1.50251
      vertex -1.7443 -23 1.66354
    endloop
  endfacet
  facet normal -0.659341 0 -0.751844
    outer loop
      vertex -2.20861 -23 3.03136
      vertex -2.08076 -13 2.91924
      vertex -2.08076 -23 2.91924
    endloop
  endfacet
  facet normal -0.659341 0 -0.751844
    outer loop
      vertex -2.08076 -13 2.91924
      vertex -2.20861 -23 3.03136
      vertex -2.20861 -13 3.03136
    endloop
  endfacet
  facet normal -0.442291 0 0.896872
    outer loop
      vertex -2.50251 -13 0.798956
      vertex -2.35 -23 0.874166
      vertex -2.35 -13 0.874166
    endloop
  endfacet
  facet normal -0.442291 0 0.896872
    outer loop
      vertex -2.35 -23 0.874166
      vertex -2.50251 -13 0.798956
      vertex -2.50251 -23 0.798956
    endloop
  endfacet
  facet normal 0.442247 0 -0.896893
    outer loop
      vertex -3.49749 -23 3.20104
      vertex -3.55825 -13 3.17108
      vertex -3.49749 -13 3.20104
    endloop
  endfacet
  facet normal 0.442247 0 -0.896893
    outer loop
      vertex -3.55825 -23 3.17108
      vertex -3.55825 -13 3.17108
      vertex -3.49749 -23 3.20104
    endloop
  endfacet
  facet normal 0.442319 0 -0.896858
    outer loop
      vertex -3.65 -23.186 3.12583
      vertex -3.55825 -13 3.17108
      vertex -3.55825 -23 3.17108
    endloop
  endfacet
  facet normal 0.442319 0 -0.896858
    outer loop
      vertex -3.55825 -13 3.17108
      vertex -3.65 -23.186 3.12583
      vertex -3.65 -12.814 3.12583
    endloop
  endfacet
  facet normal -0.83148 0 0.555555
    outer loop
      vertex -1.96864 -23 1.20861
      vertex -1.87417 -13 1.35
      vertex -1.96864 -13 1.20861
    endloop
  endfacet
  facet normal -0.83148 0 0.555555
    outer loop
      vertex -1.87417 -13 1.35
      vertex -1.96864 -23 1.20861
      vertex -1.87417 -23 1.35
    endloop
  endfacet
  facet normal 0.321427 0 0.946934
    outer loop
      vertex -3.49749 -13 0.798956
      vertex -3.33646 -23 0.744296
      vertex -3.33646 -13 0.744296
    endloop
  endfacet
  facet normal 0.321427 0 0.946934
    outer loop
      vertex -3.33646 -23 0.744296
      vertex -3.49749 -13 0.798956
      vertex -3.49749 -23 0.798956
    endloop
  endfacet
  facet normal -0.195087 0 0.980786
    outer loop
      vertex -2.83032 -13 0.711122
      vertex -2.66354 -23 0.744296
      vertex -2.66354 -13 0.744296
    endloop
  endfacet
  facet normal -0.195087 0 0.980786
    outer loop
      vertex -2.66354 -23 0.744296
      vertex -2.83032 -13 0.711122
      vertex -2.83032 -23 0.711122
    endloop
  endfacet
  facet normal -0.0653948 0 -0.997859
    outer loop
      vertex -3 -23 3.3
      vertex -2.83032 -13 3.28888
      vertex -2.83032 -23 3.28888
    endloop
  endfacet
  facet normal -0.0653948 0 -0.997859
    outer loop
      vertex -2.83032 -13 3.28888
      vertex -3 -23 3.3
      vertex -3 -13 3.3
    endloop
  endfacet
  facet normal -0.980779 0 0.195121
    outer loop
      vertex -1.7443 -23 1.66354
      vertex -1.71112 -13 1.83032
      vertex -1.7443 -13 1.66354
    endloop
  endfacet
  facet normal -0.980779 0 0.195121
    outer loop
      vertex -1.71112 -13 1.83032
      vertex -1.7443 -23 1.66354
      vertex -1.71112 -23 1.83032
    endloop
  endfacet
  facet normal 0.659341 0 0.751844
    outer loop
      vertex -3.91924 -12.268 1.08076
      vertex -3.79139 -23.4728 0.96864
      vertex -3.79139 -12.5272 0.96864
    endloop
  endfacet
  facet normal 0.659341 0 0.751844
    outer loop
      vertex -3.79139 -23.4728 0.96864
      vertex -3.91924 -12.268 1.08076
      vertex -3.91924 -23.732 1.08076
    endloop
  endfacet
  facet normal -0.555571 0 0.831469
    outer loop
      vertex -2.35 -13 0.874166
      vertex -2.20861 -23 0.96864
      vertex -2.20861 -13 0.96864
    endloop
  endfacet
  facet normal -0.555571 0 0.831469
    outer loop
      vertex -2.20861 -23 0.96864
      vertex -2.35 -13 0.874166
      vertex -2.35 -23 0.874166
    endloop
  endfacet
  facet normal -0.555555 0 -0.83148
    outer loop
      vertex -2.35 -23 3.12583
      vertex -2.20861 -13 3.03136
      vertex -2.20861 -23 3.03136
    endloop
  endfacet
  facet normal -0.555555 0 -0.83148
    outer loop
      vertex -2.20861 -13 3.03136
      vertex -2.35 -23 3.12583
      vertex -2.35 -13 3.12583
    endloop
  endfacet
  facet normal -0.896872 0 0.442291
    outer loop
      vertex -1.87417 -23 1.35
      vertex -1.79896 -13 1.50251
      vertex -1.87417 -13 1.35
    endloop
  endfacet
  facet normal -0.896872 0 0.442291
    outer loop
      vertex -1.79896 -13 1.50251
      vertex -1.87417 -23 1.35
      vertex -1.79896 -23 1.50251
    endloop
  endfacet
  facet normal 0.555555 0 -0.83148
    outer loop
      vertex -3.79139 -23.4728 3.03136
      vertex -3.65 -12.814 3.12583
      vertex -3.65 -23.186 3.12583
    endloop
  endfacet
  facet normal 0.555555 0 -0.83148
    outer loop
      vertex -3.65 -12.814 3.12583
      vertex -3.79139 -23.4728 3.03136
      vertex -3.79139 -12.5272 3.03136
    endloop
  endfacet
  facet normal -0.751844 0 0.659341
    outer loop
      vertex -2.08076 -23 1.08076
      vertex -1.96864 -13 1.20861
      vertex -2.08076 -13 1.08076
    endloop
  endfacet
  facet normal -0.751844 0 0.659341
    outer loop
      vertex -1.96864 -13 1.20861
      vertex -2.08076 -23 1.08076
      vertex -1.96864 -23 1.20861
    endloop
  endfacet
  facet normal -0.195121 0 -0.980779
    outer loop
      vertex -2.83032 -23 3.28888
      vertex -2.66354 -13 3.2557
      vertex -2.66354 -23 3.2557
    endloop
  endfacet
  facet normal -0.195121 0 -0.980779
    outer loop
      vertex -2.66354 -13 3.2557
      vertex -2.83032 -23 3.28888
      vertex -2.83032 -13 3.28888
    endloop
  endfacet
  facet normal 0.997859 0 -0.0653948
    outer loop
      vertex -4.28888 -11.5791 2.16968
      vertex -4.3 -18 2
      vertex -4.3 -11.5624 2
    endloop
  endfacet
  facet normal 0.997859 0 -0.0653948
    outer loop
      vertex -4.28888 -24.4209 2.16968
      vertex -4.3 -18 2
      vertex -4.28888 -11.5791 2.16968
    endloop
  endfacet
  facet normal 0.997859 0 -0.0653948
    outer loop
      vertex -4.3 -18 2
      vertex -4.28888 -24.4209 2.16968
      vertex -4.3 -24.4376 2
    endloop
  endfacet
  facet normal 0.659341 0 -0.751844
    outer loop
      vertex -3.91924 -23.732 2.91924
      vertex -3.79139 -12.5272 3.03136
      vertex -3.79139 -23.4728 3.03136
    endloop
  endfacet
  facet normal 0.659341 0 -0.751844
    outer loop
      vertex -3.79139 -12.5272 3.03136
      vertex -3.91924 -23.732 2.91924
      vertex -3.91924 -12.268 2.91924
    endloop
  endfacet
  facet normal 0.321427 0 -0.946934
    outer loop
      vertex -3.49749 -23 3.20104
      vertex -3.33646 -13 3.2557
      vertex -3.33646 -23 3.2557
    endloop
  endfacet
  facet normal 0.321427 0 -0.946934
    outer loop
      vertex -3.33646 -13 3.2557
      vertex -3.49749 -23 3.20104
      vertex -3.49749 -13 3.20104
    endloop
  endfacet
  facet normal -0.997859 0 0.0653948
    outer loop
      vertex -1.71112 -23 1.83032
      vertex -1.7 -13 2
      vertex -1.71112 -13 1.83032
    endloop
  endfacet
  facet normal -0.997859 0 0.0653948
    outer loop
      vertex -1.7 -13 2
      vertex -1.71112 -23 1.83032
      vertex -1.7 -23 2
    endloop
  endfacet
  facet normal 0.980779 0 0.195121
    outer loop
      vertex -4.28888 -11.5791 1.83032
      vertex -4.2557 -24.3713 1.66354
      vertex -4.2557 -11.6287 1.66354
    endloop
  endfacet
  facet normal 0.980779 0 0.195121
    outer loop
      vertex -4.2557 -24.3713 1.66354
      vertex -4.28888 -11.5791 1.83032
      vertex -4.28888 -24.4209 1.83032
    endloop
  endfacet
  facet normal -0.0654066 0 0.997859
    outer loop
      vertex -3 -13 0.7
      vertex -2.83032 -23 0.711122
      vertex -2.83032 -13 0.711122
    endloop
  endfacet
  facet normal -0.0654066 0 0.997859
    outer loop
      vertex -2.83032 -23 0.711122
      vertex -3 -13 0.7
      vertex -3 -23 0.7
    endloop
  endfacet
  facet normal 0.896828 -0.000122534 0.44238
    outer loop
      vertex -4.20104 -11.7105 1.50251
      vertex -4.12583 -11.8491 1.35
      vertex -4.17468 -11.75 1.44906
    endloop
  endfacet
  facet normal 0.896872 0 0.442291
    outer loop
      vertex -4.20104 -11.7105 1.50251
      vertex -4.12583 -24.1509 1.35
      vertex -4.12583 -11.8491 1.35
    endloop
  endfacet
  facet normal 0.896872 -0 0.442291
    outer loop
      vertex -4.20104 -24.2895 1.50251
      vertex -4.12583 -24.1509 1.35
      vertex -4.20104 -11.7105 1.50251
    endloop
  endfacet
  facet normal 0.896828 0.000122534 0.44238
    outer loop
      vertex -4.12583 -24.1509 1.35
      vertex -4.20104 -24.2895 1.50251
      vertex -4.17468 -24.25 1.44906
    endloop
  endfacet
  facet normal 0.83148 0 0.555555
    outer loop
      vertex -4.12583 -11.8491 1.35
      vertex -4.03136 -23.9594 1.20861
      vertex -4.03136 -12.0406 1.20861
    endloop
  endfacet
  facet normal 0.83148 0 0.555555
    outer loop
      vertex -4.03136 -23.9594 1.20861
      vertex -4.12583 -11.8491 1.35
      vertex -4.12583 -24.1509 1.35
    endloop
  endfacet
  facet normal 0.0653948 0 -0.997859
    outer loop
      vertex -3.16968 -23 3.28888
      vertex -3 -13 3.3
      vertex -3 -23 3.3
    endloop
  endfacet
  facet normal 0.0653948 0 -0.997859
    outer loop
      vertex -3 -13 3.3
      vertex -3.16968 -23 3.28888
      vertex -3.16968 -13 3.28888
    endloop
  endfacet
  facet normal 0.751844 0 0.659341
    outer loop
      vertex -4.03136 -12.0406 1.20861
      vertex -3.91924 -23.732 1.08076
      vertex -3.91924 -12.268 1.08076
    endloop
  endfacet
  facet normal 0.751844 0 0.659341
    outer loop
      vertex -3.91924 -23.732 1.08076
      vertex -4.03136 -12.0406 1.20861
      vertex -4.03136 -23.9594 1.20861
    endloop
  endfacet
  facet normal -0.442291 0 -0.896872
    outer loop
      vertex -2.50251 -23 3.20104
      vertex -2.35 -13 3.12583
      vertex -2.35 -23 3.12583
    endloop
  endfacet
  facet normal -0.442291 0 -0.896872
    outer loop
      vertex -2.35 -13 3.12583
      vertex -2.50251 -23 3.20104
      vertex -2.50251 -13 3.20104
    endloop
  endfacet
  facet normal 0.946934 0 0.321427
    outer loop
      vertex -4.2557 -11.6287 1.66354
      vertex -4.20104 -24.2895 1.50251
      vertex -4.20104 -11.7105 1.50251
    endloop
  endfacet
  facet normal 0.946934 0 0.321427
    outer loop
      vertex -4.20104 -24.2895 1.50251
      vertex -4.2557 -11.6287 1.66354
      vertex -4.2557 -24.3713 1.66354
    endloop
  endfacet
  facet normal 0.195121 0 -0.980779
    outer loop
      vertex -3.33646 -23 3.2557
      vertex -3.16968 -13 3.28888
      vertex -3.16968 -23 3.28888
    endloop
  endfacet
  facet normal 0.195121 0 -0.980779
    outer loop
      vertex -3.16968 -13 3.28888
      vertex -3.33646 -23 3.2557
      vertex -3.33646 -13 3.2557
    endloop
  endfacet
  facet normal 0.997859 -0 0.0653948
    outer loop
      vertex -4.3 -18 2
      vertex -4.28888 -11.5791 1.83032
      vertex -4.3 -11.5624 2
    endloop
  endfacet
  facet normal 0.997859 0 0.0653948
    outer loop
      vertex -4.3 -18 2
      vertex -4.28888 -24.4209 1.83032
      vertex -4.28888 -11.5791 1.83032
    endloop
  endfacet
  facet normal 0.997859 0 0.0653948
    outer loop
      vertex -4.28888 -24.4209 1.83032
      vertex -4.3 -18 2
      vertex -4.3 -24.4376 2
    endloop
  endfacet
  facet normal 0.195087 0 0.980786
    outer loop
      vertex -3.33646 -13 0.744296
      vertex -3.16968 -23 0.711122
      vertex -3.16968 -13 0.711122
    endloop
  endfacet
  facet normal 0.195087 0 0.980786
    outer loop
      vertex -3.16968 -23 0.711122
      vertex -3.33646 -13 0.744296
      vertex -3.33646 -23 0.744296
    endloop
  endfacet
  facet normal -0.751844 0 -0.659341
    outer loop
      vertex -1.96864 -23 2.79139
      vertex -2.08076 -13 2.91924
      vertex -1.96864 -13 2.79139
    endloop
  endfacet
  facet normal -0.751844 -0 -0.659341
    outer loop
      vertex -2.08076 -13 2.91924
      vertex -1.96864 -23 2.79139
      vertex -2.08076 -23 2.91924
    endloop
  endfacet
  facet normal 0.83148 0 -0.555555
    outer loop
      vertex -4.03136 -23.9594 2.79139
      vertex -4.12583 -11.8491 2.65
      vertex -4.03136 -12.0406 2.79139
    endloop
  endfacet
  facet normal 0.83148 0 -0.555555
    outer loop
      vertex -4.12583 -11.8491 2.65
      vertex -4.03136 -23.9594 2.79139
      vertex -4.12583 -24.1509 2.65
    endloop
  endfacet
  facet normal 0.555571 0 0.831469
    outer loop
      vertex -3.79139 -12.5272 0.96864
      vertex -3.65 -23.186 0.874166
      vertex -3.65 -12.814 0.874166
    endloop
  endfacet
  facet normal 0.555571 0 0.831469
    outer loop
      vertex -3.65 -23.186 0.874166
      vertex -3.79139 -12.5272 0.96864
      vertex -3.79139 -23.4728 0.96864
    endloop
  endfacet
  facet normal 0.980779 0 -0.195121
    outer loop
      vertex -4.2557 -24.3713 2.33646
      vertex -4.28888 -11.5791 2.16968
      vertex -4.2557 -11.6287 2.33646
    endloop
  endfacet
  facet normal 0.980779 0 -0.195121
    outer loop
      vertex -4.28888 -11.5791 2.16968
      vertex -4.2557 -24.3713 2.33646
      vertex -4.28888 -24.4209 2.16968
    endloop
  endfacet
  facet normal 0.0654066 0 0.997859
    outer loop
      vertex -3.16968 -13 0.711122
      vertex -3 -23 0.7
      vertex -3 -13 0.7
    endloop
  endfacet
  facet normal 0.0654066 0 0.997859
    outer loop
      vertex -3 -23 0.7
      vertex -3.16968 -13 0.711122
      vertex -3.16968 -23 0.711122
    endloop
  endfacet
  facet normal -0.659341 0 0.751844
    outer loop
      vertex -2.20861 -13 0.96864
      vertex -2.08076 -23 1.08076
      vertex -2.08076 -13 1.08076
    endloop
  endfacet
  facet normal -0.659341 0 0.751844
    outer loop
      vertex -2.08076 -23 1.08076
      vertex -2.20861 -13 0.96864
      vertex -2.20861 -23 0.96864
    endloop
  endfacet
endsolid OpenSCAD_Model
